rownames,condition
1,Prematurity
2,Prematurity
3,Prematurity
4,Prematurity
5,Prematurity
6,Prematurity
7,Prematurity
8,Prematurity
9,Prematurity
10,Prematurity
11,Prematurity
12,Prematurity
13,Prematurity
14,Prematurity
15,Prematurity
16,Prematurity
17,Prematurity
18,Prematurity
19,Prematurity
20,Prematurity
21,Prematurity
22,Prematurity
23,Prematurity
24,Prematurity
25,Prematurity
26,Prematurity
27,Prematurity
28,Prematurity
29,Prematurity
30,Prematurity
31,Prematurity
32,Prematurity
33,Prematurity
34,Neuromuscular
35,Neuromuscular
36,Neuromuscular
37,Neuromuscular
38,Neuromuscular
39,Neuromuscular
40,Neuromuscular
41,Neuromuscular
42,Neuromuscular
43,Neuromuscular
44,Cardiovascular
45,Cardiovascular
46,Cardiovascular
47,Cardiovascular
48,Cardiovascular
49,Cardiovascular
50,Cardiovascular
51,Cardiovascular
52,Cardiovascular
53,Cardiovascular
54,Cardiovascular
55,Cardiovascular
56,Cardiovascular
57,Cardiovascular
58,Cardiovascular
59,Cardiovascular
60,Genetic/metabolic
61,Genetic/metabolic
62,Genetic/metabolic
63,Genetic/metabolic
64,Genetic/metabolic
65,Genetic/metabolic
66,Respiratory
67,Respiratory
68,Respiratory
69,Respiratory
70,Respiratory
71,Respiratory
72,Respiratory
73,Respiratory
74,Respiratory
75,Respiratory
76,Respiratory
77,Respiratory
78,Respiratory
79,Trauma
80,Trauma
81,Trauma
82,Trauma
83,Trauma
84,Trauma
85,Trauma
86,Trauma
87,Trauma
88,Trauma
89,Gastrointestinal
90,Gastrointestinal
91,Immunocompromised
92,Immunocompromised
