rownames,group,outcome
1,vaccine,no COVID-19
2,vaccine,no COVID-19
3,vaccine,no COVID-19
4,vaccine,no COVID-19
5,vaccine,no COVID-19
6,vaccine,no COVID-19
7,vaccine,no COVID-19
8,vaccine,no COVID-19
9,vaccine,no COVID-19
10,vaccine,no COVID-19
11,vaccine,no COVID-19
12,vaccine,no COVID-19
13,vaccine,no COVID-19
14,vaccine,no COVID-19
15,vaccine,no COVID-19
16,vaccine,no COVID-19
17,vaccine,no COVID-19
18,vaccine,no COVID-19
19,vaccine,no COVID-19
20,vaccine,no COVID-19
21,vaccine,no COVID-19
22,vaccine,no COVID-19
23,vaccine,no COVID-19
24,vaccine,no COVID-19
25,vaccine,no COVID-19
26,vaccine,no COVID-19
27,vaccine,no COVID-19
28,vaccine,no COVID-19
29,vaccine,no COVID-19
30,vaccine,no COVID-19
31,vaccine,no COVID-19
32,vaccine,no COVID-19
33,vaccine,no COVID-19
34,vaccine,no COVID-19
35,vaccine,no COVID-19
36,vaccine,no COVID-19
37,vaccine,no COVID-19
38,vaccine,no COVID-19
39,vaccine,no COVID-19
40,vaccine,no COVID-19
41,vaccine,no COVID-19
42,vaccine,no COVID-19
43,vaccine,no COVID-19
44,vaccine,no COVID-19
45,vaccine,no COVID-19
46,vaccine,no COVID-19
47,vaccine,no COVID-19
48,vaccine,no COVID-19
49,vaccine,no COVID-19
50,vaccine,no COVID-19
51,vaccine,no COVID-19
52,vaccine,no COVID-19
53,vaccine,no COVID-19
54,vaccine,no COVID-19
55,vaccine,no COVID-19
56,vaccine,no COVID-19
57,vaccine,no COVID-19
58,vaccine,no COVID-19
59,vaccine,no COVID-19
60,vaccine,no COVID-19
61,vaccine,no COVID-19
62,vaccine,no COVID-19
63,vaccine,no COVID-19
64,vaccine,no COVID-19
65,vaccine,no COVID-19
66,vaccine,no COVID-19
67,vaccine,no COVID-19
68,vaccine,no COVID-19
69,vaccine,no COVID-19
70,vaccine,no COVID-19
71,vaccine,no COVID-19
72,vaccine,no COVID-19
73,vaccine,no COVID-19
74,vaccine,no COVID-19
75,vaccine,no COVID-19
76,vaccine,no COVID-19
77,vaccine,no COVID-19
78,vaccine,no COVID-19
79,vaccine,no COVID-19
80,vaccine,no COVID-19
81,vaccine,no COVID-19
82,vaccine,no COVID-19
83,vaccine,no COVID-19
84,vaccine,no COVID-19
85,vaccine,no COVID-19
86,vaccine,no COVID-19
87,vaccine,no COVID-19
88,vaccine,no COVID-19
89,vaccine,no COVID-19
90,vaccine,no COVID-19
91,vaccine,no COVID-19
92,vaccine,no COVID-19
93,vaccine,no COVID-19
94,vaccine,no COVID-19
95,vaccine,no COVID-19
96,vaccine,no COVID-19
97,vaccine,no COVID-19
98,vaccine,no COVID-19
99,vaccine,no COVID-19
100,vaccine,no COVID-19
101,vaccine,no COVID-19
102,vaccine,no COVID-19
103,vaccine,no COVID-19
104,vaccine,no COVID-19
105,vaccine,no COVID-19
106,vaccine,no COVID-19
107,vaccine,no COVID-19
108,vaccine,no COVID-19
109,vaccine,no COVID-19
110,vaccine,no COVID-19
111,vaccine,no COVID-19
112,vaccine,no COVID-19
113,vaccine,no COVID-19
114,vaccine,no COVID-19
115,vaccine,no COVID-19
116,vaccine,no COVID-19
117,vaccine,no COVID-19
118,vaccine,no COVID-19
119,vaccine,no COVID-19
120,vaccine,no COVID-19
121,vaccine,no COVID-19
122,vaccine,no COVID-19
123,vaccine,no COVID-19
124,vaccine,no COVID-19
125,vaccine,no COVID-19
126,vaccine,no COVID-19
127,vaccine,no COVID-19
128,vaccine,no COVID-19
129,vaccine,no COVID-19
130,vaccine,no COVID-19
131,vaccine,no COVID-19
132,vaccine,no COVID-19
133,vaccine,no COVID-19
134,vaccine,no COVID-19
135,vaccine,no COVID-19
136,vaccine,no COVID-19
137,vaccine,no COVID-19
138,vaccine,no COVID-19
139,vaccine,no COVID-19
140,vaccine,no COVID-19
141,vaccine,no COVID-19
142,vaccine,no COVID-19
143,vaccine,no COVID-19
144,vaccine,no COVID-19
145,vaccine,no COVID-19
146,vaccine,no COVID-19
147,vaccine,no COVID-19
148,vaccine,no COVID-19
149,vaccine,no COVID-19
150,vaccine,no COVID-19
151,vaccine,no COVID-19
152,vaccine,no COVID-19
153,vaccine,no COVID-19
154,vaccine,no COVID-19
155,vaccine,no COVID-19
156,vaccine,no COVID-19
157,vaccine,no COVID-19
158,vaccine,no COVID-19
159,vaccine,no COVID-19
160,vaccine,no COVID-19
161,vaccine,no COVID-19
162,vaccine,no COVID-19
163,vaccine,no COVID-19
164,vaccine,no COVID-19
165,vaccine,no COVID-19
166,vaccine,no COVID-19
167,vaccine,no COVID-19
168,vaccine,no COVID-19
169,vaccine,no COVID-19
170,vaccine,no COVID-19
171,vaccine,no COVID-19
172,vaccine,no COVID-19
173,vaccine,no COVID-19
174,vaccine,no COVID-19
175,vaccine,no COVID-19
176,vaccine,no COVID-19
177,vaccine,no COVID-19
178,vaccine,no COVID-19
179,vaccine,no COVID-19
180,vaccine,no COVID-19
181,vaccine,no COVID-19
182,vaccine,no COVID-19
183,vaccine,no COVID-19
184,vaccine,no COVID-19
185,vaccine,no COVID-19
186,vaccine,no COVID-19
187,vaccine,no COVID-19
188,vaccine,no COVID-19
189,vaccine,no COVID-19
190,vaccine,no COVID-19
191,vaccine,no COVID-19
192,vaccine,no COVID-19
193,vaccine,no COVID-19
194,vaccine,no COVID-19
195,vaccine,no COVID-19
196,vaccine,no COVID-19
197,vaccine,no COVID-19
198,vaccine,no COVID-19
199,vaccine,no COVID-19
200,vaccine,no COVID-19
201,vaccine,no COVID-19
202,vaccine,no COVID-19
203,vaccine,no COVID-19
204,vaccine,no COVID-19
205,vaccine,no COVID-19
206,vaccine,no COVID-19
207,vaccine,no COVID-19
208,vaccine,no COVID-19
209,vaccine,no COVID-19
210,vaccine,no COVID-19
211,vaccine,no COVID-19
212,vaccine,no COVID-19
213,vaccine,no COVID-19
214,vaccine,no COVID-19
215,vaccine,no COVID-19
216,vaccine,no COVID-19
217,vaccine,no COVID-19
218,vaccine,no COVID-19
219,vaccine,no COVID-19
220,vaccine,no COVID-19
221,vaccine,no COVID-19
222,vaccine,no COVID-19
223,vaccine,no COVID-19
224,vaccine,no COVID-19
225,vaccine,no COVID-19
226,vaccine,no COVID-19
227,vaccine,no COVID-19
228,vaccine,no COVID-19
229,vaccine,no COVID-19
230,vaccine,no COVID-19
231,vaccine,no COVID-19
232,vaccine,no COVID-19
233,vaccine,no COVID-19
234,vaccine,no COVID-19
235,vaccine,no COVID-19
236,vaccine,no COVID-19
237,vaccine,no COVID-19
238,vaccine,no COVID-19
239,vaccine,no COVID-19
240,vaccine,no COVID-19
241,vaccine,no COVID-19
242,vaccine,no COVID-19
243,vaccine,no COVID-19
244,vaccine,no COVID-19
245,vaccine,no COVID-19
246,vaccine,no COVID-19
247,vaccine,no COVID-19
248,vaccine,no COVID-19
249,vaccine,no COVID-19
250,vaccine,no COVID-19
251,vaccine,no COVID-19
252,vaccine,no COVID-19
253,vaccine,no COVID-19
254,vaccine,no COVID-19
255,vaccine,no COVID-19
256,vaccine,no COVID-19
257,vaccine,no COVID-19
258,vaccine,no COVID-19
259,vaccine,no COVID-19
260,vaccine,no COVID-19
261,vaccine,no COVID-19
262,vaccine,no COVID-19
263,vaccine,no COVID-19
264,vaccine,no COVID-19
265,vaccine,no COVID-19
266,vaccine,no COVID-19
267,vaccine,no COVID-19
268,vaccine,no COVID-19
269,vaccine,no COVID-19
270,vaccine,no COVID-19
271,vaccine,no COVID-19
272,vaccine,no COVID-19
273,vaccine,no COVID-19
274,vaccine,no COVID-19
275,vaccine,no COVID-19
276,vaccine,no COVID-19
277,vaccine,no COVID-19
278,vaccine,no COVID-19
279,vaccine,no COVID-19
280,vaccine,no COVID-19
281,vaccine,no COVID-19
282,vaccine,no COVID-19
283,vaccine,no COVID-19
284,vaccine,no COVID-19
285,vaccine,no COVID-19
286,vaccine,no COVID-19
287,vaccine,no COVID-19
288,vaccine,no COVID-19
289,vaccine,no COVID-19
290,vaccine,no COVID-19
291,vaccine,no COVID-19
292,vaccine,no COVID-19
293,vaccine,no COVID-19
294,vaccine,no COVID-19
295,vaccine,no COVID-19
296,vaccine,no COVID-19
297,vaccine,no COVID-19
298,vaccine,no COVID-19
299,vaccine,no COVID-19
300,vaccine,no COVID-19
301,vaccine,no COVID-19
302,vaccine,no COVID-19
303,vaccine,no COVID-19
304,vaccine,no COVID-19
305,vaccine,no COVID-19
306,vaccine,no COVID-19
307,vaccine,no COVID-19
308,vaccine,no COVID-19
309,vaccine,no COVID-19
310,vaccine,no COVID-19
311,vaccine,no COVID-19
312,vaccine,no COVID-19
313,vaccine,no COVID-19
314,vaccine,no COVID-19
315,vaccine,no COVID-19
316,vaccine,no COVID-19
317,vaccine,no COVID-19
318,vaccine,no COVID-19
319,vaccine,no COVID-19
320,vaccine,no COVID-19
321,vaccine,no COVID-19
322,vaccine,no COVID-19
323,vaccine,no COVID-19
324,vaccine,no COVID-19
325,vaccine,no COVID-19
326,vaccine,no COVID-19
327,vaccine,no COVID-19
328,vaccine,no COVID-19
329,vaccine,no COVID-19
330,vaccine,no COVID-19
331,vaccine,no COVID-19
332,vaccine,no COVID-19
333,vaccine,no COVID-19
334,vaccine,no COVID-19
335,vaccine,no COVID-19
336,vaccine,no COVID-19
337,vaccine,no COVID-19
338,vaccine,no COVID-19
339,vaccine,no COVID-19
340,vaccine,no COVID-19
341,vaccine,no COVID-19
342,vaccine,no COVID-19
343,vaccine,no COVID-19
344,vaccine,no COVID-19
345,vaccine,no COVID-19
346,vaccine,no COVID-19
347,vaccine,no COVID-19
348,vaccine,no COVID-19
349,vaccine,no COVID-19
350,vaccine,no COVID-19
351,vaccine,no COVID-19
352,vaccine,no COVID-19
353,vaccine,no COVID-19
354,vaccine,no COVID-19
355,vaccine,no COVID-19
356,vaccine,no COVID-19
357,vaccine,no COVID-19
358,vaccine,no COVID-19
359,vaccine,no COVID-19
360,vaccine,no COVID-19
361,vaccine,no COVID-19
362,vaccine,no COVID-19
363,vaccine,no COVID-19
364,vaccine,no COVID-19
365,vaccine,no COVID-19
366,vaccine,no COVID-19
367,vaccine,no COVID-19
368,vaccine,no COVID-19
369,vaccine,no COVID-19
370,vaccine,no COVID-19
371,vaccine,no COVID-19
372,vaccine,no COVID-19
373,vaccine,no COVID-19
374,vaccine,no COVID-19
375,vaccine,no COVID-19
376,vaccine,no COVID-19
377,vaccine,no COVID-19
378,vaccine,no COVID-19
379,vaccine,no COVID-19
380,vaccine,no COVID-19
381,vaccine,no COVID-19
382,vaccine,no COVID-19
383,vaccine,no COVID-19
384,vaccine,no COVID-19
385,vaccine,no COVID-19
386,vaccine,no COVID-19
387,vaccine,no COVID-19
388,vaccine,no COVID-19
389,vaccine,no COVID-19
390,vaccine,no COVID-19
391,vaccine,no COVID-19
392,vaccine,no COVID-19
393,vaccine,no COVID-19
394,vaccine,no COVID-19
395,vaccine,no COVID-19
396,vaccine,no COVID-19
397,vaccine,no COVID-19
398,vaccine,no COVID-19
399,vaccine,no COVID-19
400,vaccine,no COVID-19
401,vaccine,no COVID-19
402,vaccine,no COVID-19
403,vaccine,no COVID-19
404,vaccine,no COVID-19
405,vaccine,no COVID-19
406,vaccine,no COVID-19
407,vaccine,no COVID-19
408,vaccine,no COVID-19
409,vaccine,no COVID-19
410,vaccine,no COVID-19
411,vaccine,no COVID-19
412,vaccine,no COVID-19
413,vaccine,no COVID-19
414,vaccine,no COVID-19
415,vaccine,no COVID-19
416,vaccine,no COVID-19
417,vaccine,no COVID-19
418,vaccine,no COVID-19
419,vaccine,no COVID-19
420,vaccine,no COVID-19
421,vaccine,no COVID-19
422,vaccine,no COVID-19
423,vaccine,no COVID-19
424,vaccine,no COVID-19
425,vaccine,no COVID-19
426,vaccine,no COVID-19
427,vaccine,no COVID-19
428,vaccine,no COVID-19
429,vaccine,no COVID-19
430,vaccine,no COVID-19
431,vaccine,no COVID-19
432,vaccine,no COVID-19
433,vaccine,no COVID-19
434,vaccine,no COVID-19
435,vaccine,no COVID-19
436,vaccine,no COVID-19
437,vaccine,no COVID-19
438,vaccine,no COVID-19
439,vaccine,no COVID-19
440,vaccine,no COVID-19
441,vaccine,no COVID-19
442,vaccine,no COVID-19
443,vaccine,no COVID-19
444,vaccine,no COVID-19
445,vaccine,no COVID-19
446,vaccine,no COVID-19
447,vaccine,no COVID-19
448,vaccine,no COVID-19
449,vaccine,no COVID-19
450,vaccine,no COVID-19
451,vaccine,no COVID-19
452,vaccine,no COVID-19
453,vaccine,no COVID-19
454,vaccine,no COVID-19
455,vaccine,no COVID-19
456,vaccine,no COVID-19
457,vaccine,no COVID-19
458,vaccine,no COVID-19
459,vaccine,no COVID-19
460,vaccine,no COVID-19
461,vaccine,no COVID-19
462,vaccine,no COVID-19
463,vaccine,no COVID-19
464,vaccine,no COVID-19
465,vaccine,no COVID-19
466,vaccine,no COVID-19
467,vaccine,no COVID-19
468,vaccine,no COVID-19
469,vaccine,no COVID-19
470,vaccine,no COVID-19
471,vaccine,no COVID-19
472,vaccine,no COVID-19
473,vaccine,no COVID-19
474,vaccine,no COVID-19
475,vaccine,no COVID-19
476,vaccine,no COVID-19
477,vaccine,no COVID-19
478,vaccine,no COVID-19
479,vaccine,no COVID-19
480,vaccine,no COVID-19
481,vaccine,no COVID-19
482,vaccine,no COVID-19
483,vaccine,no COVID-19
484,vaccine,no COVID-19
485,vaccine,no COVID-19
486,vaccine,no COVID-19
487,vaccine,no COVID-19
488,vaccine,no COVID-19
489,vaccine,no COVID-19
490,vaccine,no COVID-19
491,vaccine,no COVID-19
492,vaccine,no COVID-19
493,vaccine,no COVID-19
494,vaccine,no COVID-19
495,vaccine,no COVID-19
496,vaccine,no COVID-19
497,vaccine,no COVID-19
498,vaccine,no COVID-19
499,vaccine,no COVID-19
500,vaccine,no COVID-19
501,vaccine,no COVID-19
502,vaccine,no COVID-19
503,vaccine,no COVID-19
504,vaccine,no COVID-19
505,vaccine,no COVID-19
506,vaccine,no COVID-19
507,vaccine,no COVID-19
508,vaccine,no COVID-19
509,vaccine,no COVID-19
510,vaccine,no COVID-19
511,vaccine,no COVID-19
512,vaccine,no COVID-19
513,vaccine,no COVID-19
514,vaccine,no COVID-19
515,vaccine,no COVID-19
516,vaccine,no COVID-19
517,vaccine,no COVID-19
518,vaccine,no COVID-19
519,vaccine,no COVID-19
520,vaccine,no COVID-19
521,vaccine,no COVID-19
522,vaccine,no COVID-19
523,vaccine,no COVID-19
524,vaccine,no COVID-19
525,vaccine,no COVID-19
526,vaccine,no COVID-19
527,vaccine,no COVID-19
528,vaccine,no COVID-19
529,vaccine,no COVID-19
530,vaccine,no COVID-19
531,vaccine,no COVID-19
532,vaccine,no COVID-19
533,vaccine,no COVID-19
534,vaccine,no COVID-19
535,vaccine,no COVID-19
536,vaccine,no COVID-19
537,vaccine,no COVID-19
538,vaccine,no COVID-19
539,vaccine,no COVID-19
540,vaccine,no COVID-19
541,vaccine,no COVID-19
542,vaccine,no COVID-19
543,vaccine,no COVID-19
544,vaccine,no COVID-19
545,vaccine,no COVID-19
546,vaccine,no COVID-19
547,vaccine,no COVID-19
548,vaccine,no COVID-19
549,vaccine,no COVID-19
550,vaccine,no COVID-19
551,vaccine,no COVID-19
552,vaccine,no COVID-19
553,vaccine,no COVID-19
554,vaccine,no COVID-19
555,vaccine,no COVID-19
556,vaccine,no COVID-19
557,vaccine,no COVID-19
558,vaccine,no COVID-19
559,vaccine,no COVID-19
560,vaccine,no COVID-19
561,vaccine,no COVID-19
562,vaccine,no COVID-19
563,vaccine,no COVID-19
564,vaccine,no COVID-19
565,vaccine,no COVID-19
566,vaccine,no COVID-19
567,vaccine,no COVID-19
568,vaccine,no COVID-19
569,vaccine,no COVID-19
570,vaccine,no COVID-19
571,vaccine,no COVID-19
572,vaccine,no COVID-19
573,vaccine,no COVID-19
574,vaccine,no COVID-19
575,vaccine,no COVID-19
576,vaccine,no COVID-19
577,vaccine,no COVID-19
578,vaccine,no COVID-19
579,vaccine,no COVID-19
580,vaccine,no COVID-19
581,vaccine,no COVID-19
582,vaccine,no COVID-19
583,vaccine,no COVID-19
584,vaccine,no COVID-19
585,vaccine,no COVID-19
586,vaccine,no COVID-19
587,vaccine,no COVID-19
588,vaccine,no COVID-19
589,vaccine,no COVID-19
590,vaccine,no COVID-19
591,vaccine,no COVID-19
592,vaccine,no COVID-19
593,vaccine,no COVID-19
594,vaccine,no COVID-19
595,vaccine,no COVID-19
596,vaccine,no COVID-19
597,vaccine,no COVID-19
598,vaccine,no COVID-19
599,vaccine,no COVID-19
600,vaccine,no COVID-19
601,vaccine,no COVID-19
602,vaccine,no COVID-19
603,vaccine,no COVID-19
604,vaccine,no COVID-19
605,vaccine,no COVID-19
606,vaccine,no COVID-19
607,vaccine,no COVID-19
608,vaccine,no COVID-19
609,vaccine,no COVID-19
610,vaccine,no COVID-19
611,vaccine,no COVID-19
612,vaccine,no COVID-19
613,vaccine,no COVID-19
614,vaccine,no COVID-19
615,vaccine,no COVID-19
616,vaccine,no COVID-19
617,vaccine,no COVID-19
618,vaccine,no COVID-19
619,vaccine,no COVID-19
620,vaccine,no COVID-19
621,vaccine,no COVID-19
622,vaccine,no COVID-19
623,vaccine,no COVID-19
624,vaccine,no COVID-19
625,vaccine,no COVID-19
626,vaccine,no COVID-19
627,vaccine,no COVID-19
628,vaccine,no COVID-19
629,vaccine,no COVID-19
630,vaccine,no COVID-19
631,vaccine,no COVID-19
632,vaccine,no COVID-19
633,vaccine,no COVID-19
634,vaccine,no COVID-19
635,vaccine,no COVID-19
636,vaccine,no COVID-19
637,vaccine,no COVID-19
638,vaccine,no COVID-19
639,vaccine,no COVID-19
640,vaccine,no COVID-19
641,vaccine,no COVID-19
642,vaccine,no COVID-19
643,vaccine,no COVID-19
644,vaccine,no COVID-19
645,vaccine,no COVID-19
646,vaccine,no COVID-19
647,vaccine,no COVID-19
648,vaccine,no COVID-19
649,vaccine,no COVID-19
650,vaccine,no COVID-19
651,vaccine,no COVID-19
652,vaccine,no COVID-19
653,vaccine,no COVID-19
654,vaccine,no COVID-19
655,vaccine,no COVID-19
656,vaccine,no COVID-19
657,vaccine,no COVID-19
658,vaccine,no COVID-19
659,vaccine,no COVID-19
660,vaccine,no COVID-19
661,vaccine,no COVID-19
662,vaccine,no COVID-19
663,vaccine,no COVID-19
664,vaccine,no COVID-19
665,vaccine,no COVID-19
666,vaccine,no COVID-19
667,vaccine,no COVID-19
668,vaccine,no COVID-19
669,vaccine,no COVID-19
670,vaccine,no COVID-19
671,vaccine,no COVID-19
672,vaccine,no COVID-19
673,vaccine,no COVID-19
674,vaccine,no COVID-19
675,vaccine,no COVID-19
676,vaccine,no COVID-19
677,vaccine,no COVID-19
678,vaccine,no COVID-19
679,vaccine,no COVID-19
680,vaccine,no COVID-19
681,vaccine,no COVID-19
682,vaccine,no COVID-19
683,vaccine,no COVID-19
684,vaccine,no COVID-19
685,vaccine,no COVID-19
686,vaccine,no COVID-19
687,vaccine,no COVID-19
688,vaccine,no COVID-19
689,vaccine,no COVID-19
690,vaccine,no COVID-19
691,vaccine,no COVID-19
692,vaccine,no COVID-19
693,vaccine,no COVID-19
694,vaccine,no COVID-19
695,vaccine,no COVID-19
696,vaccine,no COVID-19
697,vaccine,no COVID-19
698,vaccine,no COVID-19
699,vaccine,no COVID-19
700,vaccine,no COVID-19
701,vaccine,no COVID-19
702,vaccine,no COVID-19
703,vaccine,no COVID-19
704,vaccine,no COVID-19
705,vaccine,no COVID-19
706,vaccine,no COVID-19
707,vaccine,no COVID-19
708,vaccine,no COVID-19
709,vaccine,no COVID-19
710,vaccine,no COVID-19
711,vaccine,no COVID-19
712,vaccine,no COVID-19
713,vaccine,no COVID-19
714,vaccine,no COVID-19
715,vaccine,no COVID-19
716,vaccine,no COVID-19
717,vaccine,no COVID-19
718,vaccine,no COVID-19
719,vaccine,no COVID-19
720,vaccine,no COVID-19
721,vaccine,no COVID-19
722,vaccine,no COVID-19
723,vaccine,no COVID-19
724,vaccine,no COVID-19
725,vaccine,no COVID-19
726,vaccine,no COVID-19
727,vaccine,no COVID-19
728,vaccine,no COVID-19
729,vaccine,no COVID-19
730,vaccine,no COVID-19
731,vaccine,no COVID-19
732,vaccine,no COVID-19
733,vaccine,no COVID-19
734,vaccine,no COVID-19
735,vaccine,no COVID-19
736,vaccine,no COVID-19
737,vaccine,no COVID-19
738,vaccine,no COVID-19
739,vaccine,no COVID-19
740,vaccine,no COVID-19
741,vaccine,no COVID-19
742,vaccine,no COVID-19
743,vaccine,no COVID-19
744,vaccine,no COVID-19
745,vaccine,no COVID-19
746,vaccine,no COVID-19
747,vaccine,no COVID-19
748,vaccine,no COVID-19
749,vaccine,no COVID-19
750,vaccine,no COVID-19
751,vaccine,no COVID-19
752,vaccine,no COVID-19
753,vaccine,no COVID-19
754,vaccine,no COVID-19
755,vaccine,no COVID-19
756,vaccine,no COVID-19
757,vaccine,no COVID-19
758,vaccine,no COVID-19
759,vaccine,no COVID-19
760,vaccine,no COVID-19
761,vaccine,no COVID-19
762,vaccine,no COVID-19
763,vaccine,no COVID-19
764,vaccine,no COVID-19
765,vaccine,no COVID-19
766,vaccine,no COVID-19
767,vaccine,no COVID-19
768,vaccine,no COVID-19
769,vaccine,no COVID-19
770,vaccine,no COVID-19
771,vaccine,no COVID-19
772,vaccine,no COVID-19
773,vaccine,no COVID-19
774,vaccine,no COVID-19
775,vaccine,no COVID-19
776,vaccine,no COVID-19
777,vaccine,no COVID-19
778,vaccine,no COVID-19
779,vaccine,no COVID-19
780,vaccine,no COVID-19
781,vaccine,no COVID-19
782,vaccine,no COVID-19
783,vaccine,no COVID-19
784,vaccine,no COVID-19
785,vaccine,no COVID-19
786,vaccine,no COVID-19
787,vaccine,no COVID-19
788,vaccine,no COVID-19
789,vaccine,no COVID-19
790,vaccine,no COVID-19
791,vaccine,no COVID-19
792,vaccine,no COVID-19
793,vaccine,no COVID-19
794,vaccine,no COVID-19
795,vaccine,no COVID-19
796,vaccine,no COVID-19
797,vaccine,no COVID-19
798,vaccine,no COVID-19
799,vaccine,no COVID-19
800,vaccine,no COVID-19
801,vaccine,no COVID-19
802,vaccine,no COVID-19
803,vaccine,no COVID-19
804,vaccine,no COVID-19
805,vaccine,no COVID-19
806,vaccine,no COVID-19
807,vaccine,no COVID-19
808,vaccine,no COVID-19
809,vaccine,no COVID-19
810,vaccine,no COVID-19
811,vaccine,no COVID-19
812,vaccine,no COVID-19
813,vaccine,no COVID-19
814,vaccine,no COVID-19
815,vaccine,no COVID-19
816,vaccine,no COVID-19
817,vaccine,no COVID-19
818,vaccine,no COVID-19
819,vaccine,no COVID-19
820,vaccine,no COVID-19
821,vaccine,no COVID-19
822,vaccine,no COVID-19
823,vaccine,no COVID-19
824,vaccine,no COVID-19
825,vaccine,no COVID-19
826,vaccine,no COVID-19
827,vaccine,no COVID-19
828,vaccine,no COVID-19
829,vaccine,no COVID-19
830,vaccine,no COVID-19
831,vaccine,no COVID-19
832,vaccine,no COVID-19
833,vaccine,no COVID-19
834,vaccine,no COVID-19
835,vaccine,no COVID-19
836,vaccine,no COVID-19
837,vaccine,no COVID-19
838,vaccine,no COVID-19
839,vaccine,no COVID-19
840,vaccine,no COVID-19
841,vaccine,no COVID-19
842,vaccine,no COVID-19
843,vaccine,no COVID-19
844,vaccine,no COVID-19
845,vaccine,no COVID-19
846,vaccine,no COVID-19
847,vaccine,no COVID-19
848,vaccine,no COVID-19
849,vaccine,no COVID-19
850,vaccine,no COVID-19
851,vaccine,no COVID-19
852,vaccine,no COVID-19
853,vaccine,no COVID-19
854,vaccine,no COVID-19
855,vaccine,no COVID-19
856,vaccine,no COVID-19
857,vaccine,no COVID-19
858,vaccine,no COVID-19
859,vaccine,no COVID-19
860,vaccine,no COVID-19
861,vaccine,no COVID-19
862,vaccine,no COVID-19
863,vaccine,no COVID-19
864,vaccine,no COVID-19
865,vaccine,no COVID-19
866,vaccine,no COVID-19
867,vaccine,no COVID-19
868,vaccine,no COVID-19
869,vaccine,no COVID-19
870,vaccine,no COVID-19
871,vaccine,no COVID-19
872,vaccine,no COVID-19
873,vaccine,no COVID-19
874,vaccine,no COVID-19
875,vaccine,no COVID-19
876,vaccine,no COVID-19
877,vaccine,no COVID-19
878,vaccine,no COVID-19
879,vaccine,no COVID-19
880,vaccine,no COVID-19
881,vaccine,no COVID-19
882,vaccine,no COVID-19
883,vaccine,no COVID-19
884,vaccine,no COVID-19
885,vaccine,no COVID-19
886,vaccine,no COVID-19
887,vaccine,no COVID-19
888,vaccine,no COVID-19
889,vaccine,no COVID-19
890,vaccine,no COVID-19
891,vaccine,no COVID-19
892,vaccine,no COVID-19
893,vaccine,no COVID-19
894,vaccine,no COVID-19
895,vaccine,no COVID-19
896,vaccine,no COVID-19
897,vaccine,no COVID-19
898,vaccine,no COVID-19
899,vaccine,no COVID-19
900,vaccine,no COVID-19
901,vaccine,no COVID-19
902,vaccine,no COVID-19
903,vaccine,no COVID-19
904,vaccine,no COVID-19
905,vaccine,no COVID-19
906,vaccine,no COVID-19
907,vaccine,no COVID-19
908,vaccine,no COVID-19
909,vaccine,no COVID-19
910,vaccine,no COVID-19
911,vaccine,no COVID-19
912,vaccine,no COVID-19
913,vaccine,no COVID-19
914,vaccine,no COVID-19
915,vaccine,no COVID-19
916,vaccine,no COVID-19
917,vaccine,no COVID-19
918,vaccine,no COVID-19
919,vaccine,no COVID-19
920,vaccine,no COVID-19
921,vaccine,no COVID-19
922,vaccine,no COVID-19
923,vaccine,no COVID-19
924,vaccine,no COVID-19
925,vaccine,no COVID-19
926,vaccine,no COVID-19
927,vaccine,no COVID-19
928,vaccine,no COVID-19
929,vaccine,no COVID-19
930,vaccine,no COVID-19
931,vaccine,no COVID-19
932,vaccine,no COVID-19
933,vaccine,no COVID-19
934,vaccine,no COVID-19
935,vaccine,no COVID-19
936,vaccine,no COVID-19
937,vaccine,no COVID-19
938,vaccine,no COVID-19
939,vaccine,no COVID-19
940,vaccine,no COVID-19
941,vaccine,no COVID-19
942,vaccine,no COVID-19
943,vaccine,no COVID-19
944,vaccine,no COVID-19
945,vaccine,no COVID-19
946,vaccine,no COVID-19
947,vaccine,no COVID-19
948,vaccine,no COVID-19
949,vaccine,no COVID-19
950,vaccine,no COVID-19
951,vaccine,no COVID-19
952,vaccine,no COVID-19
953,vaccine,no COVID-19
954,vaccine,no COVID-19
955,vaccine,no COVID-19
956,vaccine,no COVID-19
957,vaccine,no COVID-19
958,vaccine,no COVID-19
959,vaccine,no COVID-19
960,vaccine,no COVID-19
961,vaccine,no COVID-19
962,vaccine,no COVID-19
963,vaccine,no COVID-19
964,vaccine,no COVID-19
965,vaccine,no COVID-19
966,vaccine,no COVID-19
967,vaccine,no COVID-19
968,vaccine,no COVID-19
969,vaccine,no COVID-19
970,vaccine,no COVID-19
971,vaccine,no COVID-19
972,vaccine,no COVID-19
973,vaccine,no COVID-19
974,vaccine,no COVID-19
975,vaccine,no COVID-19
976,vaccine,no COVID-19
977,vaccine,no COVID-19
978,vaccine,no COVID-19
979,vaccine,no COVID-19
980,vaccine,no COVID-19
981,vaccine,no COVID-19
982,vaccine,no COVID-19
983,vaccine,no COVID-19
984,vaccine,no COVID-19
985,vaccine,no COVID-19
986,vaccine,no COVID-19
987,vaccine,no COVID-19
988,vaccine,no COVID-19
989,vaccine,no COVID-19
990,vaccine,no COVID-19
991,vaccine,no COVID-19
992,vaccine,no COVID-19
993,vaccine,no COVID-19
994,vaccine,no COVID-19
995,vaccine,no COVID-19
996,vaccine,no COVID-19
997,vaccine,no COVID-19
998,vaccine,no COVID-19
999,vaccine,no COVID-19
1000,vaccine,no COVID-19
1001,vaccine,no COVID-19
1002,vaccine,no COVID-19
1003,vaccine,no COVID-19
1004,vaccine,no COVID-19
1005,vaccine,no COVID-19
1006,vaccine,no COVID-19
1007,vaccine,no COVID-19
1008,vaccine,no COVID-19
1009,vaccine,no COVID-19
1010,vaccine,no COVID-19
1011,vaccine,no COVID-19
1012,vaccine,no COVID-19
1013,vaccine,no COVID-19
1014,vaccine,no COVID-19
1015,vaccine,no COVID-19
1016,vaccine,no COVID-19
1017,vaccine,no COVID-19
1018,vaccine,no COVID-19
1019,vaccine,no COVID-19
1020,vaccine,no COVID-19
1021,vaccine,no COVID-19
1022,vaccine,no COVID-19
1023,vaccine,no COVID-19
1024,vaccine,no COVID-19
1025,vaccine,no COVID-19
1026,vaccine,no COVID-19
1027,vaccine,no COVID-19
1028,vaccine,no COVID-19
1029,vaccine,no COVID-19
1030,vaccine,no COVID-19
1031,vaccine,no COVID-19
1032,vaccine,no COVID-19
1033,vaccine,no COVID-19
1034,vaccine,no COVID-19
1035,vaccine,no COVID-19
1036,vaccine,no COVID-19
1037,vaccine,no COVID-19
1038,vaccine,no COVID-19
1039,vaccine,no COVID-19
1040,vaccine,no COVID-19
1041,vaccine,no COVID-19
1042,vaccine,no COVID-19
1043,vaccine,no COVID-19
1044,vaccine,no COVID-19
1045,vaccine,no COVID-19
1046,vaccine,no COVID-19
1047,vaccine,no COVID-19
1048,vaccine,no COVID-19
1049,vaccine,no COVID-19
1050,vaccine,no COVID-19
1051,vaccine,no COVID-19
1052,vaccine,no COVID-19
1053,vaccine,no COVID-19
1054,vaccine,no COVID-19
1055,vaccine,no COVID-19
1056,vaccine,no COVID-19
1057,vaccine,no COVID-19
1058,vaccine,no COVID-19
1059,vaccine,no COVID-19
1060,vaccine,no COVID-19
1061,vaccine,no COVID-19
1062,vaccine,no COVID-19
1063,vaccine,no COVID-19
1064,vaccine,no COVID-19
1065,vaccine,no COVID-19
1066,vaccine,no COVID-19
1067,vaccine,no COVID-19
1068,vaccine,no COVID-19
1069,vaccine,no COVID-19
1070,vaccine,no COVID-19
1071,vaccine,no COVID-19
1072,vaccine,no COVID-19
1073,vaccine,no COVID-19
1074,vaccine,no COVID-19
1075,vaccine,no COVID-19
1076,vaccine,no COVID-19
1077,vaccine,no COVID-19
1078,vaccine,no COVID-19
1079,vaccine,no COVID-19
1080,vaccine,no COVID-19
1081,vaccine,no COVID-19
1082,vaccine,no COVID-19
1083,vaccine,no COVID-19
1084,vaccine,no COVID-19
1085,vaccine,no COVID-19
1086,vaccine,no COVID-19
1087,vaccine,no COVID-19
1088,vaccine,no COVID-19
1089,vaccine,no COVID-19
1090,vaccine,no COVID-19
1091,vaccine,no COVID-19
1092,vaccine,no COVID-19
1093,vaccine,no COVID-19
1094,vaccine,no COVID-19
1095,vaccine,no COVID-19
1096,vaccine,no COVID-19
1097,vaccine,no COVID-19
1098,vaccine,no COVID-19
1099,vaccine,no COVID-19
1100,vaccine,no COVID-19
1101,vaccine,no COVID-19
1102,vaccine,no COVID-19
1103,vaccine,no COVID-19
1104,vaccine,no COVID-19
1105,vaccine,no COVID-19
1106,vaccine,no COVID-19
1107,vaccine,no COVID-19
1108,vaccine,no COVID-19
1109,vaccine,no COVID-19
1110,vaccine,no COVID-19
1111,vaccine,no COVID-19
1112,vaccine,no COVID-19
1113,vaccine,no COVID-19
1114,vaccine,no COVID-19
1115,vaccine,no COVID-19
1116,vaccine,no COVID-19
1117,vaccine,no COVID-19
1118,vaccine,no COVID-19
1119,vaccine,no COVID-19
1120,vaccine,no COVID-19
1121,vaccine,no COVID-19
1122,vaccine,no COVID-19
1123,vaccine,no COVID-19
1124,vaccine,no COVID-19
1125,vaccine,no COVID-19
1126,vaccine,no COVID-19
1127,vaccine,no COVID-19
1128,vaccine,no COVID-19
1129,vaccine,no COVID-19
1130,vaccine,no COVID-19
1131,vaccine,no COVID-19
1132,placebo,COVID-19
1133,placebo,COVID-19
1134,placebo,COVID-19
1135,placebo,COVID-19
1136,placebo,COVID-19
1137,placebo,COVID-19
1138,placebo,COVID-19
1139,placebo,COVID-19
1140,placebo,COVID-19
1141,placebo,COVID-19
1142,placebo,COVID-19
1143,placebo,COVID-19
1144,placebo,COVID-19
1145,placebo,COVID-19
1146,placebo,COVID-19
1147,placebo,COVID-19
1148,placebo,COVID-19
1149,placebo,COVID-19
1150,placebo,no COVID-19
1151,placebo,no COVID-19
1152,placebo,no COVID-19
1153,placebo,no COVID-19
1154,placebo,no COVID-19
1155,placebo,no COVID-19
1156,placebo,no COVID-19
1157,placebo,no COVID-19
1158,placebo,no COVID-19
1159,placebo,no COVID-19
1160,placebo,no COVID-19
1161,placebo,no COVID-19
1162,placebo,no COVID-19
1163,placebo,no COVID-19
1164,placebo,no COVID-19
1165,placebo,no COVID-19
1166,placebo,no COVID-19
1167,placebo,no COVID-19
1168,placebo,no COVID-19
1169,placebo,no COVID-19
1170,placebo,no COVID-19
1171,placebo,no COVID-19
1172,placebo,no COVID-19
1173,placebo,no COVID-19
1174,placebo,no COVID-19
1175,placebo,no COVID-19
1176,placebo,no COVID-19
1177,placebo,no COVID-19
1178,placebo,no COVID-19
1179,placebo,no COVID-19
1180,placebo,no COVID-19
1181,placebo,no COVID-19
1182,placebo,no COVID-19
1183,placebo,no COVID-19
1184,placebo,no COVID-19
1185,placebo,no COVID-19
1186,placebo,no COVID-19
1187,placebo,no COVID-19
1188,placebo,no COVID-19
1189,placebo,no COVID-19
1190,placebo,no COVID-19
1191,placebo,no COVID-19
1192,placebo,no COVID-19
1193,placebo,no COVID-19
1194,placebo,no COVID-19
1195,placebo,no COVID-19
1196,placebo,no COVID-19
1197,placebo,no COVID-19
1198,placebo,no COVID-19
1199,placebo,no COVID-19
1200,placebo,no COVID-19
1201,placebo,no COVID-19
1202,placebo,no COVID-19
1203,placebo,no COVID-19
1204,placebo,no COVID-19
1205,placebo,no COVID-19
1206,placebo,no COVID-19
1207,placebo,no COVID-19
1208,placebo,no COVID-19
1209,placebo,no COVID-19
1210,placebo,no COVID-19
1211,placebo,no COVID-19
1212,placebo,no COVID-19
1213,placebo,no COVID-19
1214,placebo,no COVID-19
1215,placebo,no COVID-19
1216,placebo,no COVID-19
1217,placebo,no COVID-19
1218,placebo,no COVID-19
1219,placebo,no COVID-19
1220,placebo,no COVID-19
1221,placebo,no COVID-19
1222,placebo,no COVID-19
1223,placebo,no COVID-19
1224,placebo,no COVID-19
1225,placebo,no COVID-19
1226,placebo,no COVID-19
1227,placebo,no COVID-19
1228,placebo,no COVID-19
1229,placebo,no COVID-19
1230,placebo,no COVID-19
1231,placebo,no COVID-19
1232,placebo,no COVID-19
1233,placebo,no COVID-19
1234,placebo,no COVID-19
1235,placebo,no COVID-19
1236,placebo,no COVID-19
1237,placebo,no COVID-19
1238,placebo,no COVID-19
1239,placebo,no COVID-19
1240,placebo,no COVID-19
1241,placebo,no COVID-19
1242,placebo,no COVID-19
1243,placebo,no COVID-19
1244,placebo,no COVID-19
1245,placebo,no COVID-19
1246,placebo,no COVID-19
1247,placebo,no COVID-19
1248,placebo,no COVID-19
1249,placebo,no COVID-19
1250,placebo,no COVID-19
1251,placebo,no COVID-19
1252,placebo,no COVID-19
1253,placebo,no COVID-19
1254,placebo,no COVID-19
1255,placebo,no COVID-19
1256,placebo,no COVID-19
1257,placebo,no COVID-19
1258,placebo,no COVID-19
1259,placebo,no COVID-19
1260,placebo,no COVID-19
1261,placebo,no COVID-19
1262,placebo,no COVID-19
1263,placebo,no COVID-19
1264,placebo,no COVID-19
1265,placebo,no COVID-19
1266,placebo,no COVID-19
1267,placebo,no COVID-19
1268,placebo,no COVID-19
1269,placebo,no COVID-19
1270,placebo,no COVID-19
1271,placebo,no COVID-19
1272,placebo,no COVID-19
1273,placebo,no COVID-19
1274,placebo,no COVID-19
1275,placebo,no COVID-19
1276,placebo,no COVID-19
1277,placebo,no COVID-19
1278,placebo,no COVID-19
1279,placebo,no COVID-19
1280,placebo,no COVID-19
1281,placebo,no COVID-19
1282,placebo,no COVID-19
1283,placebo,no COVID-19
1284,placebo,no COVID-19
1285,placebo,no COVID-19
1286,placebo,no COVID-19
1287,placebo,no COVID-19
1288,placebo,no COVID-19
1289,placebo,no COVID-19
1290,placebo,no COVID-19
1291,placebo,no COVID-19
1292,placebo,no COVID-19
1293,placebo,no COVID-19
1294,placebo,no COVID-19
1295,placebo,no COVID-19
1296,placebo,no COVID-19
1297,placebo,no COVID-19
1298,placebo,no COVID-19
1299,placebo,no COVID-19
1300,placebo,no COVID-19
1301,placebo,no COVID-19
1302,placebo,no COVID-19
1303,placebo,no COVID-19
1304,placebo,no COVID-19
1305,placebo,no COVID-19
1306,placebo,no COVID-19
1307,placebo,no COVID-19
1308,placebo,no COVID-19
1309,placebo,no COVID-19
1310,placebo,no COVID-19
1311,placebo,no COVID-19
1312,placebo,no COVID-19
1313,placebo,no COVID-19
1314,placebo,no COVID-19
1315,placebo,no COVID-19
1316,placebo,no COVID-19
1317,placebo,no COVID-19
1318,placebo,no COVID-19
1319,placebo,no COVID-19
1320,placebo,no COVID-19
1321,placebo,no COVID-19
1322,placebo,no COVID-19
1323,placebo,no COVID-19
1324,placebo,no COVID-19
1325,placebo,no COVID-19
1326,placebo,no COVID-19
1327,placebo,no COVID-19
1328,placebo,no COVID-19
1329,placebo,no COVID-19
1330,placebo,no COVID-19
1331,placebo,no COVID-19
1332,placebo,no COVID-19
1333,placebo,no COVID-19
1334,placebo,no COVID-19
1335,placebo,no COVID-19
1336,placebo,no COVID-19
1337,placebo,no COVID-19
1338,placebo,no COVID-19
1339,placebo,no COVID-19
1340,placebo,no COVID-19
1341,placebo,no COVID-19
1342,placebo,no COVID-19
1343,placebo,no COVID-19
1344,placebo,no COVID-19
1345,placebo,no COVID-19
1346,placebo,no COVID-19
1347,placebo,no COVID-19
1348,placebo,no COVID-19
1349,placebo,no COVID-19
1350,placebo,no COVID-19
1351,placebo,no COVID-19
1352,placebo,no COVID-19
1353,placebo,no COVID-19
1354,placebo,no COVID-19
1355,placebo,no COVID-19
1356,placebo,no COVID-19
1357,placebo,no COVID-19
1358,placebo,no COVID-19
1359,placebo,no COVID-19
1360,placebo,no COVID-19
1361,placebo,no COVID-19
1362,placebo,no COVID-19
1363,placebo,no COVID-19
1364,placebo,no COVID-19
1365,placebo,no COVID-19
1366,placebo,no COVID-19
1367,placebo,no COVID-19
1368,placebo,no COVID-19
1369,placebo,no COVID-19
1370,placebo,no COVID-19
1371,placebo,no COVID-19
1372,placebo,no COVID-19
1373,placebo,no COVID-19
1374,placebo,no COVID-19
1375,placebo,no COVID-19
1376,placebo,no COVID-19
1377,placebo,no COVID-19
1378,placebo,no COVID-19
1379,placebo,no COVID-19
1380,placebo,no COVID-19
1381,placebo,no COVID-19
1382,placebo,no COVID-19
1383,placebo,no COVID-19
1384,placebo,no COVID-19
1385,placebo,no COVID-19
1386,placebo,no COVID-19
1387,placebo,no COVID-19
1388,placebo,no COVID-19
1389,placebo,no COVID-19
1390,placebo,no COVID-19
1391,placebo,no COVID-19
1392,placebo,no COVID-19
1393,placebo,no COVID-19
1394,placebo,no COVID-19
1395,placebo,no COVID-19
1396,placebo,no COVID-19
1397,placebo,no COVID-19
1398,placebo,no COVID-19
1399,placebo,no COVID-19
1400,placebo,no COVID-19
1401,placebo,no COVID-19
1402,placebo,no COVID-19
1403,placebo,no COVID-19
1404,placebo,no COVID-19
1405,placebo,no COVID-19
1406,placebo,no COVID-19
1407,placebo,no COVID-19
1408,placebo,no COVID-19
1409,placebo,no COVID-19
1410,placebo,no COVID-19
1411,placebo,no COVID-19
1412,placebo,no COVID-19
1413,placebo,no COVID-19
1414,placebo,no COVID-19
1415,placebo,no COVID-19
1416,placebo,no COVID-19
1417,placebo,no COVID-19
1418,placebo,no COVID-19
1419,placebo,no COVID-19
1420,placebo,no COVID-19
1421,placebo,no COVID-19
1422,placebo,no COVID-19
1423,placebo,no COVID-19
1424,placebo,no COVID-19
1425,placebo,no COVID-19
1426,placebo,no COVID-19
1427,placebo,no COVID-19
1428,placebo,no COVID-19
1429,placebo,no COVID-19
1430,placebo,no COVID-19
1431,placebo,no COVID-19
1432,placebo,no COVID-19
1433,placebo,no COVID-19
1434,placebo,no COVID-19
1435,placebo,no COVID-19
1436,placebo,no COVID-19
1437,placebo,no COVID-19
1438,placebo,no COVID-19
1439,placebo,no COVID-19
1440,placebo,no COVID-19
1441,placebo,no COVID-19
1442,placebo,no COVID-19
1443,placebo,no COVID-19
1444,placebo,no COVID-19
1445,placebo,no COVID-19
1446,placebo,no COVID-19
1447,placebo,no COVID-19
1448,placebo,no COVID-19
1449,placebo,no COVID-19
1450,placebo,no COVID-19
1451,placebo,no COVID-19
1452,placebo,no COVID-19
1453,placebo,no COVID-19
1454,placebo,no COVID-19
1455,placebo,no COVID-19
1456,placebo,no COVID-19
1457,placebo,no COVID-19
1458,placebo,no COVID-19
1459,placebo,no COVID-19
1460,placebo,no COVID-19
1461,placebo,no COVID-19
1462,placebo,no COVID-19
1463,placebo,no COVID-19
1464,placebo,no COVID-19
1465,placebo,no COVID-19
1466,placebo,no COVID-19
1467,placebo,no COVID-19
1468,placebo,no COVID-19
1469,placebo,no COVID-19
1470,placebo,no COVID-19
1471,placebo,no COVID-19
1472,placebo,no COVID-19
1473,placebo,no COVID-19
1474,placebo,no COVID-19
1475,placebo,no COVID-19
1476,placebo,no COVID-19
1477,placebo,no COVID-19
1478,placebo,no COVID-19
1479,placebo,no COVID-19
1480,placebo,no COVID-19
1481,placebo,no COVID-19
1482,placebo,no COVID-19
1483,placebo,no COVID-19
1484,placebo,no COVID-19
1485,placebo,no COVID-19
1486,placebo,no COVID-19
1487,placebo,no COVID-19
1488,placebo,no COVID-19
1489,placebo,no COVID-19
1490,placebo,no COVID-19
1491,placebo,no COVID-19
1492,placebo,no COVID-19
1493,placebo,no COVID-19
1494,placebo,no COVID-19
1495,placebo,no COVID-19
1496,placebo,no COVID-19
1497,placebo,no COVID-19
1498,placebo,no COVID-19
1499,placebo,no COVID-19
1500,placebo,no COVID-19
1501,placebo,no COVID-19
1502,placebo,no COVID-19
1503,placebo,no COVID-19
1504,placebo,no COVID-19
1505,placebo,no COVID-19
1506,placebo,no COVID-19
1507,placebo,no COVID-19
1508,placebo,no COVID-19
1509,placebo,no COVID-19
1510,placebo,no COVID-19
1511,placebo,no COVID-19
1512,placebo,no COVID-19
1513,placebo,no COVID-19
1514,placebo,no COVID-19
1515,placebo,no COVID-19
1516,placebo,no COVID-19
1517,placebo,no COVID-19
1518,placebo,no COVID-19
1519,placebo,no COVID-19
1520,placebo,no COVID-19
1521,placebo,no COVID-19
1522,placebo,no COVID-19
1523,placebo,no COVID-19
1524,placebo,no COVID-19
1525,placebo,no COVID-19
1526,placebo,no COVID-19
1527,placebo,no COVID-19
1528,placebo,no COVID-19
1529,placebo,no COVID-19
1530,placebo,no COVID-19
1531,placebo,no COVID-19
1532,placebo,no COVID-19
1533,placebo,no COVID-19
1534,placebo,no COVID-19
1535,placebo,no COVID-19
1536,placebo,no COVID-19
1537,placebo,no COVID-19
1538,placebo,no COVID-19
1539,placebo,no COVID-19
1540,placebo,no COVID-19
1541,placebo,no COVID-19
1542,placebo,no COVID-19
1543,placebo,no COVID-19
1544,placebo,no COVID-19
1545,placebo,no COVID-19
1546,placebo,no COVID-19
1547,placebo,no COVID-19
1548,placebo,no COVID-19
1549,placebo,no COVID-19
1550,placebo,no COVID-19
1551,placebo,no COVID-19
1552,placebo,no COVID-19
1553,placebo,no COVID-19
1554,placebo,no COVID-19
1555,placebo,no COVID-19
1556,placebo,no COVID-19
1557,placebo,no COVID-19
1558,placebo,no COVID-19
1559,placebo,no COVID-19
1560,placebo,no COVID-19
1561,placebo,no COVID-19
1562,placebo,no COVID-19
1563,placebo,no COVID-19
1564,placebo,no COVID-19
1565,placebo,no COVID-19
1566,placebo,no COVID-19
1567,placebo,no COVID-19
1568,placebo,no COVID-19
1569,placebo,no COVID-19
1570,placebo,no COVID-19
1571,placebo,no COVID-19
1572,placebo,no COVID-19
1573,placebo,no COVID-19
1574,placebo,no COVID-19
1575,placebo,no COVID-19
1576,placebo,no COVID-19
1577,placebo,no COVID-19
1578,placebo,no COVID-19
1579,placebo,no COVID-19
1580,placebo,no COVID-19
1581,placebo,no COVID-19
1582,placebo,no COVID-19
1583,placebo,no COVID-19
1584,placebo,no COVID-19
1585,placebo,no COVID-19
1586,placebo,no COVID-19
1587,placebo,no COVID-19
1588,placebo,no COVID-19
1589,placebo,no COVID-19
1590,placebo,no COVID-19
1591,placebo,no COVID-19
1592,placebo,no COVID-19
1593,placebo,no COVID-19
1594,placebo,no COVID-19
1595,placebo,no COVID-19
1596,placebo,no COVID-19
1597,placebo,no COVID-19
1598,placebo,no COVID-19
1599,placebo,no COVID-19
1600,placebo,no COVID-19
1601,placebo,no COVID-19
1602,placebo,no COVID-19
1603,placebo,no COVID-19
1604,placebo,no COVID-19
1605,placebo,no COVID-19
1606,placebo,no COVID-19
1607,placebo,no COVID-19
1608,placebo,no COVID-19
1609,placebo,no COVID-19
1610,placebo,no COVID-19
1611,placebo,no COVID-19
1612,placebo,no COVID-19
1613,placebo,no COVID-19
1614,placebo,no COVID-19
1615,placebo,no COVID-19
1616,placebo,no COVID-19
1617,placebo,no COVID-19
1618,placebo,no COVID-19
1619,placebo,no COVID-19
1620,placebo,no COVID-19
1621,placebo,no COVID-19
1622,placebo,no COVID-19
1623,placebo,no COVID-19
1624,placebo,no COVID-19
1625,placebo,no COVID-19
1626,placebo,no COVID-19
1627,placebo,no COVID-19
1628,placebo,no COVID-19
1629,placebo,no COVID-19
1630,placebo,no COVID-19
1631,placebo,no COVID-19
1632,placebo,no COVID-19
1633,placebo,no COVID-19
1634,placebo,no COVID-19
1635,placebo,no COVID-19
1636,placebo,no COVID-19
1637,placebo,no COVID-19
1638,placebo,no COVID-19
1639,placebo,no COVID-19
1640,placebo,no COVID-19
1641,placebo,no COVID-19
1642,placebo,no COVID-19
1643,placebo,no COVID-19
1644,placebo,no COVID-19
1645,placebo,no COVID-19
1646,placebo,no COVID-19
1647,placebo,no COVID-19
1648,placebo,no COVID-19
1649,placebo,no COVID-19
1650,placebo,no COVID-19
1651,placebo,no COVID-19
1652,placebo,no COVID-19
1653,placebo,no COVID-19
1654,placebo,no COVID-19
1655,placebo,no COVID-19
1656,placebo,no COVID-19
1657,placebo,no COVID-19
1658,placebo,no COVID-19
1659,placebo,no COVID-19
1660,placebo,no COVID-19
1661,placebo,no COVID-19
1662,placebo,no COVID-19
1663,placebo,no COVID-19
1664,placebo,no COVID-19
1665,placebo,no COVID-19
1666,placebo,no COVID-19
1667,placebo,no COVID-19
1668,placebo,no COVID-19
1669,placebo,no COVID-19
1670,placebo,no COVID-19
1671,placebo,no COVID-19
1672,placebo,no COVID-19
1673,placebo,no COVID-19
1674,placebo,no COVID-19
1675,placebo,no COVID-19
1676,placebo,no COVID-19
1677,placebo,no COVID-19
1678,placebo,no COVID-19
1679,placebo,no COVID-19
1680,placebo,no COVID-19
1681,placebo,no COVID-19
1682,placebo,no COVID-19
1683,placebo,no COVID-19
1684,placebo,no COVID-19
1685,placebo,no COVID-19
1686,placebo,no COVID-19
1687,placebo,no COVID-19
1688,placebo,no COVID-19
1689,placebo,no COVID-19
1690,placebo,no COVID-19
1691,placebo,no COVID-19
1692,placebo,no COVID-19
1693,placebo,no COVID-19
1694,placebo,no COVID-19
1695,placebo,no COVID-19
1696,placebo,no COVID-19
1697,placebo,no COVID-19
1698,placebo,no COVID-19
1699,placebo,no COVID-19
1700,placebo,no COVID-19
1701,placebo,no COVID-19
1702,placebo,no COVID-19
1703,placebo,no COVID-19
1704,placebo,no COVID-19
1705,placebo,no COVID-19
1706,placebo,no COVID-19
1707,placebo,no COVID-19
1708,placebo,no COVID-19
1709,placebo,no COVID-19
1710,placebo,no COVID-19
1711,placebo,no COVID-19
1712,placebo,no COVID-19
1713,placebo,no COVID-19
1714,placebo,no COVID-19
1715,placebo,no COVID-19
1716,placebo,no COVID-19
1717,placebo,no COVID-19
1718,placebo,no COVID-19
1719,placebo,no COVID-19
1720,placebo,no COVID-19
1721,placebo,no COVID-19
1722,placebo,no COVID-19
1723,placebo,no COVID-19
1724,placebo,no COVID-19
1725,placebo,no COVID-19
1726,placebo,no COVID-19
1727,placebo,no COVID-19
1728,placebo,no COVID-19
1729,placebo,no COVID-19
1730,placebo,no COVID-19
1731,placebo,no COVID-19
1732,placebo,no COVID-19
1733,placebo,no COVID-19
1734,placebo,no COVID-19
1735,placebo,no COVID-19
1736,placebo,no COVID-19
1737,placebo,no COVID-19
1738,placebo,no COVID-19
1739,placebo,no COVID-19
1740,placebo,no COVID-19
1741,placebo,no COVID-19
1742,placebo,no COVID-19
1743,placebo,no COVID-19
1744,placebo,no COVID-19
1745,placebo,no COVID-19
1746,placebo,no COVID-19
1747,placebo,no COVID-19
1748,placebo,no COVID-19
1749,placebo,no COVID-19
1750,placebo,no COVID-19
1751,placebo,no COVID-19
1752,placebo,no COVID-19
1753,placebo,no COVID-19
1754,placebo,no COVID-19
1755,placebo,no COVID-19
1756,placebo,no COVID-19
1757,placebo,no COVID-19
1758,placebo,no COVID-19
1759,placebo,no COVID-19
1760,placebo,no COVID-19
1761,placebo,no COVID-19
1762,placebo,no COVID-19
1763,placebo,no COVID-19
1764,placebo,no COVID-19
1765,placebo,no COVID-19
1766,placebo,no COVID-19
1767,placebo,no COVID-19
1768,placebo,no COVID-19
1769,placebo,no COVID-19
1770,placebo,no COVID-19
1771,placebo,no COVID-19
1772,placebo,no COVID-19
1773,placebo,no COVID-19
1774,placebo,no COVID-19
1775,placebo,no COVID-19
1776,placebo,no COVID-19
1777,placebo,no COVID-19
1778,placebo,no COVID-19
1779,placebo,no COVID-19
1780,placebo,no COVID-19
1781,placebo,no COVID-19
1782,placebo,no COVID-19
1783,placebo,no COVID-19
1784,placebo,no COVID-19
1785,placebo,no COVID-19
1786,placebo,no COVID-19
1787,placebo,no COVID-19
1788,placebo,no COVID-19
1789,placebo,no COVID-19
1790,placebo,no COVID-19
1791,placebo,no COVID-19
1792,placebo,no COVID-19
1793,placebo,no COVID-19
1794,placebo,no COVID-19
1795,placebo,no COVID-19
1796,placebo,no COVID-19
1797,placebo,no COVID-19
1798,placebo,no COVID-19
1799,placebo,no COVID-19
1800,placebo,no COVID-19
1801,placebo,no COVID-19
1802,placebo,no COVID-19
1803,placebo,no COVID-19
1804,placebo,no COVID-19
1805,placebo,no COVID-19
1806,placebo,no COVID-19
1807,placebo,no COVID-19
1808,placebo,no COVID-19
1809,placebo,no COVID-19
1810,placebo,no COVID-19
1811,placebo,no COVID-19
1812,placebo,no COVID-19
1813,placebo,no COVID-19
1814,placebo,no COVID-19
1815,placebo,no COVID-19
1816,placebo,no COVID-19
1817,placebo,no COVID-19
1818,placebo,no COVID-19
1819,placebo,no COVID-19
1820,placebo,no COVID-19
1821,placebo,no COVID-19
1822,placebo,no COVID-19
1823,placebo,no COVID-19
1824,placebo,no COVID-19
1825,placebo,no COVID-19
1826,placebo,no COVID-19
1827,placebo,no COVID-19
1828,placebo,no COVID-19
1829,placebo,no COVID-19
1830,placebo,no COVID-19
1831,placebo,no COVID-19
1832,placebo,no COVID-19
1833,placebo,no COVID-19
1834,placebo,no COVID-19
1835,placebo,no COVID-19
1836,placebo,no COVID-19
1837,placebo,no COVID-19
1838,placebo,no COVID-19
1839,placebo,no COVID-19
1840,placebo,no COVID-19
1841,placebo,no COVID-19
1842,placebo,no COVID-19
1843,placebo,no COVID-19
1844,placebo,no COVID-19
1845,placebo,no COVID-19
1846,placebo,no COVID-19
1847,placebo,no COVID-19
1848,placebo,no COVID-19
1849,placebo,no COVID-19
1850,placebo,no COVID-19
1851,placebo,no COVID-19
1852,placebo,no COVID-19
1853,placebo,no COVID-19
1854,placebo,no COVID-19
1855,placebo,no COVID-19
1856,placebo,no COVID-19
1857,placebo,no COVID-19
1858,placebo,no COVID-19
1859,placebo,no COVID-19
1860,placebo,no COVID-19
1861,placebo,no COVID-19
1862,placebo,no COVID-19
1863,placebo,no COVID-19
1864,placebo,no COVID-19
1865,placebo,no COVID-19
1866,placebo,no COVID-19
1867,placebo,no COVID-19
1868,placebo,no COVID-19
1869,placebo,no COVID-19
1870,placebo,no COVID-19
1871,placebo,no COVID-19
1872,placebo,no COVID-19
1873,placebo,no COVID-19
1874,placebo,no COVID-19
1875,placebo,no COVID-19
1876,placebo,no COVID-19
1877,placebo,no COVID-19
1878,placebo,no COVID-19
1879,placebo,no COVID-19
1880,placebo,no COVID-19
1881,placebo,no COVID-19
1882,placebo,no COVID-19
1883,placebo,no COVID-19
1884,placebo,no COVID-19
1885,placebo,no COVID-19
1886,placebo,no COVID-19
1887,placebo,no COVID-19
1888,placebo,no COVID-19
1889,placebo,no COVID-19
1890,placebo,no COVID-19
1891,placebo,no COVID-19
1892,placebo,no COVID-19
1893,placebo,no COVID-19
1894,placebo,no COVID-19
1895,placebo,no COVID-19
1896,placebo,no COVID-19
1897,placebo,no COVID-19
1898,placebo,no COVID-19
1899,placebo,no COVID-19
1900,placebo,no COVID-19
1901,placebo,no COVID-19
1902,placebo,no COVID-19
1903,placebo,no COVID-19
1904,placebo,no COVID-19
1905,placebo,no COVID-19
1906,placebo,no COVID-19
1907,placebo,no COVID-19
1908,placebo,no COVID-19
1909,placebo,no COVID-19
1910,placebo,no COVID-19
1911,placebo,no COVID-19
1912,placebo,no COVID-19
1913,placebo,no COVID-19
1914,placebo,no COVID-19
1915,placebo,no COVID-19
1916,placebo,no COVID-19
1917,placebo,no COVID-19
1918,placebo,no COVID-19
1919,placebo,no COVID-19
1920,placebo,no COVID-19
1921,placebo,no COVID-19
1922,placebo,no COVID-19
1923,placebo,no COVID-19
1924,placebo,no COVID-19
1925,placebo,no COVID-19
1926,placebo,no COVID-19
1927,placebo,no COVID-19
1928,placebo,no COVID-19
1929,placebo,no COVID-19
1930,placebo,no COVID-19
1931,placebo,no COVID-19
1932,placebo,no COVID-19
1933,placebo,no COVID-19
1934,placebo,no COVID-19
1935,placebo,no COVID-19
1936,placebo,no COVID-19
1937,placebo,no COVID-19
1938,placebo,no COVID-19
1939,placebo,no COVID-19
1940,placebo,no COVID-19
1941,placebo,no COVID-19
1942,placebo,no COVID-19
1943,placebo,no COVID-19
1944,placebo,no COVID-19
1945,placebo,no COVID-19
1946,placebo,no COVID-19
1947,placebo,no COVID-19
1948,placebo,no COVID-19
1949,placebo,no COVID-19
1950,placebo,no COVID-19
1951,placebo,no COVID-19
1952,placebo,no COVID-19
1953,placebo,no COVID-19
1954,placebo,no COVID-19
1955,placebo,no COVID-19
1956,placebo,no COVID-19
1957,placebo,no COVID-19
1958,placebo,no COVID-19
1959,placebo,no COVID-19
1960,placebo,no COVID-19
1961,placebo,no COVID-19
1962,placebo,no COVID-19
1963,placebo,no COVID-19
1964,placebo,no COVID-19
1965,placebo,no COVID-19
1966,placebo,no COVID-19
1967,placebo,no COVID-19
1968,placebo,no COVID-19
1969,placebo,no COVID-19
1970,placebo,no COVID-19
1971,placebo,no COVID-19
1972,placebo,no COVID-19
1973,placebo,no COVID-19
1974,placebo,no COVID-19
1975,placebo,no COVID-19
1976,placebo,no COVID-19
1977,placebo,no COVID-19
1978,placebo,no COVID-19
1979,placebo,no COVID-19
1980,placebo,no COVID-19
1981,placebo,no COVID-19
1982,placebo,no COVID-19
1983,placebo,no COVID-19
1984,placebo,no COVID-19
1985,placebo,no COVID-19
1986,placebo,no COVID-19
1987,placebo,no COVID-19
1988,placebo,no COVID-19
1989,placebo,no COVID-19
1990,placebo,no COVID-19
1991,placebo,no COVID-19
1992,placebo,no COVID-19
1993,placebo,no COVID-19
1994,placebo,no COVID-19
1995,placebo,no COVID-19
1996,placebo,no COVID-19
1997,placebo,no COVID-19
1998,placebo,no COVID-19
1999,placebo,no COVID-19
2000,placebo,no COVID-19
2001,placebo,no COVID-19
2002,placebo,no COVID-19
2003,placebo,no COVID-19
2004,placebo,no COVID-19
2005,placebo,no COVID-19
2006,placebo,no COVID-19
2007,placebo,no COVID-19
2008,placebo,no COVID-19
2009,placebo,no COVID-19
2010,placebo,no COVID-19
2011,placebo,no COVID-19
2012,placebo,no COVID-19
2013,placebo,no COVID-19
2014,placebo,no COVID-19
2015,placebo,no COVID-19
2016,placebo,no COVID-19
2017,placebo,no COVID-19
2018,placebo,no COVID-19
2019,placebo,no COVID-19
2020,placebo,no COVID-19
2021,placebo,no COVID-19
2022,placebo,no COVID-19
2023,placebo,no COVID-19
2024,placebo,no COVID-19
2025,placebo,no COVID-19
2026,placebo,no COVID-19
2027,placebo,no COVID-19
2028,placebo,no COVID-19
2029,placebo,no COVID-19
2030,placebo,no COVID-19
2031,placebo,no COVID-19
2032,placebo,no COVID-19
2033,placebo,no COVID-19
2034,placebo,no COVID-19
2035,placebo,no COVID-19
2036,placebo,no COVID-19
2037,placebo,no COVID-19
2038,placebo,no COVID-19
2039,placebo,no COVID-19
2040,placebo,no COVID-19
2041,placebo,no COVID-19
2042,placebo,no COVID-19
2043,placebo,no COVID-19
2044,placebo,no COVID-19
2045,placebo,no COVID-19
2046,placebo,no COVID-19
2047,placebo,no COVID-19
2048,placebo,no COVID-19
2049,placebo,no COVID-19
2050,placebo,no COVID-19
2051,placebo,no COVID-19
2052,placebo,no COVID-19
2053,placebo,no COVID-19
2054,placebo,no COVID-19
2055,placebo,no COVID-19
2056,placebo,no COVID-19
2057,placebo,no COVID-19
2058,placebo,no COVID-19
2059,placebo,no COVID-19
2060,placebo,no COVID-19
2061,placebo,no COVID-19
2062,placebo,no COVID-19
2063,placebo,no COVID-19
2064,placebo,no COVID-19
2065,placebo,no COVID-19
2066,placebo,no COVID-19
2067,placebo,no COVID-19
2068,placebo,no COVID-19
2069,placebo,no COVID-19
2070,placebo,no COVID-19
2071,placebo,no COVID-19
2072,placebo,no COVID-19
2073,placebo,no COVID-19
2074,placebo,no COVID-19
2075,placebo,no COVID-19
2076,placebo,no COVID-19
2077,placebo,no COVID-19
2078,placebo,no COVID-19
2079,placebo,no COVID-19
2080,placebo,no COVID-19
2081,placebo,no COVID-19
2082,placebo,no COVID-19
2083,placebo,no COVID-19
2084,placebo,no COVID-19
2085,placebo,no COVID-19
2086,placebo,no COVID-19
2087,placebo,no COVID-19
2088,placebo,no COVID-19
2089,placebo,no COVID-19
2090,placebo,no COVID-19
2091,placebo,no COVID-19
2092,placebo,no COVID-19
2093,placebo,no COVID-19
2094,placebo,no COVID-19
2095,placebo,no COVID-19
2096,placebo,no COVID-19
2097,placebo,no COVID-19
2098,placebo,no COVID-19
2099,placebo,no COVID-19
2100,placebo,no COVID-19
2101,placebo,no COVID-19
2102,placebo,no COVID-19
2103,placebo,no COVID-19
2104,placebo,no COVID-19
2105,placebo,no COVID-19
2106,placebo,no COVID-19
2107,placebo,no COVID-19
2108,placebo,no COVID-19
2109,placebo,no COVID-19
2110,placebo,no COVID-19
2111,placebo,no COVID-19
2112,placebo,no COVID-19
2113,placebo,no COVID-19
2114,placebo,no COVID-19
2115,placebo,no COVID-19
2116,placebo,no COVID-19
2117,placebo,no COVID-19
2118,placebo,no COVID-19
2119,placebo,no COVID-19
2120,placebo,no COVID-19
2121,placebo,no COVID-19
2122,placebo,no COVID-19
2123,placebo,no COVID-19
2124,placebo,no COVID-19
2125,placebo,no COVID-19
2126,placebo,no COVID-19
2127,placebo,no COVID-19
2128,placebo,no COVID-19
2129,placebo,no COVID-19
2130,placebo,no COVID-19
2131,placebo,no COVID-19
2132,placebo,no COVID-19
2133,placebo,no COVID-19
2134,placebo,no COVID-19
2135,placebo,no COVID-19
2136,placebo,no COVID-19
2137,placebo,no COVID-19
2138,placebo,no COVID-19
2139,placebo,no COVID-19
2140,placebo,no COVID-19
2141,placebo,no COVID-19
2142,placebo,no COVID-19
2143,placebo,no COVID-19
2144,placebo,no COVID-19
2145,placebo,no COVID-19
2146,placebo,no COVID-19
2147,placebo,no COVID-19
2148,placebo,no COVID-19
2149,placebo,no COVID-19
2150,placebo,no COVID-19
2151,placebo,no COVID-19
2152,placebo,no COVID-19
2153,placebo,no COVID-19
2154,placebo,no COVID-19
2155,placebo,no COVID-19
2156,placebo,no COVID-19
2157,placebo,no COVID-19
2158,placebo,no COVID-19
2159,placebo,no COVID-19
2160,placebo,no COVID-19
2161,placebo,no COVID-19
2162,placebo,no COVID-19
2163,placebo,no COVID-19
2164,placebo,no COVID-19
2165,placebo,no COVID-19
2166,placebo,no COVID-19
2167,placebo,no COVID-19
2168,placebo,no COVID-19
2169,placebo,no COVID-19
2170,placebo,no COVID-19
2171,placebo,no COVID-19
2172,placebo,no COVID-19
2173,placebo,no COVID-19
2174,placebo,no COVID-19
2175,placebo,no COVID-19
2176,placebo,no COVID-19
2177,placebo,no COVID-19
2178,placebo,no COVID-19
2179,placebo,no COVID-19
2180,placebo,no COVID-19
2181,placebo,no COVID-19
2182,placebo,no COVID-19
2183,placebo,no COVID-19
2184,placebo,no COVID-19
2185,placebo,no COVID-19
2186,placebo,no COVID-19
2187,placebo,no COVID-19
2188,placebo,no COVID-19
2189,placebo,no COVID-19
2190,placebo,no COVID-19
2191,placebo,no COVID-19
2192,placebo,no COVID-19
2193,placebo,no COVID-19
2194,placebo,no COVID-19
2195,placebo,no COVID-19
2196,placebo,no COVID-19
2197,placebo,no COVID-19
2198,placebo,no COVID-19
2199,placebo,no COVID-19
2200,placebo,no COVID-19
2201,placebo,no COVID-19
2202,placebo,no COVID-19
2203,placebo,no COVID-19
2204,placebo,no COVID-19
2205,placebo,no COVID-19
2206,placebo,no COVID-19
2207,placebo,no COVID-19
2208,placebo,no COVID-19
2209,placebo,no COVID-19
2210,placebo,no COVID-19
2211,placebo,no COVID-19
2212,placebo,no COVID-19
2213,placebo,no COVID-19
2214,placebo,no COVID-19
2215,placebo,no COVID-19
2216,placebo,no COVID-19
2217,placebo,no COVID-19
2218,placebo,no COVID-19
2219,placebo,no COVID-19
2220,placebo,no COVID-19
2221,placebo,no COVID-19
2222,placebo,no COVID-19
2223,placebo,no COVID-19
2224,placebo,no COVID-19
2225,placebo,no COVID-19
2226,placebo,no COVID-19
2227,placebo,no COVID-19
2228,placebo,no COVID-19
2229,placebo,no COVID-19
2230,placebo,no COVID-19
2231,placebo,no COVID-19
2232,placebo,no COVID-19
2233,placebo,no COVID-19
2234,placebo,no COVID-19
2235,placebo,no COVID-19
2236,placebo,no COVID-19
2237,placebo,no COVID-19
2238,placebo,no COVID-19
2239,placebo,no COVID-19
2240,placebo,no COVID-19
2241,placebo,no COVID-19
2242,placebo,no COVID-19
2243,placebo,no COVID-19
2244,placebo,no COVID-19
2245,placebo,no COVID-19
2246,placebo,no COVID-19
2247,placebo,no COVID-19
2248,placebo,no COVID-19
2249,placebo,no COVID-19
2250,placebo,no COVID-19
2251,placebo,no COVID-19
2252,placebo,no COVID-19
2253,placebo,no COVID-19
2254,placebo,no COVID-19
2255,placebo,no COVID-19
2256,placebo,no COVID-19
2257,placebo,no COVID-19
2258,placebo,no COVID-19
2259,placebo,no COVID-19
2260,placebo,no COVID-19
