rownames,fage,mage,mature,weeks,premie,visits,gained,weight,lowbirthweight,sex,habit,marital,whitemom
1,34,34,younger mom,37,full term,14,28,6.96,not low,male,nonsmoker,married,white
2,36,31,younger mom,41,full term,12,41,8.86,not low,female,nonsmoker,married,white
3,37,36,mature mom,37,full term,10,28,7.51,not low,female,nonsmoker,married,not white
4,,16,younger mom,38,full term,,29,6.19,not low,male,nonsmoker,not married,white
5,32,31,younger mom,36,premie,12,48,6.75,not low,female,nonsmoker,married,white
6,32,26,younger mom,39,full term,14,45,6.69,not low,female,nonsmoker,married,white
7,37,36,mature mom,36,premie,10,20,6.13,not low,female,nonsmoker,married,white
8,29,24,younger mom,40,full term,13,65,6.74,not low,male,nonsmoker,not married,white
9,30,32,younger mom,39,full term,15,25,8.94,not low,female,nonsmoker,married,white
10,29,26,younger mom,39,full term,11,22,9.12,not low,male,nonsmoker,not married,not white
11,30,34,younger mom,42,full term,14,40,8.91,not low,male,nonsmoker,married,white
12,34,27,younger mom,40,full term,16,30,8,not low,male,nonsmoker,married,white
13,28,22,younger mom,40,full term,20,31,7.25,not low,female,nonsmoker,not married,white
14,28,31,younger mom,39,full term,15,,8.2,not low,male,nonsmoker,not married,white
15,32,25,younger mom,34,premie,20,25,6.81,not low,male,nonsmoker,not married,not white
16,24,20,younger mom,37,full term,10,70,5.56,not low,male,nonsmoker,not married,white
17,29,32,younger mom,38,full term,12,22,6.75,not low,female,nonsmoker,married,white
18,35,33,younger mom,41,full term,15,38,4.75,low,male,nonsmoker,married,not white
19,25,26,younger mom,44,full term,16,20,5.99,not low,male,smoker,not married,white
20,22,23,younger mom,40,full term,18,31,8,not low,male,nonsmoker,not married,white
21,32,29,younger mom,40,full term,15,,8.54,not low,female,nonsmoker,married,white
22,21,20,younger mom,40,full term,11,0,7.69,not low,male,nonsmoker,not married,white
23,36,34,younger mom,40,full term,16,35,6.56,not low,female,nonsmoker,married,not white
24,35,35,mature mom,38,full term,16,18,6.08,not low,female,nonsmoker,not married,not white
25,22,24,younger mom,40,full term,12,28,8.54,not low,male,nonsmoker,married,white
26,29,23,younger mom,41,full term,,20,8.31,not low,female,smoker,not married,white
27,38,31,younger mom,39,full term,13,0,6.98,not low,female,nonsmoker,married,white
28,40,42,mature mom,44,full term,9,44,7.87,not low,male,nonsmoker,married,not white
29,26,27,younger mom,39,full term,13,69,9.72,not low,male,nonsmoker,married,white
30,20,32,younger mom,39,full term,13,10,7.03,not low,male,nonsmoker,not married,white
31,32,28,younger mom,44,full term,8,42,7.13,not low,female,nonsmoker,married,white
32,31,35,mature mom,40,full term,13,24,6.97,not low,female,nonsmoker,married,white
33,38,23,younger mom,39,full term,8,44,7.58,not low,male,nonsmoker,married,white
34,34,19,younger mom,40,full term,9,28,8.2,not low,male,nonsmoker,married,white
35,30,31,younger mom,35,premie,6,31,6,not low,male,nonsmoker,married,not white
36,38,47,mature mom,33,premie,10,28,4.31,low,male,nonsmoker,not married,not white
37,27,28,younger mom,38,full term,11,20,7.31,not low,male,nonsmoker,married,white
38,,32,younger mom,40,full term,2,35,6.96,not low,male,nonsmoker,not married,not white
39,39,36,mature mom,42,full term,6,4,7.75,not low,female,nonsmoker,married,not white
40,31,30,younger mom,35,premie,15,22,7.17,not low,male,nonsmoker,married,not white
41,28,24,younger mom,37,full term,11,20,7.06,not low,female,smoker,not married,white
42,32,36,mature mom,39,full term,,36,6.94,not low,female,smoker,married,white
43,25,29,younger mom,37,full term,7,9,8.19,not low,male,nonsmoker,married,white
44,21,19,younger mom,40,full term,13,24,7.63,not low,female,nonsmoker,not married,not white
45,30,30,younger mom,37,full term,12,23,6.5,not low,male,nonsmoker,married,white
46,28,30,younger mom,39,full term,10,16,6.81,not low,female,nonsmoker,married,white
47,26,34,younger mom,39,full term,14,25,8,not low,female,nonsmoker,married,white
48,42,43,mature mom,34,premie,15,35,4.19,low,male,nonsmoker,married,white
49,35,28,younger mom,39,full term,13,17,6.32,not low,female,nonsmoker,married,white
50,30,30,younger mom,36,premie,12,10,4.75,low,male,smoker,not married,white
51,,33,younger mom,40,full term,17,12,6.93,not low,male,nonsmoker,not married,not white
52,32,31,younger mom,40,full term,19,19,5.94,not low,female,nonsmoker,married,not white
53,38,28,younger mom,39,full term,12,51,7.58,not low,female,nonsmoker,married,white
54,33,31,younger mom,36,premie,10,19,5.88,not low,male,nonsmoker,married,white
55,32,27,younger mom,41,full term,15,35,8.15,not low,female,nonsmoker,not married,white
56,28,26,younger mom,41,full term,11,20,7.61,not low,female,nonsmoker,married,white
57,27,25,younger mom,34,premie,7,20,4.32,low,female,smoker,married,white
58,32,26,younger mom,40,full term,,23,7.72,not low,female,smoker,not married,white
59,25,29,younger mom,39,full term,9,50,7.98,not low,male,nonsmoker,not married,not white
60,31,27,younger mom,41,full term,15,26,7.13,not low,male,nonsmoker,married,white
61,21,20,younger mom,39,full term,29,17,6.43,not low,male,nonsmoker,not married,white
62,,22,younger mom,37,full term,0,7,5.44,low,male,nonsmoker,not married,white
63,47,38,mature mom,42,full term,13,28,8.75,not low,female,nonsmoker,not married,not white
64,,25,younger mom,40,full term,10,34,7.97,not low,female,smoker,not married,white
65,37,39,mature mom,39,full term,3,27,6.79,not low,female,,married,white
66,20,24,younger mom,28,premie,,,2.16,low,male,nonsmoker,not married,white
67,33,26,younger mom,40,full term,7,32,7.13,not low,male,nonsmoker,not married,not white
68,41,32,younger mom,34,premie,0,0,7.42,not low,female,nonsmoker,not married,white
69,37,35,mature mom,39,full term,9,41,7.89,not low,male,nonsmoker,married,white
70,43,38,mature mom,38,full term,11,41,8.39,not low,female,nonsmoker,married,not white
71,38,34,younger mom,29,premie,9,20,1.81,low,male,nonsmoker,married,not white
72,,32,younger mom,39,full term,6,21,5.5,not low,female,nonsmoker,not married,white
73,36,32,younger mom,33,premie,6,40,5.56,not low,female,nonsmoker,not married,white
74,,22,younger mom,38,full term,11,37,7.94,not low,female,nonsmoker,married,white
75,31,29,younger mom,40,full term,15,40,7.19,not low,female,nonsmoker,married,white
76,31,33,younger mom,38,full term,10,40,8,not low,female,nonsmoker,married,white
77,25,28,younger mom,37,full term,14,19,6.56,not low,female,nonsmoker,married,white
78,43,28,younger mom,39,full term,5,32,9.06,not low,male,nonsmoker,married,white
79,21,22,younger mom,38,full term,7,27,7.01,not low,male,nonsmoker,not married,white
80,,21,younger mom,40,full term,13,29,8.38,not low,female,nonsmoker,not married,white
81,,16,younger mom,40,full term,9,55,8.08,not low,female,nonsmoker,not married,white
82,38,36,mature mom,36,premie,18,35,5.44,low,male,nonsmoker,married,white
83,31,29,younger mom,38,full term,13,23,7.65,not low,male,nonsmoker,married,white
84,,27,younger mom,39,full term,10,58,7.94,not low,female,nonsmoker,not married,not white
85,34,34,younger mom,36,premie,10,14,4.31,low,female,nonsmoker,married,white
86,25,27,younger mom,37,full term,17,,7.69,not low,female,nonsmoker,not married,white
87,25,25,younger mom,36,premie,18,44,7.45,not low,male,smoker,not married,not white
88,35,36,mature mom,39,full term,,71,8.07,not low,female,smoker,married,white
89,26,27,younger mom,38,full term,12,23,6.06,not low,male,nonsmoker,married,white
90,36,40,mature mom,39,full term,,40,8,not low,male,smoker,married,white
91,19,18,younger mom,38,full term,,40,7.94,not low,male,smoker,not married,white
92,25,23,younger mom,38,full term,14,36,6.69,not low,male,nonsmoker,not married,white
93,24,20,younger mom,37,full term,2,19,5.11,low,female,nonsmoker,married,white
94,33,31,younger mom,38,full term,8,52,8.07,not low,male,nonsmoker,not married,white
95,37,38,mature mom,36,premie,10,32,6.04,not low,female,nonsmoker,married,not white
96,21,20,younger mom,38,full term,7,20,7.37,not low,male,nonsmoker,not married,white
97,21,28,younger mom,40,full term,5,7,6.97,not low,female,nonsmoker,not married,white
98,32,33,younger mom,41,full term,12,16,7.5,not low,female,nonsmoker,not married,white
99,27,27,younger mom,39,full term,10,17,6.36,not low,male,nonsmoker,not married,not white
100,39,37,mature mom,41,full term,25,26,8.25,not low,male,nonsmoker,married,white
101,29,27,younger mom,41,full term,10,17,8.73,not low,male,nonsmoker,not married,white
102,,37,mature mom,39,full term,0,,7.63,not low,female,nonsmoker,not married,white
103,26,31,younger mom,40,full term,,15,7.44,not low,male,smoker,not married,white
104,25,31,younger mom,32,premie,12,41,6.38,not low,male,nonsmoker,married,white
105,31,37,mature mom,40,full term,13,46,8.31,not low,male,nonsmoker,married,white
106,38,30,younger mom,38,full term,3,53,7.77,not low,female,nonsmoker,married,white
107,,20,younger mom,38,full term,14,45,6.49,not low,female,nonsmoker,not married,white
108,26,29,younger mom,36,premie,8,31,6.69,not low,male,nonsmoker,married,white
109,25,30,younger mom,38,full term,7,31,5.81,not low,male,nonsmoker,married,white
110,28,28,younger mom,40,full term,12,38,6.44,not low,female,nonsmoker,not married,white
111,27,26,younger mom,40,full term,9,54,9.68,not low,female,nonsmoker,married,white
112,29,27,younger mom,40,full term,11,22,5.94,not low,female,nonsmoker,married,white
113,32,30,younger mom,39,full term,11,26,7.37,not low,male,nonsmoker,not married,white
114,43,27,younger mom,39,full term,14,45,8.69,not low,female,nonsmoker,married,white
115,,26,younger mom,39,full term,8,35,8.12,not low,female,nonsmoker,not married,white
116,29,25,younger mom,40,full term,11,21,5.89,not low,female,smoker,married,white
117,30,30,younger mom,45,full term,9,13,7.63,not low,female,nonsmoker,married,white
118,24,26,younger mom,37,full term,12,25,8.31,not low,female,nonsmoker,not married,white
119,,18,younger mom,39,full term,10,30,6.07,not low,female,nonsmoker,not married,white
120,,21,younger mom,39,full term,13,35,6.81,not low,female,nonsmoker,not married,not white
121,,27,younger mom,39,full term,13,34,7.81,not low,male,nonsmoker,not married,not white
122,15,19,younger mom,39,full term,13,25,6.94,not low,female,nonsmoker,not married,not white
123,38,33,younger mom,39,full term,11,12,8.25,not low,female,nonsmoker,not married,not white
124,28,29,younger mom,40,full term,17,76,8.88,not low,female,nonsmoker,married,white
125,36,43,mature mom,39,full term,10,36,7.54,not low,male,nonsmoker,married,white
126,37,39,mature mom,41,full term,7,28,6.56,not low,female,nonsmoker,married,white
127,,21,younger mom,39,full term,9,35,7.63,not low,male,nonsmoker,not married,white
128,27,26,younger mom,41,full term,10,38,8.87,not low,male,nonsmoker,married,white
129,,26,younger mom,39,full term,8,7,7.75,not low,male,smoker,not married,not white
130,25,27,younger mom,39,full term,13,19,5.9,not low,female,nonsmoker,married,not white
131,46,38,mature mom,40,full term,11,12,8.88,not low,male,nonsmoker,married,white
132,27,28,younger mom,39,full term,14,30,5.97,not low,male,nonsmoker,married,white
133,43,39,mature mom,40,full term,11,37,8.75,not low,female,nonsmoker,married,white
134,41,24,younger mom,40,full term,15,38,7.26,not low,male,nonsmoker,married,not white
135,39,36,mature mom,39,full term,12,74,8.56,not low,female,nonsmoker,married,white
136,34,31,younger mom,40,full term,16,45,5.58,not low,female,nonsmoker,not married,white
137,36,26,younger mom,38,full term,,25,7.69,not low,female,nonsmoker,not married,white
138,31,31,younger mom,37,full term,12,36,6.27,not low,female,nonsmoker,married,white
139,27,23,younger mom,37,full term,15,34,5.91,not low,female,nonsmoker,married,white
140,,21,younger mom,38,full term,8,10,5.64,not low,male,nonsmoker,not married,not white
141,43,38,mature mom,38,full term,14,25,7.39,not low,female,nonsmoker,married,not white
142,20,24,younger mom,39,full term,11,67,7.86,not low,female,nonsmoker,not married,white
143,34,29,younger mom,38,full term,21,18,4.55,low,male,,married,white
144,29,23,younger mom,39,full term,7,20,5.07,low,female,nonsmoker,married,white
145,25,30,younger mom,37,full term,18,40,7,not low,female,nonsmoker,not married,white
146,30,32,younger mom,40,full term,16,50,9.24,not low,male,nonsmoker,married,white
147,25,24,younger mom,37,full term,12,26,6.5,not low,female,nonsmoker,not married,white
148,31,31,younger mom,39,full term,11,29,7.22,not low,female,nonsmoker,married,white
149,43,36,mature mom,40,full term,9,16,6.92,not low,female,nonsmoker,married,white
150,32,34,younger mom,43,full term,14,20,7.8,not low,male,nonsmoker,married,white
151,34,31,younger mom,38,full term,12,20,5.13,low,female,nonsmoker,married,not white
152,21,26,younger mom,43,full term,11,14,6.65,not low,male,smoker,not married,white
153,29,22,younger mom,37,full term,12,26,5.5,low,female,smoker,not married,white
154,38,42,mature mom,39,full term,18,9,7.78,not low,male,nonsmoker,married,not white
155,31,31,younger mom,40,full term,,29,3.93,low,female,smoker,married,white
156,,32,younger mom,32,premie,9,85,8.15,not low,female,nonsmoker,not married,white
157,21,24,younger mom,39,full term,9,62,6.94,not low,female,nonsmoker,not married,not white
158,28,29,younger mom,37,full term,10,44,6.95,not low,female,nonsmoker,married,white
159,32,32,younger mom,38,full term,11,30,6.87,not low,male,nonsmoker,not married,white
160,22,23,younger mom,41,full term,,47,8.87,not low,male,nonsmoker,not married,white
161,18,18,younger mom,39,full term,16,32,8.84,not low,female,nonsmoker,not married,white
162,31,29,younger mom,40,full term,9,,6.81,not low,male,nonsmoker,not married,white
163,26,26,younger mom,40,full term,11,4,7.61,not low,female,nonsmoker,married,white
164,20,26,younger mom,39,full term,15,26,8.06,not low,female,nonsmoker,married,not white
165,34,30,younger mom,39,full term,13,29,7.21,not low,female,nonsmoker,married,white
166,32,25,younger mom,40,full term,13,20,7.21,not low,female,nonsmoker,not married,not white
167,29,23,younger mom,37,full term,11,36,6.5,not low,male,nonsmoker,not married,white
168,34,30,younger mom,36,premie,28,25,5.62,not low,male,nonsmoker,married,white
169,29,23,younger mom,40,full term,12,59,8.54,not low,male,nonsmoker,not married,white
170,32,28,younger mom,36,premie,15,28,6,not low,female,nonsmoker,married,not white
171,22,24,younger mom,35,premie,8,16,9.25,not low,female,smoker,not married,white
172,20,19,younger mom,39,full term,12,59,5.93,not low,female,smoker,not married,white
173,32,36,mature mom,35,premie,9,20,7.69,not low,female,nonsmoker,married,white
174,23,19,younger mom,40,full term,13,,9.31,not low,male,,married,white
175,47,36,mature mom,39,full term,15,20,8.44,not low,male,nonsmoker,married,white
176,26,20,younger mom,39,full term,14,15,6.19,not low,female,nonsmoker,married,white
177,24,19,younger mom,34,premie,9,34,4.44,low,female,nonsmoker,married,white
178,24,25,younger mom,36,premie,8,0,5.5,not low,male,nonsmoker,not married,white
179,33,27,younger mom,38,full term,11,31,7.44,not low,male,nonsmoker,married,white
180,35,37,mature mom,43,full term,11,25,7.19,not low,female,nonsmoker,married,white
181,34,25,younger mom,41,full term,13,35,7,not low,female,nonsmoker,married,not white
182,39,34,younger mom,41,full term,13,42,9.19,not low,female,nonsmoker,married,white
183,,25,younger mom,38,full term,13,,5.89,not low,male,nonsmoker,not married,not white
184,30,27,younger mom,41,full term,12,42,8.54,not low,male,nonsmoker,married,white
185,42,34,younger mom,39,full term,,22,7.53,not low,female,smoker,married,white
186,26,31,younger mom,38,full term,11,28,6.64,not low,female,nonsmoker,married,not white
187,27,23,younger mom,33,premie,5,26,8.75,not low,male,nonsmoker,married,white
188,25,26,younger mom,39,full term,13,55,6.81,not low,male,nonsmoker,not married,white
189,27,27,younger mom,37,full term,12,29,9.7,not low,male,nonsmoker,married,white
190,,34,younger mom,29,premie,6,49,3.09,low,female,nonsmoker,not married,white
191,43,34,younger mom,40,full term,15,30,7.87,not low,female,nonsmoker,not married,not white
192,21,19,younger mom,38,full term,15,42,8.69,not low,male,nonsmoker,not married,white
193,33,33,younger mom,31,premie,12,36,7.83,not low,male,nonsmoker,married,white
194,23,24,younger mom,32,premie,13,26,6.78,not low,male,nonsmoker,married,not white
195,42,40,mature mom,38,full term,10,18,7.5,not low,female,nonsmoker,married,white
196,48,35,mature mom,36,premie,5,16,7.63,not low,male,nonsmoker,not married,not white
197,29,24,younger mom,39,full term,2,33,6.43,not low,female,nonsmoker,not married,white
198,25,21,younger mom,38,full term,12,20,5.64,not low,male,nonsmoker,not married,white
199,30,34,younger mom,41,full term,8,5,7.75,not low,female,nonsmoker,married,not white
200,27,26,younger mom,40,full term,13,24,6.12,not low,female,nonsmoker,married,white
201,31,34,younger mom,40,full term,17,98,7.23,not low,male,nonsmoker,married,white
202,16,25,younger mom,40,full term,12,71,9.06,not low,male,nonsmoker,not married,white
203,31,33,younger mom,38,full term,18,11,7.24,not low,male,nonsmoker,married,white
204,28,32,younger mom,43,full term,,20,8.95,not low,male,nonsmoker,not married,white
205,22,25,younger mom,39,full term,14,12,7.84,not low,female,nonsmoker,not married,white
206,,25,younger mom,41,full term,15,25,8.69,not low,female,smoker,not married,white
207,27,22,younger mom,39,full term,12,36,7.81,not low,male,nonsmoker,married,white
208,39,36,mature mom,38,full term,12,20,6.56,not low,female,nonsmoker,married,white
209,37,37,mature mom,39,full term,14,25,7.94,not low,male,nonsmoker,married,white
210,31,31,younger mom,38,full term,12,3,6.38,not low,female,nonsmoker,married,white
211,21,21,younger mom,39,full term,12,19,6.44,not low,female,nonsmoker,not married,not white
212,38,33,younger mom,39,full term,10,33,6.86,not low,female,nonsmoker,married,white
213,,35,mature mom,37,full term,11,44,6.19,not low,female,nonsmoker,not married,not white
214,33,23,younger mom,34,premie,11,34,4.85,low,female,nonsmoker,married,white
215,24,22,younger mom,40,full term,12,10,5.06,low,female,nonsmoker,not married,white
216,33,37,mature mom,38,full term,19,26,7.5,not low,female,nonsmoker,married,not white
217,38,39,mature mom,40,full term,0,45,8.3,not low,female,nonsmoker,married,white
218,,24,younger mom,40,full term,12,73,8.76,not low,male,smoker,not married,white
219,41,36,mature mom,38,full term,9,33,7.17,not low,male,nonsmoker,married,not white
220,21,23,younger mom,37,full term,12,44,6.69,not low,male,nonsmoker,not married,white
221,24,22,younger mom,39,full term,13,8,7.19,not low,female,nonsmoker,not married,white
222,26,24,younger mom,41,full term,0,28,6.5,not low,male,smoker,not married,white
223,,30,younger mom,38,full term,10,22,7.37,not low,female,nonsmoker,not married,white
224,24,21,younger mom,41,full term,14,35,7.37,not low,male,nonsmoker,not married,white
225,,24,younger mom,38,full term,4,10,8.09,not low,male,nonsmoker,not married,not white
226,,18,younger mom,40,full term,5,45,7.52,not low,female,nonsmoker,not married,white
227,30,29,younger mom,41,full term,14,34,7.95,not low,male,nonsmoker,married,white
228,30,32,younger mom,38,full term,9,22,7.31,not low,male,nonsmoker,married,white
229,,17,younger mom,40,full term,12,28,6.25,not low,male,nonsmoker,not married,white
230,29,29,younger mom,41,full term,16,44,7.09,not low,male,nonsmoker,married,not white
231,37,25,younger mom,40,full term,10,15,7.9,not low,female,nonsmoker,not married,white
232,28,26,younger mom,39,full term,10,35,6.53,not low,male,nonsmoker,not married,white
233,53,31,younger mom,35,premie,11,30,5.94,not low,female,nonsmoker,married,white
234,31,34,younger mom,37,full term,12,1,6.57,not low,male,nonsmoker,married,white
235,21,22,younger mom,38,full term,15,17,7.65,not low,male,nonsmoker,not married,white
236,33,29,younger mom,39,full term,11,35,8.23,not low,female,nonsmoker,married,white
237,38,36,mature mom,40,full term,17,29,6.87,not low,female,nonsmoker,married,white
238,22,23,younger mom,39,full term,12,32,7.1,not low,male,nonsmoker,married,not white
239,30,30,younger mom,41,full term,20,34,7.35,not low,male,nonsmoker,married,white
240,32,28,younger mom,38,full term,8,15,7.01,not low,female,nonsmoker,not married,not white
241,38,27,younger mom,39,full term,17,,8.88,not low,male,nonsmoker,married,not white
242,35,35,mature mom,37,full term,10,28,6.25,not low,female,nonsmoker,not married,white
243,,23,younger mom,39,full term,12,,7.56,not low,male,nonsmoker,not married,not white
244,25,25,younger mom,36,premie,9,27,6.5,not low,male,nonsmoker,not married,not white
245,,23,younger mom,39,full term,11,23,8.12,not low,male,nonsmoker,not married,white
246,30,31,younger mom,38,full term,8,21,10.62,not low,male,,married,white
247,36,34,younger mom,40,full term,10,29,6.72,not low,male,nonsmoker,married,white
248,38,38,mature mom,40,full term,15,27,7.98,not low,female,nonsmoker,married,white
249,,26,younger mom,39,full term,16,33,9.19,not low,male,nonsmoker,married,white
250,37,34,younger mom,39,full term,15,29,7.44,not low,male,nonsmoker,married,white
251,44,37,mature mom,34,premie,16,37,4.56,low,male,nonsmoker,married,white
252,35,34,younger mom,39,full term,8,57,8.14,not low,male,nonsmoker,married,white
253,32,32,younger mom,39,full term,10,25,6.55,not low,male,,married,not white
254,18,20,younger mom,38,full term,,26,6.86,not low,male,smoker,not married,not white
255,35,32,younger mom,42,full term,12,32,8.31,not low,female,nonsmoker,married,white
256,28,23,younger mom,41,full term,7,17,9.45,not low,male,nonsmoker,not married,white
257,28,29,younger mom,39,full term,11,22,9.39,not low,male,nonsmoker,married,white
258,41,37,mature mom,42,full term,13,20,8.69,not low,female,nonsmoker,married,white
259,37,32,younger mom,40,full term,12,41,8.13,not low,male,nonsmoker,married,white
260,31,30,younger mom,40,full term,12,40,6.89,not low,female,nonsmoker,married,not white
261,38,31,younger mom,43,full term,7,1,7.66,not low,female,nonsmoker,married,not white
262,37,38,mature mom,40,full term,12,20,6.1,not low,female,nonsmoker,married,not white
263,33,33,younger mom,35,premie,8,19,5.51,not low,female,nonsmoker,married,white
264,20,22,younger mom,39,full term,8,45,8.5,not low,male,nonsmoker,married,white
265,27,30,younger mom,38,full term,6,18,7.87,not low,female,nonsmoker,not married,white
266,25,27,younger mom,39,full term,13,30,8.94,not low,male,nonsmoker,not married,white
267,38,36,mature mom,37,full term,11,22,6.92,not low,female,nonsmoker,married,white
268,37,34,younger mom,39,full term,12,27,7.5,not low,male,nonsmoker,married,white
269,20,22,younger mom,36,premie,8,34,8.25,not low,female,nonsmoker,married,white
270,25,24,younger mom,39,full term,14,13,6.98,not low,female,nonsmoker,not married,white
271,38,35,mature mom,39,full term,14,0,8.75,not low,male,nonsmoker,married,not white
272,40,37,mature mom,39,full term,13,22,7.66,not low,male,nonsmoker,married,white
273,22,21,younger mom,41,full term,10,42,7.12,not low,female,nonsmoker,not married,white
274,44,39,mature mom,41,full term,17,35,8.19,not low,male,nonsmoker,not married,white
275,29,20,younger mom,32,premie,13,30,6.69,not low,male,smoker,not married,white
276,31,25,younger mom,35,premie,9,42,3.97,low,female,nonsmoker,married,white
277,27,28,younger mom,34,premie,10,55,6,not low,female,nonsmoker,married,not white
278,31,24,younger mom,40,full term,5,,6.72,not low,male,nonsmoker,not married,not white
279,24,25,younger mom,38,full term,13,14,6.31,not low,female,nonsmoker,not married,white
280,24,25,younger mom,39,full term,10,17,8.62,not low,male,nonsmoker,not married,white
281,,20,younger mom,41,full term,15,40,7.95,not low,male,nonsmoker,not married,not white
282,26,26,younger mom,41,full term,10,,8.25,not low,male,nonsmoker,married,white
283,,36,mature mom,30,premie,3,18,2.72,low,female,smoker,not married,white
284,26,27,younger mom,41,full term,16,40,7.25,not low,female,nonsmoker,married,white
285,35,27,younger mom,39,full term,4,5,7.58,not low,female,nonsmoker,married,not white
286,30,25,younger mom,38,full term,4,25,7.67,not low,male,nonsmoker,not married,white
287,,27,younger mom,37,full term,4,31,6.62,not low,female,smoker,not married,white
288,36,29,younger mom,39,full term,9,25,8.12,not low,male,nonsmoker,married,not white
289,35,35,mature mom,38,full term,10,40,7.98,not low,female,nonsmoker,married,white
290,47,33,younger mom,39,full term,7,11,7.13,not low,male,nonsmoker,married,not white
291,23,18,younger mom,38,full term,10,38,7.56,not low,male,nonsmoker,not married,not white
292,23,23,younger mom,40,full term,13,30,8.23,not low,female,nonsmoker,married,white
293,22,20,younger mom,39,full term,10,10,6.53,not low,female,nonsmoker,married,white
294,33,33,younger mom,39,full term,13,31,7.69,not low,male,nonsmoker,married,white
295,31,26,younger mom,39,full term,16,46,7.19,not low,male,nonsmoker,married,white
296,43,32,younger mom,39,full term,10,29,8.25,not low,female,nonsmoker,married,white
297,21,23,younger mom,40,full term,9,28,10.21,not low,male,nonsmoker,married,white
298,39,31,younger mom,38,full term,14,44,6.66,not low,female,nonsmoker,married,white
299,24,22,younger mom,41,full term,13,11,7.95,not low,male,nonsmoker,married,white
300,39,25,younger mom,39,full term,10,42,8.28,not low,male,nonsmoker,married,white
301,29,33,younger mom,39,full term,5,19,7.28,not low,male,nonsmoker,not married,white
302,33,29,younger mom,41,full term,8,41,6.75,not low,male,nonsmoker,married,white
303,33,28,younger mom,41,full term,14,23,7.37,not low,female,nonsmoker,not married,white
304,28,26,younger mom,37,full term,12,22,7,not low,male,nonsmoker,married,white
305,25,27,younger mom,41,full term,16,83,8.79,not low,male,nonsmoker,married,white
306,34,31,younger mom,40,full term,13,40,7.9,not low,male,nonsmoker,married,white
307,33,25,younger mom,40,full term,8,18,7.25,not low,female,nonsmoker,not married,not white
308,25,27,younger mom,41,full term,14,41,8.57,not low,female,nonsmoker,married,white
309,31,32,younger mom,39,full term,12,24,7.75,not low,male,nonsmoker,married,white
310,32,26,younger mom,41,full term,14,30,8.17,not low,male,,married,white
311,44,38,mature mom,39,full term,4,29,7.69,not low,female,nonsmoker,married,not white
312,28,31,younger mom,39,full term,4,0,8,not low,male,nonsmoker,married,white
313,43,38,mature mom,38,full term,9,35,7.19,not low,male,nonsmoker,married,white
314,31,31,younger mom,37,full term,12,29,5.97,not low,female,nonsmoker,married,not white
315,45,39,mature mom,39,full term,15,36,8.94,not low,female,nonsmoker,married,white
316,18,18,younger mom,39,full term,8,39,5.69,not low,female,nonsmoker,not married,not white
317,20,23,younger mom,40,full term,12,16,7.61,not low,female,nonsmoker,not married,white
318,21,21,younger mom,40,full term,,,6.68,not low,female,nonsmoker,not married,not white
319,,20,younger mom,37,full term,9,28,7.33,not low,male,nonsmoker,not married,white
320,30,34,younger mom,39,full term,12,41,8.48,not low,male,nonsmoker,married,white
321,36,33,younger mom,40,full term,12,53,6.74,not low,male,nonsmoker,not married,white
322,34,28,younger mom,39,full term,8,27,7.58,not low,female,smoker,married,white
323,25,27,younger mom,38,full term,11,24,9,not low,male,smoker,not married,white
324,,16,younger mom,39,full term,8,43,6.74,not low,female,nonsmoker,not married,white
325,,22,younger mom,35,premie,8,5,4.5,low,male,nonsmoker,not married,white
326,33,28,younger mom,37,full term,8,30,6.81,not low,female,nonsmoker,married,white
327,44,35,mature mom,41,full term,12,25,8.7,not low,male,nonsmoker,married,not white
328,30,33,younger mom,40,full term,12,34,6.75,not low,male,nonsmoker,not married,not white
329,27,25,younger mom,25,premie,4,6,2.13,low,male,nonsmoker,married,not white
330,35,32,younger mom,41,full term,15,51,7.63,not low,male,nonsmoker,married,white
331,29,26,younger mom,39,full term,3,29,8.31,not low,female,nonsmoker,not married,white
332,20,20,younger mom,39,full term,10,32,7.04,not low,female,nonsmoker,not married,white
333,31,29,younger mom,39,full term,13,50,7.4,not low,female,nonsmoker,not married,white
334,49,40,mature mom,39,full term,12,30,6.57,not low,female,nonsmoker,married,not white
335,42,31,younger mom,39,full term,5,77,7.91,not low,male,nonsmoker,married,not white
336,29,21,younger mom,36,premie,10,28,6.17,not low,female,nonsmoker,not married,white
337,25,27,younger mom,35,premie,,6,6.61,not low,male,smoker,not married,not white
338,,31,younger mom,39,full term,9,20,6.94,not low,male,nonsmoker,not married,white
339,19,16,younger mom,36,premie,8,49,6.38,not low,male,nonsmoker,married,white
340,33,29,younger mom,34,premie,,55,8.56,not low,male,nonsmoker,married,white
341,39,33,younger mom,40,full term,9,30,8.12,not low,male,nonsmoker,married,white
342,27,30,younger mom,46,full term,0,23,6.62,not low,female,nonsmoker,married,white
343,30,34,younger mom,39,full term,10,19,6.75,not low,female,nonsmoker,married,white
344,41,35,mature mom,38,full term,14,15,5.5,not low,female,nonsmoker,married,white
345,33,33,younger mom,35,premie,,32,4.94,low,female,smoker,married,not white
346,26,25,younger mom,39,full term,12,12,6.75,not low,male,nonsmoker,married,white
347,32,37,mature mom,37,full term,10,13,6.48,not low,female,nonsmoker,not married,white
348,,40,mature mom,39,full term,0,10,6.75,not low,male,smoker,not married,white
349,33,31,younger mom,37,full term,10,53,5.81,not low,female,nonsmoker,married,white
350,33,29,younger mom,41,full term,17,36,8.31,not low,male,nonsmoker,married,white
351,38,38,mature mom,40,full term,12,31,8.37,not low,female,nonsmoker,married,white
352,43,33,younger mom,40,full term,15,40,6.94,not low,female,nonsmoker,not married,not white
353,20,20,younger mom,41,full term,19,30,8.11,not low,male,nonsmoker,not married,white
354,34,26,younger mom,39,full term,7,47,7.94,not low,male,nonsmoker,married,white
355,38,34,younger mom,42,full term,10,29,6.88,not low,male,nonsmoker,married,not white
356,39,30,younger mom,40,full term,13,46,7.81,not low,female,nonsmoker,married,white
357,33,19,younger mom,38,full term,12,53,8,not low,female,smoker,not married,white
358,,18,younger mom,39,full term,12,0,6.25,not low,female,nonsmoker,not married,white
359,,33,younger mom,40,full term,10,,8.31,not low,female,nonsmoker,not married,not white
360,32,26,younger mom,38,full term,10,35,6.44,not low,male,nonsmoker,married,not white
361,26,24,younger mom,39,full term,14,31,8.59,not low,male,nonsmoker,married,white
362,33,30,younger mom,41,full term,13,19,6.19,not low,male,nonsmoker,not married,not white
363,26,37,mature mom,39,full term,13,38,8.31,not low,female,nonsmoker,married,white
364,38,33,younger mom,41,full term,11,18,8.19,not low,male,nonsmoker,not married,white
365,39,35,mature mom,41,full term,9,21,7.44,not low,female,nonsmoker,married,white
366,,37,mature mom,41,full term,,37,4.57,low,female,smoker,not married,white
367,29,26,younger mom,41,full term,13,60,6.82,not low,female,nonsmoker,married,white
368,28,23,younger mom,39,full term,17,24,7.25,not low,male,nonsmoker,not married,white
369,29,23,younger mom,37,full term,8,15,7.5,not low,female,nonsmoker,married,white
370,25,28,younger mom,42,full term,,30,7.37,not low,male,nonsmoker,married,white
371,26,27,younger mom,42,full term,12,26,7.13,not low,female,nonsmoker,married,white
372,45,34,younger mom,35,premie,9,22,4.25,low,female,nonsmoker,married,white
373,,27,younger mom,40,full term,12,35,7.44,not low,male,nonsmoker,not married,white
374,34,33,younger mom,40,full term,12,30,7.94,not low,male,nonsmoker,married,not white
375,26,27,younger mom,39,full term,0,63,7.46,not low,female,nonsmoker,married,white
376,25,27,younger mom,43,full term,12,27,8.24,not low,male,nonsmoker,married,white
377,21,19,younger mom,39,full term,10,26,7.13,not low,male,smoker,not married,white
378,24,20,younger mom,41,full term,,34,7.87,not low,male,nonsmoker,not married,white
379,20,23,younger mom,44,full term,17,7,6.56,not low,female,nonsmoker,married,white
380,34,34,younger mom,40,full term,12,23,5.56,not low,female,nonsmoker,not married,not white
381,27,27,younger mom,42,full term,1,98,7.75,not low,female,nonsmoker,married,not white
382,34,26,younger mom,42,full term,9,28,7.19,not low,female,nonsmoker,married,not white
383,41,40,mature mom,40,full term,10,25,7.23,not low,female,nonsmoker,married,not white
384,42,33,younger mom,37,full term,7,12,5.75,not low,male,nonsmoker,not married,white
385,34,29,younger mom,40,full term,15,25,7.39,not low,male,smoker,not married,white
386,39,41,mature mom,34,premie,11,28,7.56,not low,female,nonsmoker,married,not white
387,23,23,younger mom,42,full term,14,38,8.31,not low,male,nonsmoker,married,white
388,34,33,younger mom,42,full term,15,40,9.57,not low,female,nonsmoker,married,white
389,35,27,younger mom,39,full term,8,25,7.34,not low,female,nonsmoker,married,white
390,32,29,younger mom,40,full term,12,21,7.06,not low,male,nonsmoker,married,white
391,25,20,younger mom,40,full term,10,44,8.75,not low,male,nonsmoker,married,white
392,32,22,younger mom,39,full term,14,34,8.99,not low,male,nonsmoker,married,white
393,34,35,mature mom,37,full term,15,27,7.37,not low,male,nonsmoker,not married,white
394,21,18,younger mom,40,full term,10,45,7.94,not low,male,nonsmoker,not married,not white
395,42,26,younger mom,39,full term,11,35,7.87,not low,male,nonsmoker,married,white
396,34,28,younger mom,39,full term,10,18,7.75,not low,male,nonsmoker,married,white
397,34,31,younger mom,40,full term,16,25,10.42,not low,male,nonsmoker,married,white
398,34,30,younger mom,40,full term,16,9,7.66,not low,male,nonsmoker,married,white
399,26,24,younger mom,38,full term,10,35,7.22,not low,female,nonsmoker,married,white
400,36,34,younger mom,38,full term,10,28,7.69,not low,female,nonsmoker,married,white
401,,20,younger mom,39,full term,9,17,6.56,not low,female,nonsmoker,not married,white
402,44,41,mature mom,39,full term,8,38,9.93,not low,male,nonsmoker,married,white
403,33,32,younger mom,32,premie,13,47,6.38,not low,female,nonsmoker,married,white
404,36,39,mature mom,38,full term,14,35,9.12,not low,male,nonsmoker,married,white
405,24,20,younger mom,40,full term,10,49,9.84,not low,male,nonsmoker,married,white
406,30,28,younger mom,37,full term,10,,8.19,not low,male,nonsmoker,married,white
407,34,26,younger mom,39,full term,10,33,5.05,low,female,smoker,not married,white
408,26,27,younger mom,40,full term,15,18,8.44,not low,male,smoker,not married,white
409,37,24,younger mom,43,full term,9,4,7.56,not low,male,nonsmoker,not married,white
410,39,26,younger mom,36,premie,13,70,4.94,low,female,smoker,married,white
411,32,32,younger mom,39,full term,,31,7.19,not low,male,nonsmoker,not married,not white
412,27,28,younger mom,39,full term,7,40,7.13,not low,male,nonsmoker,married,white
413,26,28,younger mom,39,full term,10,28,7.87,not low,female,nonsmoker,not married,white
414,26,26,younger mom,40,full term,14,22,7.13,not low,female,smoker,married,white
415,25,27,younger mom,40,full term,16,37,6.86,not low,male,nonsmoker,married,white
416,43,38,mature mom,39,full term,7,49,7.21,not low,female,nonsmoker,married,not white
417,34,34,younger mom,38,full term,9,28,5.94,not low,female,nonsmoker,married,white
418,41,39,mature mom,39,full term,12,26,7.13,not low,male,nonsmoker,not married,white
419,25,26,younger mom,34,premie,8,49,5.29,low,male,nonsmoker,married,white
420,26,30,younger mom,39,full term,12,4,7.59,not low,female,nonsmoker,not married,white
421,31,29,younger mom,39,full term,9,15,7.62,not low,female,nonsmoker,married,not white
422,,26,younger mom,37,full term,12,50,5.6,not low,female,nonsmoker,not married,not white
423,33,21,younger mom,38,full term,7,36,6.44,not low,male,nonsmoker,married,white
424,28,22,younger mom,42,full term,7,37,7.56,not low,female,smoker,not married,white
425,37,32,younger mom,40,full term,11,20,9.02,not low,male,nonsmoker,married,white
426,43,36,mature mom,37,full term,15,25,5.94,not low,male,nonsmoker,married,white
427,25,31,younger mom,34,premie,12,,8.21,not low,female,nonsmoker,not married,white
428,32,30,younger mom,39,full term,13,22,6.56,not low,female,nonsmoker,married,white
429,29,22,younger mom,39,full term,14,21,7.06,not low,male,nonsmoker,not married,white
430,28,24,younger mom,35,premie,12,0,6.99,not low,female,nonsmoker,married,white
431,25,26,younger mom,38,full term,12,17,4.87,low,female,nonsmoker,married,white
432,27,30,younger mom,37,full term,15,30,6.06,not low,male,nonsmoker,married,white
433,26,19,younger mom,41,full term,15,37,7.13,not low,male,smoker,not married,white
434,31,33,younger mom,40,full term,15,40,8.62,not low,female,,married,white
435,46,38,mature mom,40,full term,12,36,8.77,not low,male,,married,white
436,85,29,younger mom,35,premie,8,47,5.95,not low,female,smoker,not married,white
437,34,32,younger mom,41,full term,,30,8.22,not low,female,smoker,married,white
438,28,21,younger mom,40,full term,12,58,7.57,not low,female,smoker,not married,not white
439,25,24,younger mom,39,full term,10,24,7.69,not low,female,nonsmoker,married,not white
440,21,19,younger mom,39,full term,13,49,8.5,not low,male,nonsmoker,not married,white
441,30,24,younger mom,40,full term,13,17,7.5,not low,female,nonsmoker,not married,not white
442,35,32,younger mom,37,full term,10,10,6.81,not low,female,nonsmoker,married,white
443,34,31,younger mom,38,full term,18,19,7.41,not low,male,,married,white
444,41,38,mature mom,41,full term,20,26,6.25,not low,male,nonsmoker,married,white
445,26,24,younger mom,40,full term,7,26,8.31,not low,male,smoker,married,white
446,28,24,younger mom,39,full term,9,16,7.07,not low,female,nonsmoker,married,white
447,39,36,mature mom,39,full term,14,55,7.81,not low,male,nonsmoker,married,white
448,32,36,mature mom,40,full term,30,10,6.59,not low,female,nonsmoker,not married,white
449,30,33,younger mom,39,full term,10,16,7.13,not low,male,nonsmoker,married,white
450,24,22,younger mom,39,full term,15,18,7.44,not low,female,,married,white
451,38,22,younger mom,43,full term,11,30,7.86,not low,female,nonsmoker,not married,white
452,26,26,younger mom,40,full term,11,35,6.56,not low,female,nonsmoker,married,white
453,36,22,younger mom,35,premie,,5,5.78,not low,male,smoker,married,not white
454,22,29,younger mom,41,full term,15,75,9.12,not low,male,smoker,not married,white
455,,28,younger mom,38,full term,0,10,5.22,low,male,smoker,not married,white
456,38,28,younger mom,39,full term,12,,7.96,not low,male,nonsmoker,not married,white
457,34,30,younger mom,39,full term,15,34,7.25,not low,female,nonsmoker,married,not white
458,28,21,younger mom,40,full term,3,20,8.6,not low,male,nonsmoker,married,not white
459,33,36,mature mom,35,premie,15,0,6.64,not low,male,nonsmoker,married,white
460,31,34,younger mom,33,premie,7,16,2.5,low,female,smoker,married,white
461,33,32,younger mom,39,full term,13,,7.15,not low,male,nonsmoker,married,white
462,41,39,mature mom,35,premie,13,45,4.5,low,male,nonsmoker,married,white
463,29,27,younger mom,37,full term,21,34,7.1,not low,female,nonsmoker,not married,white
464,28,22,younger mom,26,premie,2,80,1.12,low,male,smoker,not married,white
465,29,29,younger mom,40,full term,10,35,7.44,not low,female,nonsmoker,married,white
466,41,33,younger mom,41,full term,15,25,6.06,not low,female,nonsmoker,married,not white
467,45,32,younger mom,38,full term,7,32,5.22,low,male,nonsmoker,married,white
468,,21,younger mom,38,full term,14,17,6.61,not low,male,smoker,not married,white
469,,23,younger mom,39,full term,8,29,6.6,not low,female,nonsmoker,not married,not white
470,29,24,younger mom,41,full term,14,33,8.5,not low,male,nonsmoker,married,white
471,38,38,mature mom,39,full term,12,3,8.56,not low,male,nonsmoker,married,white
472,28,22,younger mom,38,full term,14,34,7.25,not low,male,nonsmoker,not married,not white
473,20,18,younger mom,40,full term,14,40,7.59,not low,female,nonsmoker,not married,not white
474,30,29,younger mom,39,full term,,,9.65,not low,female,nonsmoker,not married,white
475,29,28,younger mom,41,full term,11,31,7.81,not low,female,smoker,not married,white
476,35,36,mature mom,39,full term,17,19,8.94,not low,male,nonsmoker,not married,white
477,29,27,younger mom,27,premie,1,30,1.81,low,female,smoker,not married,not white
478,27,20,younger mom,37,full term,10,32,6.05,not low,female,nonsmoker,not married,not white
479,31,36,mature mom,39,full term,13,23,5.65,not low,female,nonsmoker,married,white
480,29,25,younger mom,42,full term,17,25,7.36,not low,female,nonsmoker,married,white
481,29,26,younger mom,38,full term,0,14,7.69,not low,female,nonsmoker,married,white
482,20,22,younger mom,43,full term,10,30,5.19,low,female,nonsmoker,married,not white
483,27,28,younger mom,39,full term,20,46,7.53,not low,female,nonsmoker,married,white
484,21,18,younger mom,37,full term,10,26,6.12,not low,female,nonsmoker,not married,not white
485,32,34,younger mom,41,full term,14,30,6.75,not low,female,nonsmoker,married,white
486,32,27,younger mom,40,full term,7,3,9,not low,male,nonsmoker,married,white
487,34,33,younger mom,40,full term,13,25,7.85,not low,female,nonsmoker,married,white
488,24,39,mature mom,38,full term,10,26,7.12,not low,female,nonsmoker,married,white
489,28,29,younger mom,38,full term,12,22,8.31,not low,male,nonsmoker,not married,white
490,37,35,mature mom,37,full term,14,38,5,low,female,nonsmoker,married,not white
491,,27,younger mom,40,full term,,37,6.95,not low,female,smoker,married,not white
492,44,41,mature mom,38,full term,12,7,7.82,not low,female,nonsmoker,married,white
493,33,28,younger mom,33,premie,20,29,6.31,not low,male,nonsmoker,married,white
494,,20,younger mom,38,full term,0,15,6.81,not low,male,nonsmoker,not married,white
495,43,41,mature mom,40,full term,14,33,9.06,not low,male,nonsmoker,married,not white
496,22,20,younger mom,37,full term,14,11,5.13,low,female,nonsmoker,not married,white
497,26,19,younger mom,35,premie,6,28,6.06,not low,male,nonsmoker,married,white
498,,23,younger mom,46,full term,14,43,6.44,not low,male,nonsmoker,not married,not white
499,40,28,younger mom,39,full term,11,30,7.69,not low,female,nonsmoker,married,white
500,43,41,mature mom,39,full term,13,47,7.34,not low,female,nonsmoker,married,not white
501,24,21,younger mom,36,premie,12,45,6.33,not low,male,nonsmoker,not married,not white
502,36,30,younger mom,38,full term,10,27,7.5,not low,female,nonsmoker,married,white
503,27,28,younger mom,40,full term,13,2,5.69,not low,female,nonsmoker,married,not white
504,26,32,younger mom,39,full term,11,32,7.56,not low,female,nonsmoker,married,white
505,44,44,mature mom,39,full term,12,35,7.1,not low,male,,married,not white
506,22,19,younger mom,42,full term,11,98,6.85,not low,female,nonsmoker,not married,white
507,28,23,younger mom,40,full term,7,28,6.25,not low,female,nonsmoker,married,white
508,37,39,mature mom,40,full term,12,40,6.5,not low,female,nonsmoker,married,white
509,33,30,younger mom,40,full term,15,19,7.37,not low,female,nonsmoker,married,white
510,33,26,younger mom,39,full term,12,54,6.68,not low,female,nonsmoker,married,white
511,23,20,younger mom,39,full term,12,31,8.38,not low,female,nonsmoker,not married,white
512,35,37,mature mom,41,full term,,29,7.72,not low,female,smoker,married,white
513,31,26,younger mom,37,full term,10,30,6.56,not low,male,nonsmoker,married,not white
514,36,39,mature mom,38,full term,10,35,7.28,not low,male,nonsmoker,married,white
515,22,25,younger mom,41,full term,15,47,9.13,not low,male,nonsmoker,married,white
516,31,30,younger mom,39,full term,10,60,5.49,low,male,nonsmoker,married,not white
517,27,24,younger mom,42,full term,17,43,8.13,not low,male,nonsmoker,not married,white
518,33,26,younger mom,39,full term,10,22,6.75,not low,female,nonsmoker,married,not white
519,25,32,younger mom,41,full term,13,41,8.31,not low,female,nonsmoker,not married,white
520,31,35,mature mom,39,full term,12,37,7.34,not low,male,nonsmoker,married,white
521,35,34,younger mom,39,full term,20,,7.7,not low,female,nonsmoker,married,white
522,25,25,younger mom,39,full term,11,30,7.25,not low,male,nonsmoker,not married,white
523,17,19,younger mom,39,full term,11,30,7.43,not low,male,nonsmoker,not married,not white
524,26,26,younger mom,38,full term,,29,6.79,not low,female,smoker,married,white
525,,28,younger mom,38,full term,9,30,9,not low,male,nonsmoker,not married,white
526,28,22,younger mom,38,full term,13,34,6.25,not low,female,nonsmoker,married,white
527,33,30,younger mom,41,full term,,35,7.25,not low,female,smoker,married,white
528,21,21,younger mom,39,full term,12,23,6.9,not low,male,nonsmoker,not married,white
529,,23,younger mom,32,premie,9,4,4.44,low,male,smoker,not married,white
530,26,19,younger mom,40,full term,6,8,6.06,not low,male,nonsmoker,not married,white
531,37,33,younger mom,39,full term,14,20,6.94,not low,male,nonsmoker,married,not white
532,34,27,younger mom,39,full term,12,48,6.97,not low,female,nonsmoker,married,not white
533,37,26,younger mom,42,full term,10,22,9.44,not low,male,nonsmoker,married,white
534,28,27,younger mom,38,full term,10,28,5.75,not low,female,nonsmoker,married,white
535,28,26,younger mom,37,full term,11,52,8.7,not low,male,nonsmoker,married,white
536,25,24,younger mom,40,full term,10,82,8.05,not low,female,nonsmoker,not married,white
537,20,25,younger mom,41,full term,10,30,7,not low,female,nonsmoker,not married,white
538,,36,mature mom,36,premie,,15,4.69,low,male,smoker,not married,not white
539,31,27,younger mom,40,full term,10,26,6.94,not low,female,nonsmoker,married,white
540,40,40,mature mom,38,full term,6,22,6.92,not low,female,nonsmoker,married,white
541,32,27,younger mom,39,full term,13,34,7.19,not low,male,nonsmoker,married,white
542,39,34,younger mom,39,full term,10,20,8.81,not low,female,nonsmoker,married,not white
543,31,30,younger mom,39,full term,11,18,8.49,not low,male,nonsmoker,married,white
544,15,18,younger mom,39,full term,4,9,7.37,not low,female,nonsmoker,not married,white
545,38,35,mature mom,40,full term,12,32,8.44,not low,female,nonsmoker,married,white
546,38,35,mature mom,37,full term,12,29,7.61,not low,female,nonsmoker,married,not white
547,,28,younger mom,38,full term,7,29,7.25,not low,female,nonsmoker,not married,not white
548,36,30,younger mom,35,premie,13,28,6.05,not low,female,nonsmoker,married,white
549,27,29,younger mom,40,full term,11,18,6.25,not low,female,nonsmoker,married,white
550,35,42,mature mom,39,full term,,,7,not low,male,nonsmoker,not married,white
551,35,36,mature mom,41,full term,14,27,8.14,not low,female,nonsmoker,married,white
552,37,31,younger mom,40,full term,17,42,8.11,not low,female,nonsmoker,married,white
553,,23,younger mom,39,full term,11,26,7.46,not low,female,nonsmoker,not married,white
554,44,39,mature mom,40,full term,,40,7.87,not low,female,nonsmoker,married,white
555,34,26,younger mom,42,full term,14,74,7.84,not low,male,smoker,married,white
556,37,21,younger mom,40,full term,16,29,7.69,not low,female,smoker,married,white
557,30,30,younger mom,39,full term,8,31,7.94,not low,male,nonsmoker,married,white
558,25,25,younger mom,38,full term,10,10,5.96,not low,male,smoker,not married,white
559,17,22,younger mom,29,premie,6,4,6.49,not low,female,nonsmoker,not married,white
560,,17,younger mom,39,full term,11,12,6.06,not low,male,nonsmoker,not married,white
561,,25,younger mom,39,full term,10,11,6.94,not low,female,nonsmoker,not married,not white
562,28,28,younger mom,40,full term,15,38,7.75,not low,female,nonsmoker,married,not white
563,37,31,younger mom,38,full term,11,48,8.61,not low,male,nonsmoker,not married,white
564,33,27,younger mom,40,full term,14,41,8.69,not low,male,nonsmoker,married,white
565,31,33,younger mom,41,full term,14,16,6.46,not low,female,nonsmoker,married,white
566,30,28,younger mom,37,full term,3,30,6.21,not low,female,nonsmoker,not married,not white
567,27,27,younger mom,36,premie,14,37,9,not low,male,nonsmoker,not married,not white
568,29,31,younger mom,37,full term,15,37,7.37,not low,male,smoker,married,white
569,,27,younger mom,38,full term,7,48,8.11,not low,female,nonsmoker,not married,not white
570,,23,younger mom,38,full term,13,44,6.4,not low,female,nonsmoker,not married,not white
571,28,23,younger mom,40,full term,16,35,8.56,not low,female,nonsmoker,not married,white
572,24,21,younger mom,40,full term,0,,7.8,not low,female,nonsmoker,not married,white
573,39,33,younger mom,38,full term,11,25,7.93,not low,female,nonsmoker,married,white
574,25,25,younger mom,40,full term,13,62,6.04,not low,male,nonsmoker,not married,white
575,29,32,younger mom,38,full term,27,1,8.13,not low,male,nonsmoker,married,not white
576,26,23,younger mom,39,full term,6,9,8.62,not low,male,nonsmoker,married,white
577,26,26,younger mom,39,full term,12,15,7.44,not low,female,nonsmoker,married,white
578,28,34,younger mom,35,premie,5,30,5.61,not low,male,nonsmoker,not married,not white
579,30,33,younger mom,41,full term,14,37,6.25,not low,male,nonsmoker,married,not white
580,28,22,younger mom,37,full term,13,34,7.13,not low,female,smoker,married,white
581,29,29,younger mom,40,full term,12,,7.28,not low,male,nonsmoker,married,white
582,30,27,younger mom,40,full term,13,95,8.38,not low,male,nonsmoker,not married,white
583,,31,younger mom,40,full term,13,38,7.44,not low,male,nonsmoker,not married,white
584,34,31,younger mom,43,full term,11,34,9.81,not low,male,nonsmoker,married,white
585,,21,younger mom,39,full term,10,47,7.2,not low,male,nonsmoker,not married,white
586,32,28,younger mom,43,full term,,25,9,not low,female,nonsmoker,married,not white
587,22,20,younger mom,38,full term,18,35,6.5,not low,male,nonsmoker,not married,white
588,30,27,younger mom,38,full term,17,0,7.31,not low,female,nonsmoker,married,white
589,21,26,younger mom,41,full term,11,51,7.63,not low,male,nonsmoker,married,white
590,29,29,younger mom,40,full term,13,34,8.39,not low,female,nonsmoker,married,not white
591,42,27,younger mom,38,full term,9,34,6.32,not low,female,,married,not white
592,,20,younger mom,39,full term,3,33,6.31,not low,female,smoker,not married,white
593,30,35,mature mom,38,full term,11,20,7.39,not low,female,nonsmoker,married,white
594,30,27,younger mom,39,full term,13,42,7.74,not low,male,nonsmoker,married,white
595,,29,younger mom,21,premie,4,,0.75,low,female,smoker,not married,not white
596,34,31,younger mom,41,full term,12,37,7.5,not low,female,nonsmoker,married,white
597,22,22,younger mom,40,full term,7,18,5.94,not low,male,nonsmoker,not married,not white
598,34,33,younger mom,39,full term,11,36,5.68,not low,female,nonsmoker,married,not white
599,27,24,younger mom,38,full term,10,47,5.6,not low,male,nonsmoker,married,white
600,28,24,younger mom,37,full term,14,42,7.25,not low,male,nonsmoker,married,white
601,28,20,younger mom,39,full term,10,45,8.06,not low,male,nonsmoker,married,white
602,38,32,younger mom,39,full term,10,67,8.53,not low,male,nonsmoker,not married,not white
603,42,33,younger mom,39,full term,10,15,7.81,not low,female,nonsmoker,married,white
604,29,27,younger mom,40,full term,15,31,7.54,not low,female,nonsmoker,married,white
605,24,25,younger mom,40,full term,18,13,7.25,not low,male,nonsmoker,married,white
606,27,27,younger mom,39,full term,13,30,8.75,not low,female,nonsmoker,married,white
607,25,24,younger mom,39,full term,11,32,8.5,not low,male,nonsmoker,married,white
608,,23,younger mom,34,premie,0,22,4.96,low,male,nonsmoker,not married,not white
609,35,38,mature mom,39,full term,,30,8.19,not low,male,smoker,married,white
610,34,31,younger mom,41,full term,9,20,8.44,not low,male,nonsmoker,married,white
611,48,40,mature mom,36,premie,12,44,6.8,not low,male,nonsmoker,married,white
612,41,35,mature mom,39,full term,13,36,9.87,not low,male,nonsmoker,married,white
613,27,24,younger mom,38,full term,15,48,6.94,not low,female,nonsmoker,married,white
614,47,36,mature mom,39,full term,19,15,7.89,not low,female,nonsmoker,married,not white
615,27,26,younger mom,40,full term,15,34,6.77,not low,female,nonsmoker,married,white
616,30,30,younger mom,40,full term,7,39,9.12,not low,male,nonsmoker,not married,white
617,34,31,younger mom,41,full term,10,34,8.72,not low,female,,married,not white
618,41,41,mature mom,40,full term,1,20,9,not low,male,nonsmoker,married,white
619,22,20,younger mom,23,premie,5,35,3.33,low,female,nonsmoker,not married,not white
620,,21,younger mom,41,full term,14,39,6.38,not low,female,nonsmoker,not married,not white
621,25,27,younger mom,39,full term,9,40,7.56,not low,female,nonsmoker,married,white
622,23,25,younger mom,41,full term,13,7,7.29,not low,male,nonsmoker,not married,white
623,37,34,younger mom,42,full term,9,40,6.94,not low,female,nonsmoker,married,white
624,32,34,younger mom,39,full term,8,53,8.26,not low,female,nonsmoker,married,not white
625,34,33,younger mom,40,full term,13,42,8.38,not low,male,nonsmoker,married,white
626,33,21,younger mom,43,full term,12,14,7.69,not low,male,nonsmoker,married,white
627,29,26,younger mom,38,full term,10,34,6.92,not low,male,nonsmoker,married,white
628,20,22,younger mom,38,full term,20,59,7.87,not low,female,nonsmoker,not married,white
629,28,30,younger mom,37,full term,12,32,8.27,not low,male,nonsmoker,married,white
630,21,25,younger mom,41,full term,9,16,8.52,not low,male,nonsmoker,married,not white
631,18,23,younger mom,36,premie,20,56,7.87,not low,male,nonsmoker,not married,not white
632,20,20,younger mom,39,full term,11,50,5.37,low,male,nonsmoker,not married,white
633,35,33,younger mom,37,full term,10,42,5.81,not low,female,nonsmoker,married,not white
634,36,34,younger mom,40,full term,18,24,6.53,not low,female,nonsmoker,married,white
635,44,38,mature mom,39,full term,16,21,6.62,not low,male,nonsmoker,married,not white
636,35,35,mature mom,40,full term,13,42,9,not low,female,nonsmoker,married,white
637,22,22,younger mom,36,premie,20,70,5.69,not low,female,nonsmoker,married,white
638,,23,younger mom,23,premie,0,11,1.19,low,female,nonsmoker,not married,white
639,31,24,younger mom,39,full term,6,14,7.18,not low,male,,not married,not white
640,27,32,younger mom,36,premie,9,28,6.94,not low,male,,married,not white
641,42,35,mature mom,39,full term,11,27,7.94,not low,female,nonsmoker,married,white
642,36,38,mature mom,35,premie,10,20,8.88,not low,male,nonsmoker,married,white
643,,17,younger mom,38,full term,10,17,8.75,not low,female,nonsmoker,not married,not white
644,24,20,younger mom,39,full term,12,39,7.22,not low,male,nonsmoker,not married,not white
645,21,24,younger mom,39,full term,9,58,8.46,not low,male,nonsmoker,not married,white
646,31,33,younger mom,38,full term,20,9,7.71,not low,female,nonsmoker,married,white
647,35,33,younger mom,33,premie,10,18,4.63,low,female,nonsmoker,married,white
648,41,38,mature mom,44,full term,20,16,9.5,not low,female,nonsmoker,not married,white
649,26,28,younger mom,37,full term,16,5,6.27,not low,male,nonsmoker,married,white
650,28,28,younger mom,40,full term,,25,7.63,not low,male,smoker,married,white
651,33,30,younger mom,38,full term,10,26,6.88,not low,female,nonsmoker,married,white
652,36,21,younger mom,40,full term,20,44,8.18,not low,male,nonsmoker,not married,white
653,,16,younger mom,43,full term,12,28,6.07,not low,female,nonsmoker,not married,white
654,38,32,younger mom,39,full term,20,40,8.19,not low,male,nonsmoker,married,white
655,22,28,younger mom,41,full term,11,63,8.82,not low,female,nonsmoker,not married,white
656,,32,younger mom,37,full term,16,,6.79,not low,female,nonsmoker,not married,white
657,25,18,younger mom,39,full term,12,31,7.19,not low,female,nonsmoker,not married,white
658,,22,younger mom,33,premie,4,2,6.42,not low,male,nonsmoker,not married,white
659,34,30,younger mom,39,full term,17,18,6.89,not low,male,nonsmoker,married,white
660,22,21,younger mom,39,full term,8,,9.23,not low,female,nonsmoker,not married,white
661,30,30,younger mom,38,full term,8,2,6.08,not low,male,nonsmoker,married,not white
662,23,23,younger mom,38,full term,12,55,7.36,not low,male,nonsmoker,married,white
663,31,30,younger mom,39,full term,14,39,8.35,not low,male,nonsmoker,married,white
664,39,27,younger mom,37,full term,10,36,7.3,not low,female,nonsmoker,not married,not white
665,20,19,younger mom,39,full term,12,53,8.87,not low,female,nonsmoker,not married,not white
666,35,30,younger mom,34,premie,8,53,4.38,low,female,nonsmoker,married,white
667,32,22,younger mom,36,premie,6,14,5.31,low,male,nonsmoker,not married,white
668,26,30,younger mom,35,premie,,37,6.11,not low,male,smoker,not married,not white
669,30,27,younger mom,34,premie,10,23,5.88,not low,male,nonsmoker,married,white
670,30,32,younger mom,41,full term,14,28,5.81,not low,female,nonsmoker,not married,white
671,28,29,younger mom,41,full term,15,45,7.56,not low,female,nonsmoker,married,white
672,,17,younger mom,38,full term,11,8,7.09,not low,male,nonsmoker,not married,white
673,,31,younger mom,38,full term,20,22,8.31,not low,male,smoker,not married,white
674,25,30,younger mom,41,full term,18,8,7.18,not low,male,nonsmoker,not married,white
675,40,33,younger mom,36,premie,15,38,5.47,low,female,smoker,not married,not white
676,42,32,younger mom,39,full term,5,33,6.9,not low,female,smoker,not married,white
677,20,19,younger mom,41,full term,9,10,6.22,not low,male,nonsmoker,not married,white
678,,19,younger mom,39,full term,10,25,6.93,not low,female,nonsmoker,not married,not white
679,35,26,younger mom,36,premie,12,30,5.71,not low,male,nonsmoker,married,white
680,25,25,younger mom,40,full term,10,14,7.44,not low,male,nonsmoker,not married,not white
681,,27,younger mom,39,full term,16,10,6.67,not low,female,nonsmoker,married,white
682,,21,younger mom,39,full term,12,26,6.62,not low,female,nonsmoker,married,white
683,33,37,mature mom,37,full term,12,59,9.46,not low,male,nonsmoker,married,white
684,38,40,mature mom,35,premie,6,17,5,low,female,smoker,not married,white
685,27,25,younger mom,39,full term,8,25,6.94,not low,female,nonsmoker,not married,white
686,36,36,mature mom,39,full term,6,33,6.81,not low,male,nonsmoker,married,white
687,21,20,younger mom,38,full term,7,44,7.11,not low,female,nonsmoker,not married,white
688,20,24,younger mom,40,full term,13,33,8.69,not low,male,nonsmoker,married,white
689,21,25,younger mom,39,full term,10,35,6.76,not low,female,nonsmoker,not married,not white
690,43,38,mature mom,38,full term,8,44,8.72,not low,male,nonsmoker,married,white
691,36,36,mature mom,35,premie,,46,6.31,not low,male,nonsmoker,married,white
692,28,29,younger mom,40,full term,4,32,8.06,not low,male,nonsmoker,married,white
693,30,30,younger mom,39,full term,15,25,7.5,not low,male,nonsmoker,married,white
694,31,29,younger mom,28,premie,1,,2.06,low,female,,not married,not white
695,31,30,younger mom,39,full term,,36,7.94,not low,male,smoker,married,white
696,29,28,younger mom,40,full term,14,23,7.5,not low,female,nonsmoker,married,white
697,44,33,younger mom,37,full term,20,41,7.77,not low,male,nonsmoker,married,white
698,30,33,younger mom,39,full term,16,32,9.33,not low,female,nonsmoker,married,white
699,,40,mature mom,32,premie,0,20,1.83,low,female,nonsmoker,not married,not white
700,30,34,younger mom,40,full term,,17,7.52,not low,male,smoker,married,white
701,24,21,younger mom,41,full term,10,22,7.76,not low,male,nonsmoker,married,not white
702,32,29,younger mom,40,full term,15,30,6.62,not low,female,nonsmoker,married,white
703,34,30,younger mom,41,full term,14,,6.69,not low,female,nonsmoker,married,white
704,,25,younger mom,39,full term,15,20,7.23,not low,female,nonsmoker,not married,white
705,28,26,younger mom,40,full term,,43,7.63,not low,female,nonsmoker,married,white
706,30,25,younger mom,38,full term,10,11,6.12,not low,male,nonsmoker,not married,white
707,20,21,younger mom,39,full term,19,35,8.5,not low,male,nonsmoker,not married,white
708,27,27,younger mom,40,full term,10,11,8.54,not low,male,nonsmoker,not married,not white
709,39,31,younger mom,40,full term,6,25,6.45,not low,female,nonsmoker,married,white
710,23,30,younger mom,41,full term,10,20,6.5,not low,male,smoker,not married,white
711,21,20,younger mom,40,full term,10,25,5.82,not low,female,nonsmoker,not married,white
712,23,30,younger mom,37,full term,13,49,6.88,not low,female,smoker,not married,white
713,26,24,younger mom,40,full term,15,,6.66,not low,female,nonsmoker,married,not white
714,20,21,younger mom,43,full term,13,60,8.37,not low,male,nonsmoker,not married,not white
715,,24,younger mom,41,full term,12,45,7.75,not low,male,nonsmoker,not married,not white
716,31,37,mature mom,40,full term,15,37,7.63,not low,male,nonsmoker,not married,white
717,30,29,younger mom,39,full term,12,30,7.81,not low,male,nonsmoker,married,white
718,37,35,mature mom,37,full term,8,24,6.37,not low,female,nonsmoker,married,not white
719,,20,younger mom,42,full term,13,17,6.44,not low,female,nonsmoker,not married,white
720,,23,younger mom,40,full term,,55,7.79,not low,male,smoker,not married,not white
721,29,28,younger mom,38,full term,11,28,7.56,not low,male,nonsmoker,married,not white
722,36,34,younger mom,38,full term,10,34,9,not low,male,nonsmoker,married,white
723,33,32,younger mom,38,full term,,,6.19,not low,female,nonsmoker,married,white
724,38,35,mature mom,40,full term,,30,7.87,not low,male,smoker,married,white
725,29,29,younger mom,36,premie,11,24,5.3,low,female,nonsmoker,married,white
726,18,18,younger mom,40,full term,7,54,8.75,not low,female,nonsmoker,not married,white
727,,26,younger mom,40,full term,5,0,8.06,not low,female,nonsmoker,not married,not white
728,32,27,younger mom,41,full term,13,31,6.87,not low,male,nonsmoker,not married,white
729,,28,younger mom,42,full term,11,36,6.14,not low,female,,not married,not white
730,27,29,younger mom,38,full term,14,29,7.19,not low,female,nonsmoker,married,white
731,21,24,younger mom,39,full term,13,32,7.84,not low,female,nonsmoker,not married,white
732,39,35,mature mom,40,full term,11,50,9.43,not low,female,nonsmoker,not married,not white
733,35,29,younger mom,39,full term,10,27,7.81,not low,female,nonsmoker,married,white
734,37,35,mature mom,35,premie,20,45,5.03,low,male,nonsmoker,married,white
735,39,37,mature mom,39,full term,4,18,6.26,not low,female,nonsmoker,married,white
736,35,33,younger mom,36,premie,10,54,8.6,not low,male,nonsmoker,married,white
737,,27,younger mom,38,full term,5,30,6.79,not low,male,nonsmoker,not married,white
738,30,35,mature mom,37,full term,10,48,7.69,not low,female,nonsmoker,married,white
739,23,18,younger mom,42,full term,6,,6.62,not low,female,nonsmoker,not married,white
740,27,25,younger mom,38,full term,10,28,6.67,not low,male,smoker,not married,white
741,,29,younger mom,39,full term,12,15,7.31,not low,male,nonsmoker,not married,not white
742,34,32,younger mom,40,full term,14,27,7.75,not low,female,nonsmoker,married,white
743,29,27,younger mom,39,full term,10,28,7.44,not low,male,nonsmoker,not married,white
744,30,30,younger mom,40,full term,9,50,10.13,not low,male,nonsmoker,married,white
745,20,22,younger mom,41,full term,18,67,10.03,not low,male,nonsmoker,not married,white
746,24,38,mature mom,41,full term,3,,9.03,not low,female,nonsmoker,not married,white
747,24,19,younger mom,39,full term,11,23,6.92,not low,female,nonsmoker,not married,white
748,27,29,younger mom,33,premie,9,17,5.72,not low,male,nonsmoker,married,white
749,24,27,younger mom,40,full term,12,33,8.08,not low,female,nonsmoker,not married,white
750,22,23,younger mom,37,full term,13,36,5.99,not low,male,nonsmoker,married,white
751,31,29,younger mom,41,full term,12,45,8.25,not low,male,nonsmoker,married,white
752,30,38,mature mom,40,full term,14,21,7.61,not low,male,nonsmoker,married,white
753,45,34,younger mom,38,full term,12,26,5.75,not low,male,nonsmoker,married,white
754,34,26,younger mom,38,full term,12,27,7.39,not low,male,nonsmoker,not married,not white
755,37,34,younger mom,41,full term,12,11,8.99,not low,male,nonsmoker,married,white
756,23,23,younger mom,39,full term,9,13,5.91,not low,female,nonsmoker,married,white
757,,21,younger mom,38,full term,10,42,7.54,not low,female,nonsmoker,not married,not white
758,43,32,younger mom,40,full term,18,,7.5,not low,male,nonsmoker,not married,not white
759,34,29,younger mom,43,full term,12,10,6.88,not low,male,nonsmoker,not married,white
760,44,36,mature mom,40,full term,13,29,6.5,not low,female,nonsmoker,married,white
761,29,29,younger mom,41,full term,21,44,8.99,not low,female,nonsmoker,married,white
762,42,36,mature mom,39,full term,10,40,8.25,not low,male,nonsmoker,married,white
763,36,32,younger mom,37,full term,12,21,5.22,low,male,smoker,not married,white
764,,39,mature mom,41,full term,,,6.31,not low,female,nonsmoker,not married,white
765,29,30,younger mom,31,premie,14,51,3.22,low,male,nonsmoker,married,white
766,27,24,younger mom,39,full term,12,37,7.93,not low,female,nonsmoker,married,white
767,24,22,younger mom,39,full term,18,30,7.31,not low,female,nonsmoker,not married,white
768,33,30,younger mom,39,full term,12,22,7.39,not low,female,nonsmoker,married,not white
769,,26,younger mom,40,full term,9,28,5.33,low,female,nonsmoker,not married,not white
770,35,31,younger mom,37,full term,6,41,7.06,not low,male,smoker,married,not white
771,,20,younger mom,41,full term,15,26,7.62,not low,male,nonsmoker,not married,white
772,39,32,younger mom,39,full term,6,9,7.5,not low,female,nonsmoker,married,white
773,34,30,younger mom,44,full term,14,34,7.71,not low,female,nonsmoker,married,not white
774,35,31,younger mom,38,full term,12,32,5.18,low,male,nonsmoker,married,not white
775,22,24,younger mom,41,full term,12,30,7.61,not low,female,nonsmoker,not married,white
776,24,22,younger mom,40,full term,13,32,6.75,not low,male,nonsmoker,not married,not white
777,27,25,younger mom,39,full term,9,28,7.63,not low,female,nonsmoker,married,white
778,30,29,younger mom,41,full term,17,47,7.56,not low,female,nonsmoker,not married,white
779,28,27,younger mom,39,full term,10,30,6.93,not low,male,nonsmoker,married,white
780,38,36,mature mom,34,premie,,41,8.11,not low,male,smoker,married,white
781,27,31,younger mom,39,full term,9,27,6.94,not low,female,nonsmoker,married,white
782,38,23,younger mom,39,full term,11,54,7.13,not low,female,nonsmoker,married,white
783,37,35,mature mom,40,full term,13,32,10.13,not low,male,nonsmoker,married,white
784,29,22,younger mom,40,full term,12,23,8.01,not low,male,nonsmoker,not married,white
785,44,27,younger mom,37,full term,13,56,7.41,not low,male,nonsmoker,married,white
786,21,23,younger mom,29,premie,6,0,2.2,low,male,nonsmoker,married,not white
787,26,24,younger mom,40,full term,12,48,7.96,not low,female,nonsmoker,married,white
788,28,29,younger mom,41,full term,14,32,7.33,not low,female,nonsmoker,married,white
789,38,32,younger mom,39,full term,13,25,5.29,low,female,nonsmoker,married,white
790,33,26,younger mom,41,full term,10,17,6.75,not low,female,nonsmoker,married,white
791,41,34,younger mom,39,full term,15,29,7.19,not low,male,nonsmoker,married,white
792,29,27,younger mom,39,full term,15,9,5.4,low,male,smoker,not married,white
793,28,28,younger mom,40,full term,13,38,7.15,not low,male,nonsmoker,married,white
794,38,37,mature mom,39,full term,,45,7.46,not low,female,smoker,married,white
795,,17,younger mom,38,full term,16,41,7.5,not low,male,nonsmoker,not married,white
796,,19,younger mom,39,full term,14,64,6.81,not low,male,nonsmoker,not married,not white
797,31,29,younger mom,46,full term,19,98,6.69,not low,female,nonsmoker,married,white
798,40,34,younger mom,39,full term,8,27,7.94,not low,female,nonsmoker,not married,not white
799,32,31,younger mom,39,full term,12,36,7.25,not low,male,nonsmoker,married,white
800,42,29,younger mom,38,full term,12,57,7.12,not low,male,nonsmoker,married,not white
801,32,34,younger mom,38,full term,10,20,7.56,not low,female,nonsmoker,married,white
802,30,28,younger mom,38,full term,10,43,8.25,not low,male,nonsmoker,married,white
803,34,30,younger mom,40,full term,13,25,8.19,not low,male,nonsmoker,not married,white
804,34,34,younger mom,37,full term,11,40,7.64,not low,male,nonsmoker,married,white
805,28,28,younger mom,39,full term,12,37,9.57,not low,male,nonsmoker,married,white
806,21,22,younger mom,38,full term,12,32,8.56,not low,male,nonsmoker,not married,white
807,30,30,younger mom,40,full term,12,42,8.31,not low,male,nonsmoker,married,white
808,32,30,younger mom,37,full term,9,25,5.05,low,female,nonsmoker,married,not white
809,39,27,younger mom,39,full term,10,20,6.75,not low,male,nonsmoker,married,not white
810,33,30,younger mom,38,full term,13,60,8.93,not low,male,nonsmoker,married,white
811,21,20,younger mom,29,premie,18,42,4.14,low,female,nonsmoker,not married,not white
812,27,31,younger mom,40,full term,15,42,9.33,not low,female,nonsmoker,married,white
813,32,32,younger mom,42,full term,12,27,7.44,not low,male,nonsmoker,married,white
814,40,34,younger mom,38,full term,9,42,9.63,not low,female,nonsmoker,married,white
815,31,29,younger mom,38,full term,20,19,7.19,not low,female,nonsmoker,married,white
816,31,31,younger mom,39,full term,11,42,9.41,not low,male,nonsmoker,married,white
817,26,26,younger mom,40,full term,15,19,7.94,not low,female,nonsmoker,married,white
818,26,36,mature mom,38,full term,11,38,6.31,not low,female,nonsmoker,married,white
819,33,34,younger mom,38,full term,12,36,7.25,not low,female,nonsmoker,married,white
820,38,36,mature mom,39,full term,13,30,7.73,not low,female,nonsmoker,married,not white
821,22,22,younger mom,40,full term,12,22,7.13,not low,female,nonsmoker,not married,white
822,35,33,younger mom,40,full term,15,25,7.75,not low,male,nonsmoker,married,white
823,43,36,mature mom,38,full term,1,33,6.33,not low,female,nonsmoker,married,white
824,32,27,younger mom,39,full term,11,35,8.81,not low,male,nonsmoker,married,white
825,28,34,younger mom,39,full term,15,23,7.37,not low,male,nonsmoker,married,white
826,40,36,mature mom,36,premie,9,35,6.56,not low,male,nonsmoker,married,white
827,29,26,younger mom,41,full term,12,20,7.69,not low,female,nonsmoker,not married,not white
828,65,36,mature mom,36,premie,11,10,4.54,low,female,nonsmoker,married,not white
829,34,29,younger mom,39,full term,11,40,8.81,not low,male,nonsmoker,married,white
830,19,19,younger mom,40,full term,20,46,8.66,not low,female,nonsmoker,not married,white
831,30,30,younger mom,36,premie,18,20,5.06,low,female,nonsmoker,married,white
832,33,34,younger mom,35,premie,30,51,6.15,not low,male,nonsmoker,not married,white
833,26,24,younger mom,37,full term,8,33,7.19,not low,male,nonsmoker,not married,white
834,30,36,mature mom,41,full term,13,,6.45,not low,female,nonsmoker,not married,white
835,15,21,younger mom,34,premie,9,43,4.32,low,male,smoker,not married,not white
836,35,21,younger mom,40,full term,20,13,7.63,not low,female,nonsmoker,married,white
837,35,35,mature mom,39,full term,,18,8.13,not low,male,smoker,married,white
838,35,34,younger mom,40,full term,11,29,6.32,not low,female,smoker,not married,white
839,,27,younger mom,40,full term,10,35,7.37,not low,male,nonsmoker,not married,not white
840,,20,younger mom,40,full term,12,40,8.19,not low,male,nonsmoker,married,white
841,37,26,younger mom,38,full term,0,0,7.11,not low,male,nonsmoker,married,not white
842,29,24,younger mom,39,full term,10,21,7.81,not low,female,nonsmoker,not married,not white
843,32,34,younger mom,39,full term,10,35,8.38,not low,female,nonsmoker,married,white
844,18,14,younger mom,38,full term,1,22,6.25,not low,female,nonsmoker,not married,not white
845,25,30,younger mom,39,full term,,,6.81,not low,female,nonsmoker,married,not white
846,29,29,younger mom,42,full term,6,20,7.82,not low,male,nonsmoker,married,white
847,,26,younger mom,41,full term,13,31,8.25,not low,male,nonsmoker,not married,white
848,32,32,younger mom,39,full term,12,39,8.56,not low,male,nonsmoker,married,white
849,32,33,younger mom,35,premie,10,39,5.88,not low,male,nonsmoker,married,white
850,25,27,younger mom,39,full term,11,51,6.94,not low,female,nonsmoker,not married,white
851,34,30,younger mom,37,full term,12,34,7.19,not low,female,nonsmoker,married,white
852,39,39,mature mom,39,full term,12,21,8.06,not low,male,nonsmoker,married,white
853,38,31,younger mom,37,full term,14,30,8.31,not low,male,nonsmoker,not married,white
854,38,33,younger mom,39,full term,7,13,7.37,not low,female,smoker,married,white
855,35,36,mature mom,39,full term,12,29,8.38,not low,male,nonsmoker,married,not white
856,27,37,mature mom,39,full term,10,46,8.02,not low,male,nonsmoker,not married,white
857,48,34,younger mom,38,full term,10,17,6.62,not low,female,nonsmoker,married,white
858,22,20,younger mom,39,full term,12,21,6.44,not low,female,nonsmoker,not married,white
859,22,21,younger mom,27,premie,9,28,6.19,not low,male,smoker,not married,white
860,20,21,younger mom,39,full term,8,32,7.49,not low,male,nonsmoker,not married,white
861,26,23,younger mom,38,full term,10,22,7,not low,male,nonsmoker,married,white
862,34,29,younger mom,39,full term,12,20,8.6,not low,male,nonsmoker,married,white
863,33,33,younger mom,40,full term,11,45,8.98,not low,female,nonsmoker,married,white
864,30,31,younger mom,30,premie,14,28,4.31,low,male,nonsmoker,not married,white
865,25,27,younger mom,40,full term,13,34,7.94,not low,female,nonsmoker,not married,white
866,23,20,younger mom,40,full term,12,52,8.31,not low,male,nonsmoker,not married,white
867,36,33,younger mom,41,full term,12,21,6.81,not low,female,nonsmoker,married,white
868,28,23,younger mom,38,full term,11,18,7.06,not low,female,nonsmoker,not married,white
869,39,27,younger mom,37,full term,11,37,6.38,not low,male,nonsmoker,not married,white
870,43,29,younger mom,38,full term,14,47,7.87,not low,female,nonsmoker,married,white
871,26,27,younger mom,40,full term,20,24,7.81,not low,female,nonsmoker,married,white
872,35,38,mature mom,41,full term,10,21,8.72,not low,male,nonsmoker,married,white
873,32,26,younger mom,39,full term,7,50,7.98,not low,female,nonsmoker,not married,white
874,,22,younger mom,38,full term,3,20,6.42,not low,male,nonsmoker,not married,not white
875,28,26,younger mom,38,full term,11,24,7.91,not low,female,nonsmoker,married,white
876,25,28,younger mom,39,full term,15,6,8.63,not low,male,nonsmoker,married,white
877,29,25,younger mom,39,full term,11,52,7.75,not low,male,nonsmoker,married,white
878,,23,younger mom,41,full term,14,3,6.77,not low,male,smoker,not married,white
879,22,19,younger mom,39,full term,12,,5.47,low,male,smoker,not married,white
880,43,35,mature mom,39,full term,13,21,10.41,not low,male,nonsmoker,not married,white
881,43,33,younger mom,39,full term,10,71,6.94,not low,female,nonsmoker,married,not white
882,30,26,younger mom,43,full term,12,38,8.2,not low,male,nonsmoker,married,white
883,31,29,younger mom,39,full term,7,30,7.97,not low,female,nonsmoker,not married,white
884,30,26,younger mom,39,full term,12,14,6.32,not low,female,nonsmoker,married,white
885,27,23,younger mom,41,full term,,18,7.89,not low,male,smoker,married,not white
886,35,30,younger mom,39,full term,,18,6.39,not low,female,smoker,married,not white
887,32,23,younger mom,40,full term,13,53,7.47,not low,male,smoker,married,white
888,21,19,younger mom,37,full term,3,,5.9,not low,female,nonsmoker,not married,white
889,37,34,younger mom,39,full term,20,41,7.56,not low,female,nonsmoker,not married,white
890,33,20,younger mom,38,full term,14,38,6.91,not low,female,nonsmoker,not married,not white
891,,20,younger mom,41,full term,11,55,8.94,not low,male,nonsmoker,not married,white
892,38,34,younger mom,41,full term,15,32,7.45,not low,female,nonsmoker,married,white
893,,21,younger mom,39,full term,14,18,7.01,not low,male,nonsmoker,not married,white
894,,28,younger mom,38,full term,10,0,6.24,not low,female,nonsmoker,not married,not white
895,,25,younger mom,39,full term,7,13,6,not low,male,nonsmoker,not married,white
896,37,34,younger mom,40,full term,8,35,8.64,not low,female,nonsmoker,married,white
897,42,31,younger mom,34,premie,7,47,5.11,low,male,nonsmoker,married,white
898,37,36,mature mom,40,full term,10,16,9.44,not low,male,nonsmoker,married,white
899,31,29,younger mom,39,full term,9,36,7.25,not low,male,nonsmoker,married,white
900,,37,mature mom,41,full term,12,51,7.87,not low,male,nonsmoker,not married,white
901,32,33,younger mom,34,premie,8,70,5.06,low,female,nonsmoker,married,white
902,25,24,younger mom,37,full term,14,25,7.56,not low,female,nonsmoker,not married,white
903,35,31,younger mom,40,full term,12,40,8,not low,male,nonsmoker,married,white
904,36,33,younger mom,40,full term,12,19,6.83,not low,male,nonsmoker,married,white
905,25,31,younger mom,40,full term,3,30,6.75,not low,female,nonsmoker,married,white
906,25,21,younger mom,41,full term,10,29,7.11,not low,male,nonsmoker,not married,not white
907,43,37,mature mom,39,full term,12,11,6.94,not low,female,nonsmoker,married,white
908,43,38,mature mom,41,full term,10,37,7.19,not low,male,nonsmoker,not married,white
909,36,36,mature mom,39,full term,14,36,9.35,not low,female,nonsmoker,married,white
910,49,26,younger mom,40,full term,15,41,8,not low,male,nonsmoker,not married,not white
911,38,32,younger mom,39,full term,6,0,7.85,not low,male,smoker,not married,white
912,32,33,younger mom,38,full term,10,27,7.94,not low,male,nonsmoker,married,white
913,34,35,mature mom,32,premie,10,25,6.25,not low,male,nonsmoker,not married,not white
914,20,23,younger mom,38,full term,12,29,6.37,not low,male,nonsmoker,married,white
915,27,26,younger mom,38,full term,11,64,7.56,not low,female,nonsmoker,married,white
916,29,28,younger mom,43,full term,12,,8.95,not low,male,nonsmoker,married,white
917,21,23,younger mom,39,full term,11,18,7.13,not low,female,smoker,not married,white
918,21,20,younger mom,40,full term,17,25,8.62,not low,male,nonsmoker,not married,white
919,30,34,younger mom,39,full term,11,29,7.87,not low,male,nonsmoker,married,white
920,25,26,younger mom,39,full term,14,23,5.97,not low,female,nonsmoker,married,white
921,,21,younger mom,34,premie,6,39,5.06,low,male,nonsmoker,not married,not white
922,27,23,younger mom,39,full term,10,19,8,not low,male,nonsmoker,not married,not white
923,31,23,younger mom,37,full term,7,22,7,not low,male,smoker,not married,white
924,26,25,younger mom,37,full term,4,2,5.69,not low,male,smoker,married,white
925,39,27,younger mom,38,full term,3,28,5.81,not low,female,nonsmoker,not married,not white
926,31,27,younger mom,44,full term,15,31,7.19,not low,male,nonsmoker,married,white
927,17,19,younger mom,41,full term,10,34,7.19,not low,male,nonsmoker,married,white
928,34,29,younger mom,40,full term,14,20,8.98,not low,female,nonsmoker,married,white
929,,22,younger mom,38,full term,,39,6.69,not low,male,nonsmoker,not married,not white
930,36,37,mature mom,43,full term,10,39,7.12,not low,male,nonsmoker,married,not white
931,27,26,younger mom,38,full term,8,17,7.87,not low,male,smoker,married,white
932,37,36,mature mom,39,full term,13,34,8.16,not low,female,nonsmoker,married,white
933,28,29,younger mom,41,full term,15,40,7.31,not low,female,nonsmoker,not married,white
934,34,27,younger mom,33,premie,5,15,4.28,low,male,smoker,not married,white
935,33,28,younger mom,39,full term,19,11,7.34,not low,female,nonsmoker,married,white
936,26,24,younger mom,40,full term,16,36,6.87,not low,female,nonsmoker,married,white
937,22,22,younger mom,44,full term,14,27,7.94,not low,male,nonsmoker,married,white
938,32,36,mature mom,41,full term,12,52,8.62,not low,female,nonsmoker,married,white
939,23,22,younger mom,39,full term,8,20,6.82,not low,female,nonsmoker,not married,white
940,,23,younger mom,36,premie,5,33,7.99,not low,female,smoker,not married,white
941,,27,younger mom,39,full term,13,18,7.46,not low,female,nonsmoker,not married,white
942,31,32,younger mom,38,full term,12,8,6.6,not low,male,smoker,married,white
943,20,22,younger mom,40,full term,10,31,7.78,not low,male,nonsmoker,married,white
944,49,33,younger mom,40,full term,13,36,8.13,not low,male,nonsmoker,married,white
945,32,34,younger mom,39,full term,14,27,7.87,not low,female,nonsmoker,married,white
946,32,28,younger mom,40,full term,12,43,6.84,not low,male,nonsmoker,married,not white
947,34,30,younger mom,41,full term,,30,6.74,not low,female,smoker,married,white
948,,29,younger mom,38,full term,9,34,7.44,not low,female,nonsmoker,married,white
949,,26,younger mom,38,full term,14,0,7.81,not low,female,nonsmoker,married,not white
950,32,26,younger mom,40,full term,13,1,6.57,not low,female,nonsmoker,married,not white
951,35,28,younger mom,39,full term,12,,5.85,not low,male,nonsmoker,married,white
952,49,38,mature mom,39,full term,14,0,6.99,not low,male,nonsmoker,married,white
953,34,29,younger mom,38,full term,8,12,9.19,not low,female,nonsmoker,not married,white
954,20,23,younger mom,38,full term,11,35,6.19,not low,male,nonsmoker,not married,white
955,30,32,younger mom,40,full term,15,33,6.77,not low,male,nonsmoker,married,white
956,43,36,mature mom,36,premie,25,25,6.5,not low,male,nonsmoker,married,white
957,44,39,mature mom,39,full term,10,33,7.37,not low,female,nonsmoker,married,white
958,28,25,younger mom,38,full term,12,23,5.75,not low,female,nonsmoker,married,white
959,34,29,younger mom,39,full term,14,16,8.12,not low,male,smoker,married,white
960,30,31,younger mom,32,premie,11,,3.64,low,male,nonsmoker,married,not white
961,,31,younger mom,40,full term,6,23,7.74,not low,female,smoker,married,white
962,26,29,younger mom,40,full term,12,38,7.19,not low,male,nonsmoker,married,white
963,29,28,younger mom,41,full term,18,27,8.81,not low,male,nonsmoker,married,white
964,32,28,younger mom,36,premie,12,28,5.88,not low,female,nonsmoker,married,white
965,,38,mature mom,38,full term,13,30,8.88,not low,female,nonsmoker,not married,not white
966,31,26,younger mom,39,full term,,25,7.25,not low,female,smoker,married,white
967,35,38,mature mom,38,full term,11,6,6.69,not low,female,nonsmoker,married,white
968,32,30,younger mom,39,full term,12,14,6.83,not low,female,smoker,not married,white
969,44,35,mature mom,33,premie,6,29,4.8,low,male,,married,white
970,30,27,younger mom,40,full term,10,30,8.63,not low,male,smoker,not married,not white
971,36,33,younger mom,36,premie,16,30,8.44,not low,male,nonsmoker,married,white
972,37,35,mature mom,38,full term,13,36,5.13,low,male,nonsmoker,not married,white
973,48,35,mature mom,40,full term,6,33,8.07,not low,male,nonsmoker,not married,white
974,24,24,younger mom,40,full term,12,35,6.03,not low,male,nonsmoker,not married,white
975,25,29,younger mom,41,full term,,,7.62,not low,male,nonsmoker,not married,not white
976,,34,younger mom,44,full term,4,22,4.67,low,female,smoker,not married,white
977,29,23,younger mom,38,full term,7,17,6.05,not low,male,smoker,married,white
978,21,22,younger mom,39,full term,11,40,7.45,not low,male,nonsmoker,married,white
979,25,20,younger mom,42,full term,10,33,7.31,not low,male,nonsmoker,not married,white
980,15,18,younger mom,39,full term,6,32,6.64,not low,female,nonsmoker,not married,white
981,25,21,younger mom,35,premie,10,36,5.58,not low,female,nonsmoker,not married,white
982,,23,younger mom,40,full term,3,25,5.87,not low,female,nonsmoker,not married,not white
983,30,32,younger mom,39,full term,7,38,7.5,not low,female,nonsmoker,not married,not white
984,41,29,younger mom,36,premie,11,45,5.82,not low,female,nonsmoker,married,white
985,,20,younger mom,37,full term,8,36,7.63,not low,female,nonsmoker,not married,white
986,28,27,younger mom,39,full term,12,41,9,not low,male,nonsmoker,not married,not white
987,23,17,younger mom,40,full term,12,38,8.05,not low,male,smoker,not married,white
988,38,34,younger mom,37,full term,8,31,9.14,not low,male,nonsmoker,married,white
989,38,36,mature mom,39,full term,12,15,8.19,not low,male,nonsmoker,married,white
990,20,18,younger mom,39,full term,14,0,7.87,not low,male,nonsmoker,not married,not white
991,33,34,younger mom,38,full term,16,34,9.37,not low,male,nonsmoker,married,white
992,36,31,younger mom,39,full term,15,28,6.38,not low,male,nonsmoker,not married,white
993,33,26,younger mom,38,full term,13,34,7.35,not low,female,nonsmoker,married,white
994,48,32,younger mom,40,full term,8,8,9,not low,female,nonsmoker,married,not white
995,29,24,younger mom,32,premie,8,33,2.33,low,female,nonsmoker,married,white
996,28,24,younger mom,39,full term,,20,6.49,not low,male,,not married,not white
997,37,31,younger mom,38,full term,8,33,5.8,not low,female,nonsmoker,married,white
998,27,27,younger mom,34,premie,7,25,6.75,not low,female,nonsmoker,married,white
999,,33,younger mom,42,full term,0,13,7.44,not low,male,nonsmoker,not married,white
1000,21,17,younger mom,41,full term,12,41,7.13,not low,female,nonsmoker,not married,white
