rownames,f_age,m_age,weeks,premature,visits,gained,weight,sex_baby,smoke
1,31,30,39,full term,13,1,6.88,male,smoker
2,34,36,39,full term,5,35,7.69,male,nonsmoker
3,36,35,40,full term,12,29,8.88,male,nonsmoker
4,41,40,40,full term,13,30,9,female,nonsmoker
5,42,37,40,full term,,10,7.94,male,nonsmoker
6,37,28,40,full term,12,35,8.25,male,smoker
7,35,35,28,premie,6,29,1.63,female,nonsmoker
8,28,21,35,premie,9,15,5.5,female,smoker
9,22,20,32,premie,5,40,2.69,male,smoker
10,36,25,40,full term,13,34,8.75,female,nonsmoker
11,27,19,32,premie,5,32,6.5,female,nonsmoker
12,35,34,40,full term,15,20,7.44,male,nonsmoker
13,25,19,41,full term,13,47,8.38,male,smoker
14,36,33,38,full term,10,20,6,male,nonsmoker
15,27,27,39,full term,11,5,7.81,male,smoker
16,24,23,38,full term,13,22,7.81,female,nonsmoker
17,33,40,36,premie,13,23,7.81,female,nonsmoker
18,,23,40,full term,10,30,7.31,male,nonsmoker
19,28,27,33,premie,6,18,4.75,male,smoker
20,25,22,34,premie,10,20,3.75,male,nonsmoker
21,35,31,37,full term,12,37,8.06,female,nonsmoker
22,,38,32,premie,10,16,2.19,female,smoker
23,,26,42,full term,15,30,7.38,male,smoker
24,29,30,39,full term,10,43,6.88,female,nonsmoker
25,24,22,40,full term,16,34,6.88,female,smoker
26,25,25,38,full term,19,13,7.63,female,nonsmoker
27,34,33,43,full term,13,25,9.13,male,smoker
28,,20,39,full term,15,70,7.38,female,smoker
29,,28,37,full term,13,35,8.25,female,nonsmoker
30,28,26,39,full term,15,45,7.19,female,nonsmoker
31,27,27,39,full term,14,31,7.56,female,nonsmoker
32,,21,36,premie,15,10,6.81,male,nonsmoker
33,,24,38,full term,16,50,3.75,female,nonsmoker
34,,25,38,full term,11,27,8.75,male,nonsmoker
35,33,30,37,full term,10,57,6.56,male,nonsmoker
36,27,25,40,full term,11,26,7.44,male,nonsmoker
37,,25,39,full term,5,37,6,female,smoker
38,29,21,39,full term,18,13,7.75,female,nonsmoker
39,33,30,39,full term,9,42,7.81,male,smoker
40,,24,39,full term,6,30,6.13,female,smoker
41,,23,42,full term,9,22,8.81,male,nonsmoker
42,29,26,39,full term,14,65,7.75,female,smoker
43,35,28,38,full term,10,25,6.88,male,nonsmoker
44,27,22,35,premie,12,30,4.69,male,nonsmoker
45,33,25,35,premie,15,18,6.75,male,nonsmoker
46,27,22,39,full term,12,30,6.94,female,smoker
47,30,25,35,premie,15,40,4.5,male,smoker
48,,23,44,full term,4,55,8.13,female,smoker
49,21,22,40,full term,10,85,5.81,male,nonsmoker
50,,32,37,full term,8,30,6.81,female,nonsmoker
51,34,34,38,full term,11,23,7.25,male,nonsmoker
52,22,22,39,full term,14,29,7.19,female,nonsmoker
53,35,31,40,full term,10,45,8,female,nonsmoker
54,25,26,39,full term,12,40,8.38,male,nonsmoker
55,22,26,39,full term,12,31,7.31,male,smoker
56,22,34,39,full term,12,57,9.69,male,nonsmoker
57,40,40,38,full term,13,38,7.31,male,nonsmoker
58,24,18,37,full term,8,25,6.19,male,smoker
59,42,38,41,full term,15,35,10.13,female,nonsmoker
60,30,28,39,full term,13,0,7.5,female,nonsmoker
61,35,31,40,full term,15,32,6.25,male,nonsmoker
62,39,27,39,full term,12,58,8.56,male,smoker
63,28,18,41,full term,10,11,6.5,female,nonsmoker
64,29,29,44,full term,12,51,8.5,male,nonsmoker
65,28,24,39,full term,11,,7.5,female,nonsmoker
66,33,35,38,full term,10,20,6.44,female,smoker
67,29,31,36,premie,8,42,5.94,male,smoker
68,19,20,34,premie,13,6,4.5,male,nonsmoker
69,,19,39,full term,11,48,8.38,female,smoker
70,43,31,41,full term,5,20,7.06,female,smoker
71,33,27,41,full term,15,38,7,male,smoker
72,27,21,41,full term,8,26,5.94,female,nonsmoker
73,29,30,39,full term,15,44,6.38,male,smoker
74,,20,37,full term,10,26,5.38,female,smoker
75,,16,40,full term,4,12,6,female,nonsmoker
76,34,34,37,full term,17,35,6.88,female,nonsmoker
77,26,26,41,full term,10,68,9.31,male,nonsmoker
78,22,22,40,full term,13,0,6.5,male,smoker
79,31,32,38,full term,6,27,6.75,female,nonsmoker
80,39,37,38,full term,5,45,5.13,male,nonsmoker
81,,37,38,full term,3,,7.5,male,smoker
82,34,36,38,full term,4,25,6.88,male,smoker
83,,32,33,premie,10,60,5.06,male,nonsmoker
84,30,24,41,full term,12,40,8.13,male,smoker
85,30,29,39,full term,14,30,5.38,male,nonsmoker
86,27,24,40,full term,11,8,7.69,female,nonsmoker
87,,23,41,full term,14,19,7.88,female,nonsmoker
88,24,21,41,full term,13,40,7.88,female,nonsmoker
89,34,29,39,full term,15,24,8.25,female,nonsmoker
90,32,25,41,full term,13,50,7.75,female,nonsmoker
91,26,25,40,full term,10,25,7,male,nonsmoker
92,,41,33,premie,13,0,5.69,female,nonsmoker
93,26,23,42,full term,14,23,6.75,male,nonsmoker
94,25,34,41,full term,10,35,8.19,female,nonsmoker
95,24,19,40,full term,12,36,8.19,male,nonsmoker
96,35,31,39,full term,15,35,7.44,male,nonsmoker
97,35,36,38,full term,18,37,8.25,male,nonsmoker
98,28,25,40,full term,7,31,9.19,male,nonsmoker
99,34,31,40,full term,14,44,7.5,female,nonsmoker
100,35,33,40,full term,16,30,6.81,male,nonsmoker
101,30,25,40,full term,12,35,8.13,male,nonsmoker
102,26,20,41,full term,16,21,6.31,female,smoker
103,24,22,39,full term,12,32,8.38,male,nonsmoker
104,,26,38,full term,14,40,8,male,smoker
105,34,27,39,full term,16,24,8.88,male,smoker
106,,20,40,full term,17,39,9.06,male,smoker
107,26,17,38,full term,11,30,9.5,female,nonsmoker
108,,18,40,full term,12,13,8.75,male,nonsmoker
109,34,33,39,full term,10,40,8.06,male,nonsmoker
110,20,23,39,full term,15,56,7.31,male,smoker
111,21,16,38,full term,15,75,7.56,female,smoker
112,22,20,38,full term,8,45,7.44,female,nonsmoker
113,32,35,38,full term,17,55,7.5,female,nonsmoker
114,37,35,40,full term,16,32,7.31,female,nonsmoker
115,36,30,39,full term,11,21,7.88,male,nonsmoker
116,31,23,44,full term,14,40,6.81,male,nonsmoker
117,20,20,37,full term,12,22,5.94,female,nonsmoker
118,46,39,38,full term,10,35,6.75,male,smoker
119,23,25,37,full term,8,53,7.69,female,nonsmoker
120,28,21,38,full term,12,40,7.38,male,nonsmoker
121,25,19,40,full term,16,37,7.94,male,smoker
122,,24,39,full term,8,22,5,female,smoker
123,17,20,39,full term,16,35,5.63,female,nonsmoker
124,27,23,43,full term,15,30,7.81,female,nonsmoker
125,33,27,41,full term,14,58,8,male,nonsmoker
126,,18,33,premie,7,40,1.69,male,smoker
127,26,23,38,full term,5,28,7.19,female,nonsmoker
128,37,33,36,premie,11,15,6.31,male,smoker
129,32,24,39,full term,8,23,6.88,female,smoker
130,24,22,42,full term,7,21,6.5,female,nonsmoker
131,17,17,29,premie,4,10,2.63,female,nonsmoker
132,18,15,37,full term,12,76,8.44,male,nonsmoker
133,24,20,41,full term,16,35,7.19,male,nonsmoker
134,,21,41,full term,12,32,8.38,male,nonsmoker
135,20,17,40,full term,17,38,7.19,male,nonsmoker
136,25,22,39,full term,12,27,6.31,female,smoker
137,33,33,38,full term,15,60,6.56,male,nonsmoker
138,23,21,40,full term,15,38,7.63,female,nonsmoker
139,36,28,39,full term,15,40,8.38,male,nonsmoker
140,31,29,41,full term,12,30,7.69,male,smoker
141,,23,36,premie,2,27,5.88,female,nonsmoker
142,,19,39,full term,7,0,7.31,male,smoker
143,47,24,40,full term,12,46,6.88,male,nonsmoker
144,,35,37,full term,10,25,5.63,male,smoker
145,30,29,38,full term,17,55,7,female,nonsmoker
146,,17,40,full term,15,20,7.63,female,nonsmoker
147,,37,39,full term,5,20,8.19,female,smoker
148,31,32,37,full term,12,22,6,female,nonsmoker
149,33,28,41,full term,10,30,8.13,male,nonsmoker
150,38,37,26,premie,5,25,3.63,male,nonsmoker
