rownames,order,response
1,"2,4-D",cancer
2,"2,4-D",cancer
3,"2,4-D",cancer
4,"2,4-D",cancer
5,"2,4-D",cancer
6,"2,4-D",cancer
7,"2,4-D",cancer
8,"2,4-D",cancer
9,"2,4-D",cancer
10,"2,4-D",cancer
11,"2,4-D",cancer
12,"2,4-D",cancer
13,"2,4-D",cancer
14,"2,4-D",cancer
15,"2,4-D",cancer
16,"2,4-D",cancer
17,"2,4-D",cancer
18,"2,4-D",cancer
19,"2,4-D",cancer
20,"2,4-D",cancer
21,"2,4-D",cancer
22,"2,4-D",cancer
23,"2,4-D",cancer
24,"2,4-D",cancer
25,"2,4-D",cancer
26,"2,4-D",cancer
27,"2,4-D",cancer
28,"2,4-D",cancer
29,"2,4-D",cancer
30,"2,4-D",cancer
31,"2,4-D",cancer
32,"2,4-D",cancer
33,"2,4-D",cancer
34,"2,4-D",cancer
35,"2,4-D",cancer
36,"2,4-D",cancer
37,"2,4-D",cancer
38,"2,4-D",cancer
39,"2,4-D",cancer
40,"2,4-D",cancer
41,"2,4-D",cancer
42,"2,4-D",cancer
43,"2,4-D",cancer
44,"2,4-D",cancer
45,"2,4-D",cancer
46,"2,4-D",cancer
47,"2,4-D",cancer
48,"2,4-D",cancer
49,"2,4-D",cancer
50,"2,4-D",cancer
51,"2,4-D",cancer
52,"2,4-D",cancer
53,"2,4-D",cancer
54,"2,4-D",cancer
55,"2,4-D",cancer
56,"2,4-D",cancer
57,"2,4-D",cancer
58,"2,4-D",cancer
59,"2,4-D",cancer
60,"2,4-D",cancer
61,"2,4-D",cancer
62,"2,4-D",cancer
63,"2,4-D",cancer
64,"2,4-D",cancer
65,"2,4-D",cancer
66,"2,4-D",cancer
67,"2,4-D",cancer
68,"2,4-D",cancer
69,"2,4-D",cancer
70,"2,4-D",cancer
71,"2,4-D",cancer
72,"2,4-D",cancer
73,"2,4-D",cancer
74,"2,4-D",cancer
75,"2,4-D",cancer
76,"2,4-D",cancer
77,"2,4-D",cancer
78,"2,4-D",cancer
79,"2,4-D",cancer
80,"2,4-D",cancer
81,"2,4-D",cancer
82,"2,4-D",cancer
83,"2,4-D",cancer
84,"2,4-D",cancer
85,"2,4-D",cancer
86,"2,4-D",cancer
87,"2,4-D",cancer
88,"2,4-D",cancer
89,"2,4-D",cancer
90,"2,4-D",cancer
91,"2,4-D",cancer
92,"2,4-D",cancer
93,"2,4-D",cancer
94,"2,4-D",cancer
95,"2,4-D",cancer
96,"2,4-D",cancer
97,"2,4-D",cancer
98,"2,4-D",cancer
99,"2,4-D",cancer
100,"2,4-D",cancer
101,"2,4-D",cancer
102,"2,4-D",cancer
103,"2,4-D",cancer
104,"2,4-D",cancer
105,"2,4-D",cancer
106,"2,4-D",cancer
107,"2,4-D",cancer
108,"2,4-D",cancer
109,"2,4-D",cancer
110,"2,4-D",cancer
111,"2,4-D",cancer
112,"2,4-D",cancer
113,"2,4-D",cancer
114,"2,4-D",cancer
115,"2,4-D",cancer
116,"2,4-D",cancer
117,"2,4-D",cancer
118,"2,4-D",cancer
119,"2,4-D",cancer
120,"2,4-D",cancer
121,"2,4-D",cancer
122,"2,4-D",cancer
123,"2,4-D",cancer
124,"2,4-D",cancer
125,"2,4-D",cancer
126,"2,4-D",cancer
127,"2,4-D",cancer
128,"2,4-D",cancer
129,"2,4-D",cancer
130,"2,4-D",cancer
131,"2,4-D",cancer
132,"2,4-D",cancer
133,"2,4-D",cancer
134,"2,4-D",cancer
135,"2,4-D",cancer
136,"2,4-D",cancer
137,"2,4-D",cancer
138,"2,4-D",cancer
139,"2,4-D",cancer
140,"2,4-D",cancer
141,"2,4-D",cancer
142,"2,4-D",cancer
143,"2,4-D",cancer
144,"2,4-D",cancer
145,"2,4-D",cancer
146,"2,4-D",cancer
147,"2,4-D",cancer
148,"2,4-D",cancer
149,"2,4-D",cancer
150,"2,4-D",cancer
151,"2,4-D",cancer
152,"2,4-D",cancer
153,"2,4-D",cancer
154,"2,4-D",cancer
155,"2,4-D",cancer
156,"2,4-D",cancer
157,"2,4-D",cancer
158,"2,4-D",cancer
159,"2,4-D",cancer
160,"2,4-D",cancer
161,"2,4-D",cancer
162,"2,4-D",cancer
163,"2,4-D",cancer
164,"2,4-D",cancer
165,"2,4-D",cancer
166,"2,4-D",cancer
167,"2,4-D",cancer
168,"2,4-D",cancer
169,"2,4-D",cancer
170,"2,4-D",cancer
171,"2,4-D",cancer
172,"2,4-D",cancer
173,"2,4-D",cancer
174,"2,4-D",cancer
175,"2,4-D",cancer
176,"2,4-D",cancer
177,"2,4-D",cancer
178,"2,4-D",cancer
179,"2,4-D",cancer
180,"2,4-D",cancer
181,"2,4-D",cancer
182,"2,4-D",cancer
183,"2,4-D",cancer
184,"2,4-D",cancer
185,"2,4-D",cancer
186,"2,4-D",cancer
187,"2,4-D",cancer
188,"2,4-D",cancer
189,"2,4-D",cancer
190,"2,4-D",cancer
191,"2,4-D",cancer
192,"2,4-D",no cancer
193,"2,4-D",no cancer
194,"2,4-D",no cancer
195,"2,4-D",no cancer
196,"2,4-D",no cancer
197,"2,4-D",no cancer
198,"2,4-D",no cancer
199,"2,4-D",no cancer
200,"2,4-D",no cancer
201,"2,4-D",no cancer
202,"2,4-D",no cancer
203,"2,4-D",no cancer
204,"2,4-D",no cancer
205,"2,4-D",no cancer
206,"2,4-D",no cancer
207,"2,4-D",no cancer
208,"2,4-D",no cancer
209,"2,4-D",no cancer
210,"2,4-D",no cancer
211,"2,4-D",no cancer
212,"2,4-D",no cancer
213,"2,4-D",no cancer
214,"2,4-D",no cancer
215,"2,4-D",no cancer
216,"2,4-D",no cancer
217,"2,4-D",no cancer
218,"2,4-D",no cancer
219,"2,4-D",no cancer
220,"2,4-D",no cancer
221,"2,4-D",no cancer
222,"2,4-D",no cancer
223,"2,4-D",no cancer
224,"2,4-D",no cancer
225,"2,4-D",no cancer
226,"2,4-D",no cancer
227,"2,4-D",no cancer
228,"2,4-D",no cancer
229,"2,4-D",no cancer
230,"2,4-D",no cancer
231,"2,4-D",no cancer
232,"2,4-D",no cancer
233,"2,4-D",no cancer
234,"2,4-D",no cancer
235,"2,4-D",no cancer
236,"2,4-D",no cancer
237,"2,4-D",no cancer
238,"2,4-D",no cancer
239,"2,4-D",no cancer
240,"2,4-D",no cancer
241,"2,4-D",no cancer
242,"2,4-D",no cancer
243,"2,4-D",no cancer
244,"2,4-D",no cancer
245,"2,4-D",no cancer
246,"2,4-D",no cancer
247,"2,4-D",no cancer
248,"2,4-D",no cancer
249,"2,4-D",no cancer
250,"2,4-D",no cancer
251,"2,4-D",no cancer
252,"2,4-D",no cancer
253,"2,4-D",no cancer
254,"2,4-D",no cancer
255,"2,4-D",no cancer
256,"2,4-D",no cancer
257,"2,4-D",no cancer
258,"2,4-D",no cancer
259,"2,4-D",no cancer
260,"2,4-D",no cancer
261,"2,4-D",no cancer
262,"2,4-D",no cancer
263,"2,4-D",no cancer
264,"2,4-D",no cancer
265,"2,4-D",no cancer
266,"2,4-D",no cancer
267,"2,4-D",no cancer
268,"2,4-D",no cancer
269,"2,4-D",no cancer
270,"2,4-D",no cancer
271,"2,4-D",no cancer
272,"2,4-D",no cancer
273,"2,4-D",no cancer
274,"2,4-D",no cancer
275,"2,4-D",no cancer
276,"2,4-D",no cancer
277,"2,4-D",no cancer
278,"2,4-D",no cancer
279,"2,4-D",no cancer
280,"2,4-D",no cancer
281,"2,4-D",no cancer
282,"2,4-D",no cancer
283,"2,4-D",no cancer
284,"2,4-D",no cancer
285,"2,4-D",no cancer
286,"2,4-D",no cancer
287,"2,4-D",no cancer
288,"2,4-D",no cancer
289,"2,4-D",no cancer
290,"2,4-D",no cancer
291,"2,4-D",no cancer
292,"2,4-D",no cancer
293,"2,4-D",no cancer
294,"2,4-D",no cancer
295,"2,4-D",no cancer
296,"2,4-D",no cancer
297,"2,4-D",no cancer
298,"2,4-D",no cancer
299,"2,4-D",no cancer
300,"2,4-D",no cancer
301,"2,4-D",no cancer
302,"2,4-D",no cancer
303,"2,4-D",no cancer
304,"2,4-D",no cancer
305,"2,4-D",no cancer
306,"2,4-D",no cancer
307,"2,4-D",no cancer
308,"2,4-D",no cancer
309,"2,4-D",no cancer
310,"2,4-D",no cancer
311,"2,4-D",no cancer
312,"2,4-D",no cancer
313,"2,4-D",no cancer
314,"2,4-D",no cancer
315,"2,4-D",no cancer
316,"2,4-D",no cancer
317,"2,4-D",no cancer
318,"2,4-D",no cancer
319,"2,4-D",no cancer
320,"2,4-D",no cancer
321,"2,4-D",no cancer
322,"2,4-D",no cancer
323,"2,4-D",no cancer
324,"2,4-D",no cancer
325,"2,4-D",no cancer
326,"2,4-D",no cancer
327,"2,4-D",no cancer
328,"2,4-D",no cancer
329,"2,4-D",no cancer
330,"2,4-D",no cancer
331,"2,4-D",no cancer
332,"2,4-D",no cancer
333,"2,4-D",no cancer
334,"2,4-D",no cancer
335,"2,4-D",no cancer
336,"2,4-D",no cancer
337,"2,4-D",no cancer
338,"2,4-D",no cancer
339,"2,4-D",no cancer
340,"2,4-D",no cancer
341,"2,4-D",no cancer
342,"2,4-D",no cancer
343,"2,4-D",no cancer
344,"2,4-D",no cancer
345,"2,4-D",no cancer
346,"2,4-D",no cancer
347,"2,4-D",no cancer
348,"2,4-D",no cancer
349,"2,4-D",no cancer
350,"2,4-D",no cancer
351,"2,4-D",no cancer
352,"2,4-D",no cancer
353,"2,4-D",no cancer
354,"2,4-D",no cancer
355,"2,4-D",no cancer
356,"2,4-D",no cancer
357,"2,4-D",no cancer
358,"2,4-D",no cancer
359,"2,4-D",no cancer
360,"2,4-D",no cancer
361,"2,4-D",no cancer
362,"2,4-D",no cancer
363,"2,4-D",no cancer
364,"2,4-D",no cancer
365,"2,4-D",no cancer
366,"2,4-D",no cancer
367,"2,4-D",no cancer
368,"2,4-D",no cancer
369,"2,4-D",no cancer
370,"2,4-D",no cancer
371,"2,4-D",no cancer
372,"2,4-D",no cancer
373,"2,4-D",no cancer
374,"2,4-D",no cancer
375,"2,4-D",no cancer
376,"2,4-D",no cancer
377,"2,4-D",no cancer
378,"2,4-D",no cancer
379,"2,4-D",no cancer
380,"2,4-D",no cancer
381,"2,4-D",no cancer
382,"2,4-D",no cancer
383,"2,4-D",no cancer
384,"2,4-D",no cancer
385,"2,4-D",no cancer
386,"2,4-D",no cancer
387,"2,4-D",no cancer
388,"2,4-D",no cancer
389,"2,4-D",no cancer
390,"2,4-D",no cancer
391,"2,4-D",no cancer
392,"2,4-D",no cancer
393,"2,4-D",no cancer
394,"2,4-D",no cancer
395,"2,4-D",no cancer
396,"2,4-D",no cancer
397,"2,4-D",no cancer
398,"2,4-D",no cancer
399,"2,4-D",no cancer
400,"2,4-D",no cancer
401,"2,4-D",no cancer
402,"2,4-D",no cancer
403,"2,4-D",no cancer
404,"2,4-D",no cancer
405,"2,4-D",no cancer
406,"2,4-D",no cancer
407,"2,4-D",no cancer
408,"2,4-D",no cancer
409,"2,4-D",no cancer
410,"2,4-D",no cancer
411,"2,4-D",no cancer
412,"2,4-D",no cancer
413,"2,4-D",no cancer
414,"2,4-D",no cancer
415,"2,4-D",no cancer
416,"2,4-D",no cancer
417,"2,4-D",no cancer
418,"2,4-D",no cancer
419,"2,4-D",no cancer
420,"2,4-D",no cancer
421,"2,4-D",no cancer
422,"2,4-D",no cancer
423,"2,4-D",no cancer
424,"2,4-D",no cancer
425,"2,4-D",no cancer
426,"2,4-D",no cancer
427,"2,4-D",no cancer
428,"2,4-D",no cancer
429,"2,4-D",no cancer
430,"2,4-D",no cancer
431,"2,4-D",no cancer
432,"2,4-D",no cancer
433,"2,4-D",no cancer
434,"2,4-D",no cancer
435,"2,4-D",no cancer
436,"2,4-D",no cancer
437,"2,4-D",no cancer
438,"2,4-D",no cancer
439,"2,4-D",no cancer
440,"2,4-D",no cancer
441,"2,4-D",no cancer
442,"2,4-D",no cancer
443,"2,4-D",no cancer
444,"2,4-D",no cancer
445,"2,4-D",no cancer
446,"2,4-D",no cancer
447,"2,4-D",no cancer
448,"2,4-D",no cancer
449,"2,4-D",no cancer
450,"2,4-D",no cancer
451,"2,4-D",no cancer
452,"2,4-D",no cancer
453,"2,4-D",no cancer
454,"2,4-D",no cancer
455,"2,4-D",no cancer
456,"2,4-D",no cancer
457,"2,4-D",no cancer
458,"2,4-D",no cancer
459,"2,4-D",no cancer
460,"2,4-D",no cancer
461,"2,4-D",no cancer
462,"2,4-D",no cancer
463,"2,4-D",no cancer
464,"2,4-D",no cancer
465,"2,4-D",no cancer
466,"2,4-D",no cancer
467,"2,4-D",no cancer
468,"2,4-D",no cancer
469,"2,4-D",no cancer
470,"2,4-D",no cancer
471,"2,4-D",no cancer
472,"2,4-D",no cancer
473,"2,4-D",no cancer
474,"2,4-D",no cancer
475,"2,4-D",no cancer
476,"2,4-D",no cancer
477,"2,4-D",no cancer
478,"2,4-D",no cancer
479,"2,4-D",no cancer
480,"2,4-D",no cancer
481,"2,4-D",no cancer
482,"2,4-D",no cancer
483,"2,4-D",no cancer
484,"2,4-D",no cancer
485,"2,4-D",no cancer
486,"2,4-D",no cancer
487,"2,4-D",no cancer
488,"2,4-D",no cancer
489,"2,4-D",no cancer
490,"2,4-D",no cancer
491,"2,4-D",no cancer
492,"2,4-D",no cancer
493,"2,4-D",no cancer
494,"2,4-D",no cancer
495,"2,4-D",no cancer
496,"no 2,4-D",cancer
497,"no 2,4-D",cancer
498,"no 2,4-D",cancer
499,"no 2,4-D",cancer
500,"no 2,4-D",cancer
501,"no 2,4-D",cancer
502,"no 2,4-D",cancer
503,"no 2,4-D",cancer
504,"no 2,4-D",cancer
505,"no 2,4-D",cancer
506,"no 2,4-D",cancer
507,"no 2,4-D",cancer
508,"no 2,4-D",cancer
509,"no 2,4-D",cancer
510,"no 2,4-D",cancer
511,"no 2,4-D",cancer
512,"no 2,4-D",cancer
513,"no 2,4-D",cancer
514,"no 2,4-D",cancer
515,"no 2,4-D",cancer
516,"no 2,4-D",cancer
517,"no 2,4-D",cancer
518,"no 2,4-D",cancer
519,"no 2,4-D",cancer
520,"no 2,4-D",cancer
521,"no 2,4-D",cancer
522,"no 2,4-D",cancer
523,"no 2,4-D",cancer
524,"no 2,4-D",cancer
525,"no 2,4-D",cancer
526,"no 2,4-D",cancer
527,"no 2,4-D",cancer
528,"no 2,4-D",cancer
529,"no 2,4-D",cancer
530,"no 2,4-D",cancer
531,"no 2,4-D",cancer
532,"no 2,4-D",cancer
533,"no 2,4-D",cancer
534,"no 2,4-D",cancer
535,"no 2,4-D",cancer
536,"no 2,4-D",cancer
537,"no 2,4-D",cancer
538,"no 2,4-D",cancer
539,"no 2,4-D",cancer
540,"no 2,4-D",cancer
541,"no 2,4-D",cancer
542,"no 2,4-D",cancer
543,"no 2,4-D",cancer
544,"no 2,4-D",cancer
545,"no 2,4-D",cancer
546,"no 2,4-D",cancer
547,"no 2,4-D",cancer
548,"no 2,4-D",cancer
549,"no 2,4-D",cancer
550,"no 2,4-D",cancer
551,"no 2,4-D",cancer
552,"no 2,4-D",cancer
553,"no 2,4-D",cancer
554,"no 2,4-D",cancer
555,"no 2,4-D",cancer
556,"no 2,4-D",cancer
557,"no 2,4-D",cancer
558,"no 2,4-D",cancer
559,"no 2,4-D",cancer
560,"no 2,4-D",cancer
561,"no 2,4-D",cancer
562,"no 2,4-D",cancer
563,"no 2,4-D",cancer
564,"no 2,4-D",cancer
565,"no 2,4-D",cancer
566,"no 2,4-D",cancer
567,"no 2,4-D",cancer
568,"no 2,4-D",cancer
569,"no 2,4-D",cancer
570,"no 2,4-D",cancer
571,"no 2,4-D",cancer
572,"no 2,4-D",cancer
573,"no 2,4-D",cancer
574,"no 2,4-D",cancer
575,"no 2,4-D",cancer
576,"no 2,4-D",cancer
577,"no 2,4-D",cancer
578,"no 2,4-D",cancer
579,"no 2,4-D",cancer
580,"no 2,4-D",cancer
581,"no 2,4-D",cancer
582,"no 2,4-D",cancer
583,"no 2,4-D",cancer
584,"no 2,4-D",cancer
585,"no 2,4-D",cancer
586,"no 2,4-D",cancer
587,"no 2,4-D",cancer
588,"no 2,4-D",cancer
589,"no 2,4-D",cancer
590,"no 2,4-D",cancer
591,"no 2,4-D",cancer
592,"no 2,4-D",cancer
593,"no 2,4-D",cancer
594,"no 2,4-D",cancer
595,"no 2,4-D",cancer
596,"no 2,4-D",cancer
597,"no 2,4-D",cancer
598,"no 2,4-D",cancer
599,"no 2,4-D",cancer
600,"no 2,4-D",cancer
601,"no 2,4-D",cancer
602,"no 2,4-D",cancer
603,"no 2,4-D",cancer
604,"no 2,4-D",cancer
605,"no 2,4-D",cancer
606,"no 2,4-D",cancer
607,"no 2,4-D",cancer
608,"no 2,4-D",cancer
609,"no 2,4-D",cancer
610,"no 2,4-D",cancer
611,"no 2,4-D",cancer
612,"no 2,4-D",cancer
613,"no 2,4-D",cancer
614,"no 2,4-D",cancer
615,"no 2,4-D",cancer
616,"no 2,4-D",cancer
617,"no 2,4-D",cancer
618,"no 2,4-D",cancer
619,"no 2,4-D",cancer
620,"no 2,4-D",cancer
621,"no 2,4-D",cancer
622,"no 2,4-D",cancer
623,"no 2,4-D",cancer
624,"no 2,4-D",cancer
625,"no 2,4-D",cancer
626,"no 2,4-D",cancer
627,"no 2,4-D",cancer
628,"no 2,4-D",cancer
629,"no 2,4-D",cancer
630,"no 2,4-D",cancer
631,"no 2,4-D",cancer
632,"no 2,4-D",cancer
633,"no 2,4-D",cancer
634,"no 2,4-D",cancer
635,"no 2,4-D",cancer
636,"no 2,4-D",cancer
637,"no 2,4-D",cancer
638,"no 2,4-D",cancer
639,"no 2,4-D",cancer
640,"no 2,4-D",cancer
641,"no 2,4-D",cancer
642,"no 2,4-D",cancer
643,"no 2,4-D",cancer
644,"no 2,4-D",cancer
645,"no 2,4-D",cancer
646,"no 2,4-D",cancer
647,"no 2,4-D",cancer
648,"no 2,4-D",cancer
649,"no 2,4-D",cancer
650,"no 2,4-D",cancer
651,"no 2,4-D",cancer
652,"no 2,4-D",cancer
653,"no 2,4-D",cancer
654,"no 2,4-D",cancer
655,"no 2,4-D",cancer
656,"no 2,4-D",cancer
657,"no 2,4-D",cancer
658,"no 2,4-D",cancer
659,"no 2,4-D",cancer
660,"no 2,4-D",cancer
661,"no 2,4-D",cancer
662,"no 2,4-D",cancer
663,"no 2,4-D",cancer
664,"no 2,4-D",cancer
665,"no 2,4-D",cancer
666,"no 2,4-D",cancer
667,"no 2,4-D",cancer
668,"no 2,4-D",cancer
669,"no 2,4-D",cancer
670,"no 2,4-D",cancer
671,"no 2,4-D",cancer
672,"no 2,4-D",cancer
673,"no 2,4-D",cancer
674,"no 2,4-D",cancer
675,"no 2,4-D",cancer
676,"no 2,4-D",cancer
677,"no 2,4-D",cancer
678,"no 2,4-D",cancer
679,"no 2,4-D",cancer
680,"no 2,4-D",cancer
681,"no 2,4-D",cancer
682,"no 2,4-D",cancer
683,"no 2,4-D",cancer
684,"no 2,4-D",cancer
685,"no 2,4-D",cancer
686,"no 2,4-D",cancer
687,"no 2,4-D",cancer
688,"no 2,4-D",cancer
689,"no 2,4-D",cancer
690,"no 2,4-D",cancer
691,"no 2,4-D",cancer
692,"no 2,4-D",cancer
693,"no 2,4-D",cancer
694,"no 2,4-D",cancer
695,"no 2,4-D",cancer
696,"no 2,4-D",cancer
697,"no 2,4-D",cancer
698,"no 2,4-D",cancer
699,"no 2,4-D",cancer
700,"no 2,4-D",cancer
701,"no 2,4-D",cancer
702,"no 2,4-D",cancer
703,"no 2,4-D",cancer
704,"no 2,4-D",cancer
705,"no 2,4-D",cancer
706,"no 2,4-D",cancer
707,"no 2,4-D",cancer
708,"no 2,4-D",cancer
709,"no 2,4-D",cancer
710,"no 2,4-D",cancer
711,"no 2,4-D",cancer
712,"no 2,4-D",cancer
713,"no 2,4-D",cancer
714,"no 2,4-D",cancer
715,"no 2,4-D",cancer
716,"no 2,4-D",cancer
717,"no 2,4-D",cancer
718,"no 2,4-D",cancer
719,"no 2,4-D",cancer
720,"no 2,4-D",cancer
721,"no 2,4-D",cancer
722,"no 2,4-D",cancer
723,"no 2,4-D",cancer
724,"no 2,4-D",cancer
725,"no 2,4-D",cancer
726,"no 2,4-D",cancer
727,"no 2,4-D",cancer
728,"no 2,4-D",cancer
729,"no 2,4-D",cancer
730,"no 2,4-D",cancer
731,"no 2,4-D",cancer
732,"no 2,4-D",cancer
733,"no 2,4-D",cancer
734,"no 2,4-D",cancer
735,"no 2,4-D",cancer
736,"no 2,4-D",cancer
737,"no 2,4-D",cancer
738,"no 2,4-D",cancer
739,"no 2,4-D",cancer
740,"no 2,4-D",cancer
741,"no 2,4-D",cancer
742,"no 2,4-D",cancer
743,"no 2,4-D",cancer
744,"no 2,4-D",cancer
745,"no 2,4-D",cancer
746,"no 2,4-D",cancer
747,"no 2,4-D",cancer
748,"no 2,4-D",cancer
749,"no 2,4-D",cancer
750,"no 2,4-D",cancer
751,"no 2,4-D",cancer
752,"no 2,4-D",cancer
753,"no 2,4-D",cancer
754,"no 2,4-D",cancer
755,"no 2,4-D",cancer
756,"no 2,4-D",cancer
757,"no 2,4-D",cancer
758,"no 2,4-D",cancer
759,"no 2,4-D",cancer
760,"no 2,4-D",cancer
761,"no 2,4-D",cancer
762,"no 2,4-D",cancer
763,"no 2,4-D",cancer
764,"no 2,4-D",cancer
765,"no 2,4-D",cancer
766,"no 2,4-D",cancer
767,"no 2,4-D",cancer
768,"no 2,4-D",cancer
769,"no 2,4-D",cancer
770,"no 2,4-D",cancer
771,"no 2,4-D",cancer
772,"no 2,4-D",cancer
773,"no 2,4-D",cancer
774,"no 2,4-D",cancer
775,"no 2,4-D",cancer
776,"no 2,4-D",cancer
777,"no 2,4-D",cancer
778,"no 2,4-D",cancer
779,"no 2,4-D",cancer
780,"no 2,4-D",cancer
781,"no 2,4-D",cancer
782,"no 2,4-D",cancer
783,"no 2,4-D",cancer
784,"no 2,4-D",cancer
785,"no 2,4-D",cancer
786,"no 2,4-D",cancer
787,"no 2,4-D",cancer
788,"no 2,4-D",cancer
789,"no 2,4-D",cancer
790,"no 2,4-D",cancer
791,"no 2,4-D",cancer
792,"no 2,4-D",cancer
793,"no 2,4-D",cancer
794,"no 2,4-D",cancer
795,"no 2,4-D",cancer
796,"no 2,4-D",no cancer
797,"no 2,4-D",no cancer
798,"no 2,4-D",no cancer
799,"no 2,4-D",no cancer
800,"no 2,4-D",no cancer
801,"no 2,4-D",no cancer
802,"no 2,4-D",no cancer
803,"no 2,4-D",no cancer
804,"no 2,4-D",no cancer
805,"no 2,4-D",no cancer
806,"no 2,4-D",no cancer
807,"no 2,4-D",no cancer
808,"no 2,4-D",no cancer
809,"no 2,4-D",no cancer
810,"no 2,4-D",no cancer
811,"no 2,4-D",no cancer
812,"no 2,4-D",no cancer
813,"no 2,4-D",no cancer
814,"no 2,4-D",no cancer
815,"no 2,4-D",no cancer
816,"no 2,4-D",no cancer
817,"no 2,4-D",no cancer
818,"no 2,4-D",no cancer
819,"no 2,4-D",no cancer
820,"no 2,4-D",no cancer
821,"no 2,4-D",no cancer
822,"no 2,4-D",no cancer
823,"no 2,4-D",no cancer
824,"no 2,4-D",no cancer
825,"no 2,4-D",no cancer
826,"no 2,4-D",no cancer
827,"no 2,4-D",no cancer
828,"no 2,4-D",no cancer
829,"no 2,4-D",no cancer
830,"no 2,4-D",no cancer
831,"no 2,4-D",no cancer
832,"no 2,4-D",no cancer
833,"no 2,4-D",no cancer
834,"no 2,4-D",no cancer
835,"no 2,4-D",no cancer
836,"no 2,4-D",no cancer
837,"no 2,4-D",no cancer
838,"no 2,4-D",no cancer
839,"no 2,4-D",no cancer
840,"no 2,4-D",no cancer
841,"no 2,4-D",no cancer
842,"no 2,4-D",no cancer
843,"no 2,4-D",no cancer
844,"no 2,4-D",no cancer
845,"no 2,4-D",no cancer
846,"no 2,4-D",no cancer
847,"no 2,4-D",no cancer
848,"no 2,4-D",no cancer
849,"no 2,4-D",no cancer
850,"no 2,4-D",no cancer
851,"no 2,4-D",no cancer
852,"no 2,4-D",no cancer
853,"no 2,4-D",no cancer
854,"no 2,4-D",no cancer
855,"no 2,4-D",no cancer
856,"no 2,4-D",no cancer
857,"no 2,4-D",no cancer
858,"no 2,4-D",no cancer
859,"no 2,4-D",no cancer
860,"no 2,4-D",no cancer
861,"no 2,4-D",no cancer
862,"no 2,4-D",no cancer
863,"no 2,4-D",no cancer
864,"no 2,4-D",no cancer
865,"no 2,4-D",no cancer
866,"no 2,4-D",no cancer
867,"no 2,4-D",no cancer
868,"no 2,4-D",no cancer
869,"no 2,4-D",no cancer
870,"no 2,4-D",no cancer
871,"no 2,4-D",no cancer
872,"no 2,4-D",no cancer
873,"no 2,4-D",no cancer
874,"no 2,4-D",no cancer
875,"no 2,4-D",no cancer
876,"no 2,4-D",no cancer
877,"no 2,4-D",no cancer
878,"no 2,4-D",no cancer
879,"no 2,4-D",no cancer
880,"no 2,4-D",no cancer
881,"no 2,4-D",no cancer
882,"no 2,4-D",no cancer
883,"no 2,4-D",no cancer
884,"no 2,4-D",no cancer
885,"no 2,4-D",no cancer
886,"no 2,4-D",no cancer
887,"no 2,4-D",no cancer
888,"no 2,4-D",no cancer
889,"no 2,4-D",no cancer
890,"no 2,4-D",no cancer
891,"no 2,4-D",no cancer
892,"no 2,4-D",no cancer
893,"no 2,4-D",no cancer
894,"no 2,4-D",no cancer
895,"no 2,4-D",no cancer
896,"no 2,4-D",no cancer
897,"no 2,4-D",no cancer
898,"no 2,4-D",no cancer
899,"no 2,4-D",no cancer
900,"no 2,4-D",no cancer
901,"no 2,4-D",no cancer
902,"no 2,4-D",no cancer
903,"no 2,4-D",no cancer
904,"no 2,4-D",no cancer
905,"no 2,4-D",no cancer
906,"no 2,4-D",no cancer
907,"no 2,4-D",no cancer
908,"no 2,4-D",no cancer
909,"no 2,4-D",no cancer
910,"no 2,4-D",no cancer
911,"no 2,4-D",no cancer
912,"no 2,4-D",no cancer
913,"no 2,4-D",no cancer
914,"no 2,4-D",no cancer
915,"no 2,4-D",no cancer
916,"no 2,4-D",no cancer
917,"no 2,4-D",no cancer
918,"no 2,4-D",no cancer
919,"no 2,4-D",no cancer
920,"no 2,4-D",no cancer
921,"no 2,4-D",no cancer
922,"no 2,4-D",no cancer
923,"no 2,4-D",no cancer
924,"no 2,4-D",no cancer
925,"no 2,4-D",no cancer
926,"no 2,4-D",no cancer
927,"no 2,4-D",no cancer
928,"no 2,4-D",no cancer
929,"no 2,4-D",no cancer
930,"no 2,4-D",no cancer
931,"no 2,4-D",no cancer
932,"no 2,4-D",no cancer
933,"no 2,4-D",no cancer
934,"no 2,4-D",no cancer
935,"no 2,4-D",no cancer
936,"no 2,4-D",no cancer
937,"no 2,4-D",no cancer
938,"no 2,4-D",no cancer
939,"no 2,4-D",no cancer
940,"no 2,4-D",no cancer
941,"no 2,4-D",no cancer
942,"no 2,4-D",no cancer
943,"no 2,4-D",no cancer
944,"no 2,4-D",no cancer
945,"no 2,4-D",no cancer
946,"no 2,4-D",no cancer
947,"no 2,4-D",no cancer
948,"no 2,4-D",no cancer
949,"no 2,4-D",no cancer
950,"no 2,4-D",no cancer
951,"no 2,4-D",no cancer
952,"no 2,4-D",no cancer
953,"no 2,4-D",no cancer
954,"no 2,4-D",no cancer
955,"no 2,4-D",no cancer
956,"no 2,4-D",no cancer
957,"no 2,4-D",no cancer
958,"no 2,4-D",no cancer
959,"no 2,4-D",no cancer
960,"no 2,4-D",no cancer
961,"no 2,4-D",no cancer
962,"no 2,4-D",no cancer
963,"no 2,4-D",no cancer
964,"no 2,4-D",no cancer
965,"no 2,4-D",no cancer
966,"no 2,4-D",no cancer
967,"no 2,4-D",no cancer
968,"no 2,4-D",no cancer
969,"no 2,4-D",no cancer
970,"no 2,4-D",no cancer
971,"no 2,4-D",no cancer
972,"no 2,4-D",no cancer
973,"no 2,4-D",no cancer
974,"no 2,4-D",no cancer
975,"no 2,4-D",no cancer
976,"no 2,4-D",no cancer
977,"no 2,4-D",no cancer
978,"no 2,4-D",no cancer
979,"no 2,4-D",no cancer
980,"no 2,4-D",no cancer
981,"no 2,4-D",no cancer
982,"no 2,4-D",no cancer
983,"no 2,4-D",no cancer
984,"no 2,4-D",no cancer
985,"no 2,4-D",no cancer
986,"no 2,4-D",no cancer
987,"no 2,4-D",no cancer
988,"no 2,4-D",no cancer
989,"no 2,4-D",no cancer
990,"no 2,4-D",no cancer
991,"no 2,4-D",no cancer
992,"no 2,4-D",no cancer
993,"no 2,4-D",no cancer
994,"no 2,4-D",no cancer
995,"no 2,4-D",no cancer
996,"no 2,4-D",no cancer
997,"no 2,4-D",no cancer
998,"no 2,4-D",no cancer
999,"no 2,4-D",no cancer
1000,"no 2,4-D",no cancer
1001,"no 2,4-D",no cancer
1002,"no 2,4-D",no cancer
1003,"no 2,4-D",no cancer
1004,"no 2,4-D",no cancer
1005,"no 2,4-D",no cancer
1006,"no 2,4-D",no cancer
1007,"no 2,4-D",no cancer
1008,"no 2,4-D",no cancer
1009,"no 2,4-D",no cancer
1010,"no 2,4-D",no cancer
1011,"no 2,4-D",no cancer
1012,"no 2,4-D",no cancer
1013,"no 2,4-D",no cancer
1014,"no 2,4-D",no cancer
1015,"no 2,4-D",no cancer
1016,"no 2,4-D",no cancer
1017,"no 2,4-D",no cancer
1018,"no 2,4-D",no cancer
1019,"no 2,4-D",no cancer
1020,"no 2,4-D",no cancer
1021,"no 2,4-D",no cancer
1022,"no 2,4-D",no cancer
1023,"no 2,4-D",no cancer
1024,"no 2,4-D",no cancer
1025,"no 2,4-D",no cancer
1026,"no 2,4-D",no cancer
1027,"no 2,4-D",no cancer
1028,"no 2,4-D",no cancer
1029,"no 2,4-D",no cancer
1030,"no 2,4-D",no cancer
1031,"no 2,4-D",no cancer
1032,"no 2,4-D",no cancer
1033,"no 2,4-D",no cancer
1034,"no 2,4-D",no cancer
1035,"no 2,4-D",no cancer
1036,"no 2,4-D",no cancer
1037,"no 2,4-D",no cancer
1038,"no 2,4-D",no cancer
1039,"no 2,4-D",no cancer
1040,"no 2,4-D",no cancer
1041,"no 2,4-D",no cancer
1042,"no 2,4-D",no cancer
1043,"no 2,4-D",no cancer
1044,"no 2,4-D",no cancer
1045,"no 2,4-D",no cancer
1046,"no 2,4-D",no cancer
1047,"no 2,4-D",no cancer
1048,"no 2,4-D",no cancer
1049,"no 2,4-D",no cancer
1050,"no 2,4-D",no cancer
1051,"no 2,4-D",no cancer
1052,"no 2,4-D",no cancer
1053,"no 2,4-D",no cancer
1054,"no 2,4-D",no cancer
1055,"no 2,4-D",no cancer
1056,"no 2,4-D",no cancer
1057,"no 2,4-D",no cancer
1058,"no 2,4-D",no cancer
1059,"no 2,4-D",no cancer
1060,"no 2,4-D",no cancer
1061,"no 2,4-D",no cancer
1062,"no 2,4-D",no cancer
1063,"no 2,4-D",no cancer
1064,"no 2,4-D",no cancer
1065,"no 2,4-D",no cancer
1066,"no 2,4-D",no cancer
1067,"no 2,4-D",no cancer
1068,"no 2,4-D",no cancer
1069,"no 2,4-D",no cancer
1070,"no 2,4-D",no cancer
1071,"no 2,4-D",no cancer
1072,"no 2,4-D",no cancer
1073,"no 2,4-D",no cancer
1074,"no 2,4-D",no cancer
1075,"no 2,4-D",no cancer
1076,"no 2,4-D",no cancer
1077,"no 2,4-D",no cancer
1078,"no 2,4-D",no cancer
1079,"no 2,4-D",no cancer
1080,"no 2,4-D",no cancer
1081,"no 2,4-D",no cancer
1082,"no 2,4-D",no cancer
1083,"no 2,4-D",no cancer
1084,"no 2,4-D",no cancer
1085,"no 2,4-D",no cancer
1086,"no 2,4-D",no cancer
1087,"no 2,4-D",no cancer
1088,"no 2,4-D",no cancer
1089,"no 2,4-D",no cancer
1090,"no 2,4-D",no cancer
1091,"no 2,4-D",no cancer
1092,"no 2,4-D",no cancer
1093,"no 2,4-D",no cancer
1094,"no 2,4-D",no cancer
1095,"no 2,4-D",no cancer
1096,"no 2,4-D",no cancer
1097,"no 2,4-D",no cancer
1098,"no 2,4-D",no cancer
1099,"no 2,4-D",no cancer
1100,"no 2,4-D",no cancer
1101,"no 2,4-D",no cancer
1102,"no 2,4-D",no cancer
1103,"no 2,4-D",no cancer
1104,"no 2,4-D",no cancer
1105,"no 2,4-D",no cancer
1106,"no 2,4-D",no cancer
1107,"no 2,4-D",no cancer
1108,"no 2,4-D",no cancer
1109,"no 2,4-D",no cancer
1110,"no 2,4-D",no cancer
1111,"no 2,4-D",no cancer
1112,"no 2,4-D",no cancer
1113,"no 2,4-D",no cancer
1114,"no 2,4-D",no cancer
1115,"no 2,4-D",no cancer
1116,"no 2,4-D",no cancer
1117,"no 2,4-D",no cancer
1118,"no 2,4-D",no cancer
1119,"no 2,4-D",no cancer
1120,"no 2,4-D",no cancer
1121,"no 2,4-D",no cancer
1122,"no 2,4-D",no cancer
1123,"no 2,4-D",no cancer
1124,"no 2,4-D",no cancer
1125,"no 2,4-D",no cancer
1126,"no 2,4-D",no cancer
1127,"no 2,4-D",no cancer
1128,"no 2,4-D",no cancer
1129,"no 2,4-D",no cancer
1130,"no 2,4-D",no cancer
1131,"no 2,4-D",no cancer
1132,"no 2,4-D",no cancer
1133,"no 2,4-D",no cancer
1134,"no 2,4-D",no cancer
1135,"no 2,4-D",no cancer
1136,"no 2,4-D",no cancer
1137,"no 2,4-D",no cancer
1138,"no 2,4-D",no cancer
1139,"no 2,4-D",no cancer
1140,"no 2,4-D",no cancer
1141,"no 2,4-D",no cancer
1142,"no 2,4-D",no cancer
1143,"no 2,4-D",no cancer
1144,"no 2,4-D",no cancer
1145,"no 2,4-D",no cancer
1146,"no 2,4-D",no cancer
1147,"no 2,4-D",no cancer
1148,"no 2,4-D",no cancer
1149,"no 2,4-D",no cancer
1150,"no 2,4-D",no cancer
1151,"no 2,4-D",no cancer
1152,"no 2,4-D",no cancer
1153,"no 2,4-D",no cancer
1154,"no 2,4-D",no cancer
1155,"no 2,4-D",no cancer
1156,"no 2,4-D",no cancer
1157,"no 2,4-D",no cancer
1158,"no 2,4-D",no cancer
1159,"no 2,4-D",no cancer
1160,"no 2,4-D",no cancer
1161,"no 2,4-D",no cancer
1162,"no 2,4-D",no cancer
1163,"no 2,4-D",no cancer
1164,"no 2,4-D",no cancer
1165,"no 2,4-D",no cancer
1166,"no 2,4-D",no cancer
1167,"no 2,4-D",no cancer
1168,"no 2,4-D",no cancer
1169,"no 2,4-D",no cancer
1170,"no 2,4-D",no cancer
1171,"no 2,4-D",no cancer
1172,"no 2,4-D",no cancer
1173,"no 2,4-D",no cancer
1174,"no 2,4-D",no cancer
1175,"no 2,4-D",no cancer
1176,"no 2,4-D",no cancer
1177,"no 2,4-D",no cancer
1178,"no 2,4-D",no cancer
1179,"no 2,4-D",no cancer
1180,"no 2,4-D",no cancer
1181,"no 2,4-D",no cancer
1182,"no 2,4-D",no cancer
1183,"no 2,4-D",no cancer
1184,"no 2,4-D",no cancer
1185,"no 2,4-D",no cancer
1186,"no 2,4-D",no cancer
1187,"no 2,4-D",no cancer
1188,"no 2,4-D",no cancer
1189,"no 2,4-D",no cancer
1190,"no 2,4-D",no cancer
1191,"no 2,4-D",no cancer
1192,"no 2,4-D",no cancer
1193,"no 2,4-D",no cancer
1194,"no 2,4-D",no cancer
1195,"no 2,4-D",no cancer
1196,"no 2,4-D",no cancer
1197,"no 2,4-D",no cancer
1198,"no 2,4-D",no cancer
1199,"no 2,4-D",no cancer
1200,"no 2,4-D",no cancer
1201,"no 2,4-D",no cancer
1202,"no 2,4-D",no cancer
1203,"no 2,4-D",no cancer
1204,"no 2,4-D",no cancer
1205,"no 2,4-D",no cancer
1206,"no 2,4-D",no cancer
1207,"no 2,4-D",no cancer
1208,"no 2,4-D",no cancer
1209,"no 2,4-D",no cancer
1210,"no 2,4-D",no cancer
1211,"no 2,4-D",no cancer
1212,"no 2,4-D",no cancer
1213,"no 2,4-D",no cancer
1214,"no 2,4-D",no cancer
1215,"no 2,4-D",no cancer
1216,"no 2,4-D",no cancer
1217,"no 2,4-D",no cancer
1218,"no 2,4-D",no cancer
1219,"no 2,4-D",no cancer
1220,"no 2,4-D",no cancer
1221,"no 2,4-D",no cancer
1222,"no 2,4-D",no cancer
1223,"no 2,4-D",no cancer
1224,"no 2,4-D",no cancer
1225,"no 2,4-D",no cancer
1226,"no 2,4-D",no cancer
1227,"no 2,4-D",no cancer
1228,"no 2,4-D",no cancer
1229,"no 2,4-D",no cancer
1230,"no 2,4-D",no cancer
1231,"no 2,4-D",no cancer
1232,"no 2,4-D",no cancer
1233,"no 2,4-D",no cancer
1234,"no 2,4-D",no cancer
1235,"no 2,4-D",no cancer
1236,"no 2,4-D",no cancer
1237,"no 2,4-D",no cancer
1238,"no 2,4-D",no cancer
1239,"no 2,4-D",no cancer
1240,"no 2,4-D",no cancer
1241,"no 2,4-D",no cancer
1242,"no 2,4-D",no cancer
1243,"no 2,4-D",no cancer
1244,"no 2,4-D",no cancer
1245,"no 2,4-D",no cancer
1246,"no 2,4-D",no cancer
1247,"no 2,4-D",no cancer
1248,"no 2,4-D",no cancer
1249,"no 2,4-D",no cancer
1250,"no 2,4-D",no cancer
1251,"no 2,4-D",no cancer
1252,"no 2,4-D",no cancer
1253,"no 2,4-D",no cancer
1254,"no 2,4-D",no cancer
1255,"no 2,4-D",no cancer
1256,"no 2,4-D",no cancer
1257,"no 2,4-D",no cancer
1258,"no 2,4-D",no cancer
1259,"no 2,4-D",no cancer
1260,"no 2,4-D",no cancer
1261,"no 2,4-D",no cancer
1262,"no 2,4-D",no cancer
1263,"no 2,4-D",no cancer
1264,"no 2,4-D",no cancer
1265,"no 2,4-D",no cancer
1266,"no 2,4-D",no cancer
1267,"no 2,4-D",no cancer
1268,"no 2,4-D",no cancer
1269,"no 2,4-D",no cancer
1270,"no 2,4-D",no cancer
1271,"no 2,4-D",no cancer
1272,"no 2,4-D",no cancer
1273,"no 2,4-D",no cancer
1274,"no 2,4-D",no cancer
1275,"no 2,4-D",no cancer
1276,"no 2,4-D",no cancer
1277,"no 2,4-D",no cancer
1278,"no 2,4-D",no cancer
1279,"no 2,4-D",no cancer
1280,"no 2,4-D",no cancer
1281,"no 2,4-D",no cancer
1282,"no 2,4-D",no cancer
1283,"no 2,4-D",no cancer
1284,"no 2,4-D",no cancer
1285,"no 2,4-D",no cancer
1286,"no 2,4-D",no cancer
1287,"no 2,4-D",no cancer
1288,"no 2,4-D",no cancer
1289,"no 2,4-D",no cancer
1290,"no 2,4-D",no cancer
1291,"no 2,4-D",no cancer
1292,"no 2,4-D",no cancer
1293,"no 2,4-D",no cancer
1294,"no 2,4-D",no cancer
1295,"no 2,4-D",no cancer
1296,"no 2,4-D",no cancer
1297,"no 2,4-D",no cancer
1298,"no 2,4-D",no cancer
1299,"no 2,4-D",no cancer
1300,"no 2,4-D",no cancer
1301,"no 2,4-D",no cancer
1302,"no 2,4-D",no cancer
1303,"no 2,4-D",no cancer
1304,"no 2,4-D",no cancer
1305,"no 2,4-D",no cancer
1306,"no 2,4-D",no cancer
1307,"no 2,4-D",no cancer
1308,"no 2,4-D",no cancer
1309,"no 2,4-D",no cancer
1310,"no 2,4-D",no cancer
1311,"no 2,4-D",no cancer
1312,"no 2,4-D",no cancer
1313,"no 2,4-D",no cancer
1314,"no 2,4-D",no cancer
1315,"no 2,4-D",no cancer
1316,"no 2,4-D",no cancer
1317,"no 2,4-D",no cancer
1318,"no 2,4-D",no cancer
1319,"no 2,4-D",no cancer
1320,"no 2,4-D",no cancer
1321,"no 2,4-D",no cancer
1322,"no 2,4-D",no cancer
1323,"no 2,4-D",no cancer
1324,"no 2,4-D",no cancer
1325,"no 2,4-D",no cancer
1326,"no 2,4-D",no cancer
1327,"no 2,4-D",no cancer
1328,"no 2,4-D",no cancer
1329,"no 2,4-D",no cancer
1330,"no 2,4-D",no cancer
1331,"no 2,4-D",no cancer
1332,"no 2,4-D",no cancer
1333,"no 2,4-D",no cancer
1334,"no 2,4-D",no cancer
1335,"no 2,4-D",no cancer
1336,"no 2,4-D",no cancer
1337,"no 2,4-D",no cancer
1338,"no 2,4-D",no cancer
1339,"no 2,4-D",no cancer
1340,"no 2,4-D",no cancer
1341,"no 2,4-D",no cancer
1342,"no 2,4-D",no cancer
1343,"no 2,4-D",no cancer
1344,"no 2,4-D",no cancer
1345,"no 2,4-D",no cancer
1346,"no 2,4-D",no cancer
1347,"no 2,4-D",no cancer
1348,"no 2,4-D",no cancer
1349,"no 2,4-D",no cancer
1350,"no 2,4-D",no cancer
1351,"no 2,4-D",no cancer
1352,"no 2,4-D",no cancer
1353,"no 2,4-D",no cancer
1354,"no 2,4-D",no cancer
1355,"no 2,4-D",no cancer
1356,"no 2,4-D",no cancer
1357,"no 2,4-D",no cancer
1358,"no 2,4-D",no cancer
1359,"no 2,4-D",no cancer
1360,"no 2,4-D",no cancer
1361,"no 2,4-D",no cancer
1362,"no 2,4-D",no cancer
1363,"no 2,4-D",no cancer
1364,"no 2,4-D",no cancer
1365,"no 2,4-D",no cancer
1366,"no 2,4-D",no cancer
1367,"no 2,4-D",no cancer
1368,"no 2,4-D",no cancer
1369,"no 2,4-D",no cancer
1370,"no 2,4-D",no cancer
1371,"no 2,4-D",no cancer
1372,"no 2,4-D",no cancer
1373,"no 2,4-D",no cancer
1374,"no 2,4-D",no cancer
1375,"no 2,4-D",no cancer
1376,"no 2,4-D",no cancer
1377,"no 2,4-D",no cancer
1378,"no 2,4-D",no cancer
1379,"no 2,4-D",no cancer
1380,"no 2,4-D",no cancer
1381,"no 2,4-D",no cancer
1382,"no 2,4-D",no cancer
1383,"no 2,4-D",no cancer
1384,"no 2,4-D",no cancer
1385,"no 2,4-D",no cancer
1386,"no 2,4-D",no cancer
1387,"no 2,4-D",no cancer
1388,"no 2,4-D",no cancer
1389,"no 2,4-D",no cancer
1390,"no 2,4-D",no cancer
1391,"no 2,4-D",no cancer
1392,"no 2,4-D",no cancer
1393,"no 2,4-D",no cancer
1394,"no 2,4-D",no cancer
1395,"no 2,4-D",no cancer
1396,"no 2,4-D",no cancer
1397,"no 2,4-D",no cancer
1398,"no 2,4-D",no cancer
1399,"no 2,4-D",no cancer
1400,"no 2,4-D",no cancer
1401,"no 2,4-D",no cancer
1402,"no 2,4-D",no cancer
1403,"no 2,4-D",no cancer
1404,"no 2,4-D",no cancer
1405,"no 2,4-D",no cancer
1406,"no 2,4-D",no cancer
1407,"no 2,4-D",no cancer
1408,"no 2,4-D",no cancer
1409,"no 2,4-D",no cancer
1410,"no 2,4-D",no cancer
1411,"no 2,4-D",no cancer
1412,"no 2,4-D",no cancer
1413,"no 2,4-D",no cancer
1414,"no 2,4-D",no cancer
1415,"no 2,4-D",no cancer
1416,"no 2,4-D",no cancer
1417,"no 2,4-D",no cancer
1418,"no 2,4-D",no cancer
1419,"no 2,4-D",no cancer
1420,"no 2,4-D",no cancer
1421,"no 2,4-D",no cancer
1422,"no 2,4-D",no cancer
1423,"no 2,4-D",no cancer
1424,"no 2,4-D",no cancer
1425,"no 2,4-D",no cancer
1426,"no 2,4-D",no cancer
1427,"no 2,4-D",no cancer
1428,"no 2,4-D",no cancer
1429,"no 2,4-D",no cancer
1430,"no 2,4-D",no cancer
1431,"no 2,4-D",no cancer
1432,"no 2,4-D",no cancer
1433,"no 2,4-D",no cancer
1434,"no 2,4-D",no cancer
1435,"no 2,4-D",no cancer
1436,"no 2,4-D",no cancer
