rownames,year,state,city,age,sex,race,marital_status,personal_income
1,2000,California,Sacramento,56,Male,Other,Married / spouse present,40240
2,2000,California,Sacramento,53,Female,White,Married / spouse present,13600
3,2000,California,Sacramento,17,Female,Other,Never married / single,0
4,2000,California,Sacramento,37,Female,White,Never married / single,49000
5,2000,California,Sacramento,40,Male,White,Never married / single,38300
6,2000,California,Sacramento,23,Male,Other,Never married / single,14000
7,2000,California,Sacramento,40,Female,Black,Divorced,9000
8,2000,California,Sacramento,11,Male,Black,Never married / single,
9,2000,California,Sacramento,46,Male,Black,Married / spouse present,40000
10,2000,California,Sacramento,34,Female,Black,Married / spouse present,18000
11,2000,California,Sacramento,16,Male,Black,Never married / single,0
12,2000,California,Sacramento,11,Female,Black,Never married / single,
13,2000,California,Sacramento,7,Female,Black,Never married / single,
14,2000,California,Sacramento,23,Male,White,Never married / single,65000
15,2000,California,Sacramento,30,Female,White,Divorced,30000
16,2000,California,Sacramento,35,Male,White,Married / spouse present,61100
17,2000,California,Sacramento,30,Male,White,Married / spouse present,62000
18,2000,California,Sacramento,28,Female,White,Married / spouse present,5500
19,2000,California,Sacramento,3,Female,White,Never married / single,
20,2000,California,Sacramento,0,Male,White,Never married / single,
21,2000,California,Sacramento,42,Male,White,Married / spouse present,36000
22,2000,California,Sacramento,17,Female,White,Never married / single,0
23,2000,California,Sacramento,6,Male,Other,Never married / single,
24,2000,California,Sacramento,1,Male,Other,Never married / single,
25,2000,California,Sacramento,40,Male,White,Married / spouse present,50000
26,2000,California,Sacramento,37,Female,White,Married / spouse present,70000
27,2000,California,Sacramento,9,Male,White,Never married / single,
28,2000,California,Sacramento,7,Male,White,Never married / single,
29,2000,California,Sacramento,39,Male,White,Divorced,34400
30,2000,California,Sacramento,33,Male,Other,Married / spouse present,18000
31,2000,California,Sacramento,37,Female,Other,Married / spouse present,0
32,2000,California,Sacramento,62,Male,Other,Married / spouse present,3800
33,2000,California,Sacramento,27,Male,Other,Married / spouse absent,15000
34,2000,California,Sacramento,11,Female,Other,Never married / single,
35,2000,California,Sacramento,21,Female,Other,Married / spouse absent,0
36,2000,California,Sacramento,5,Male,Other,Never married / single,
37,2000,California,Sacramento,4,Female,Other,Never married / single,
38,2000,California,Sacramento,1,Male,Other,Never married / single,
39,2000,California,Sacramento,1,Male,Other,Never married / single,
40,2000,California,Sacramento,80,Female,White,Widowed,55100
41,2000,California,Sacramento,28,Female,Other,Married / spouse present,27000
42,2000,California,Sacramento,0,Male,Other,Never married / single,
43,2000,California,Sacramento,85,Female,White,Widowed,13900
44,2000,California,Sacramento,24,Female,White,Never married / single,20000
45,2000,California,Sacramento,45,Female,Black,Divorced,150000
46,2000,California,Sacramento,52,Female,White,Divorced,8300
47,2000,California,Sacramento,23,Male,Black,Never married / single,0
48,2000,California,Sacramento,16,Male,Black,Never married / single,0
49,2000,California,Sacramento,43,Female,Other,Married / spouse present,0
50,2000,California,Sacramento,62,Male,White,Married / spouse present,42000
51,2000,California,Sacramento,60,Female,White,Divorced,1400
52,2000,California,Sacramento,52,Male,White,Married / spouse present,70000
53,2000,California,Sacramento,51,Female,White,Married / spouse present,35000
54,2000,California,Sacramento,49,Female,White,Divorced,66000
55,2000,California,Sacramento,29,Male,White,Married / spouse present,13500
56,2000,California,Sacramento,4,Female,White,Never married / single,
57,2000,California,Sacramento,2,Female,White,Never married / single,
58,2000,California,Sacramento,49,Female,Other,Married / spouse present,5100
59,2000,California,Sacramento,51,Male,Other,Married / spouse present,8100
60,2000,California,Sacramento,19,Female,Other,Never married / single,8000
61,2000,California,Sacramento,25,Male,Other,Married / spouse present,32000
62,2000,California,Sacramento,55,Female,White,Married / spouse present,51800
63,2000,California,Sacramento,39,Female,White,Never married / single,25000
64,2000,California,Sacramento,39,Male,White,Married / spouse absent,95000
65,2000,California,Sacramento,25,Female,Other,Never married / single,32000
66,2000,California,Sacramento,24,Female,White,Married / spouse present,0
67,2000,California,Sacramento,4,Male,White,Never married / single,
68,2000,California,Sacramento,77,Male,White,Married / spouse present,55000
69,2000,California,Sacramento,63,Female,Other,Married / spouse present,51000
70,2000,California,Sacramento,33,Male,White,Married / spouse present,20000
71,2000,California,Sacramento,12,Male,White,Never married / single,
72,2000,California,Sacramento,4,Male,White,Never married / single,
73,2000,California,Sacramento,1,Female,White,Never married / single,
74,2000,California,Sacramento,35,Male,Black,Divorced,850
75,2000,California,Sacramento,44,Male,White,Married / spouse present,80000
76,2000,California,Sacramento,44,Female,White,Married / spouse present,44000
77,2000,California,Sacramento,18,Male,White,Never married / single,0
78,2000,California,Sacramento,15,Female,White,Never married / single,0
79,2000,California,Sacramento,19,Male,Other,Never married / single,3750
80,2000,California,Sacramento,37,Male,Black,Married / spouse present,20000
81,2000,California,Sacramento,1,Male,Other,Never married / single,
82,2000,California,Sacramento,30,Male,White,Married / spouse present,36000
83,2000,California,Sacramento,39,Male,White,Married / spouse absent,55000
84,2000,California,Sacramento,41,Female,White,Married / spouse absent,0
85,2000,California,Sacramento,36,Female,White,Never married / single,32000
86,2000,California,Sacramento,33,Female,White,Divorced,36000
87,2000,California,Sacramento,18,Male,Other,Never married / single,2010
88,2000,California,Sacramento,2,Male,Other,Never married / single,
89,2000,California,Sacramento,49,Male,White,Married / spouse present,76300
90,2000,California,Sacramento,46,Female,White,Married / spouse present,41000
91,2000,California,Sacramento,20,Female,Black,Never married / single,10000
92,2000,California,Sacramento,35,Male,White,Divorced,9600
93,2000,California,Sacramento,59,Male,White,Divorced,54000
94,2000,California,Sacramento,44,Female,White,Never married / single,29000
95,2000,California,Sacramento,15,Female,White,Never married / single,0
96,2000,California,Sacramento,51,Male,Other,Married / spouse present,12000
97,2000,California,Sacramento,19,Male,White,Never married / single,2000
98,2000,California,Sacramento,16,Male,White,Never married / single,0
99,2000,California,Sacramento,14,Female,White,Never married / single,
100,2000,California,Sacramento,54,Female,White,Married / spouse present,39400
101,2000,California,Sacramento,51,Female,White,Married / spouse present,0
102,2000,California,Sacramento,12,Male,White,Never married / single,
103,2000,California,Sacramento,30,Female,White,Married / spouse present,40000
104,2000,California,Sacramento,29,Male,White,Married / spouse present,30000
105,2000,California,Sacramento,0,Male,White,Never married / single,
106,2000,California,Sacramento,63,Female,White,Married / spouse present,22100
107,2000,California,Sacramento,46,Female,White,Divorced,17900
108,2000,California,Sacramento,26,Male,White,Never married / single,20000
109,2000,California,Sacramento,46,Female,Black,Divorced,23000
110,2000,California,Sacramento,24,Male,Black,Never married / single,25000
111,2000,California,Sacramento,80,Male,White,Married / spouse absent,12000
112,2000,California,Sacramento,36,Male,White,Married / spouse present,10900
113,2000,California,Sacramento,29,Male,White,Married / spouse absent,160000
114,2000,California,Sacramento,64,Male,White,Divorced,14000
115,2000,California,Sacramento,27,Female,White,Married / spouse present,19600
116,2000,California,Sacramento,29,Male,White,Married / spouse present,68000
117,2000,California,Sacramento,93,Male,White,Married / spouse present,39300
118,2000,California,Sacramento,22,Male,Other,Never married / single,12000
119,2000,California,Sacramento,23,Male,Other,Never married / single,6700
120,2000,California,Sacramento,38,Male,White,Divorced,50000
121,2000,California,Sacramento,40,Female,White,Married / spouse present,52490
122,2000,California,Sacramento,39,Male,White,Married / spouse present,62400
123,2000,California,Sacramento,11,Male,White,Never married / single,
124,2000,California,Sacramento,25,Female,Other,Married / spouse present,0
125,2000,California,Sacramento,8,Female,Other,Never married / single,
126,2000,California,Sacramento,44,Male,Other,Married / spouse present,16000
127,2000,California,Sacramento,39,Female,Other,Married / spouse present,6900
128,2000,California,Sacramento,21,Male,Other,Never married / single,4000
129,2000,California,Sacramento,20,Male,White,Never married / single,13000
130,2000,California,Sacramento,17,Female,White,Never married / single,0
131,2000,California,Sacramento,12,Female,Other,Never married / single,
132,2000,California,Sacramento,21,Male,Other,Never married / single,16700
133,2000,California,Sacramento,37,Female,Black,Separated,24900
134,2000,California,Sacramento,33,Male,Black,Never married / single,16100
135,2000,California,Sacramento,15,Male,Black,Never married / single,7100
136,2000,California,Sacramento,7,Female,Black,Never married / single,
137,2000,California,Sacramento,12,Female,Other,Never married / single,
138,2000,California,Sacramento,4,Female,Other,Never married / single,
139,2000,California,Sacramento,1,Male,White,Never married / single,
140,2000,California,Sacramento,16,Male,White,Never married / single,0
141,2000,California,Sacramento,15,Male,White,Never married / single,0
142,2000,California,Sacramento,65,Male,White,Married / spouse present,44800
143,2000,California,Sacramento,71,Female,White,Married / spouse present,16000
144,2000,California,Sacramento,71,Male,White,Married / spouse present,86700
145,2000,California,Sacramento,65,Female,White,Married / spouse present,3000
146,2000,California,Sacramento,40,Female,White,Married / spouse present,12500
147,2000,California,Sacramento,12,Female,White,Never married / single,
148,2000,California,Sacramento,52,Female,White,Married / spouse present,16600
149,2000,California,Sacramento,40,Female,Other,Married / spouse present,170000
150,2000,California,Sacramento,46,Male,Other,Married / spouse present,70000
151,2000,California,Sacramento,31,Male,White,Married / spouse present,32000
152,2000,California,Sacramento,8,Male,White,Never married / single,
153,2000,California,Sacramento,36,Male,Other,Married / spouse present,40040
154,2000,California,Sacramento,8,Male,Other,Never married / single,
155,2000,California,Sacramento,45,Male,White,Married / spouse present,10000
156,2000,California,Sacramento,36,Female,White,Married / spouse present,34000
157,2000,California,Sacramento,29,Male,White,Married / spouse present,600
158,2000,California,Sacramento,24,Female,White,Married / spouse present,0
159,2000,California,Sacramento,43,Male,White,Married / spouse present,6000
160,2000,California,Sacramento,2,Male,White,Never married / single,
161,2000,California,Sacramento,0,Female,White,Never married / single,
162,2000,California,Sacramento,37,Male,Black,Married / spouse present,50020
163,2000,California,Sacramento,35,Female,Black,Married / spouse present,50020
164,2000,California,Sacramento,50,Male,White,Married / spouse present,92000
165,2000,California,Sacramento,49,Female,White,Married / spouse present,70000
166,2000,California,Sacramento,7,Female,White,Never married / single,
167,2000,California,Sacramento,7,Female,White,Never married / single,
168,2000,California,Sacramento,35,Male,White,Married / spouse present,15000
169,2000,California,Sacramento,27,Female,White,Married / spouse present,16000
170,2000,California,Sacramento,38,Female,Other,Never married / single,30000
171,2000,California,Sacramento,58,Male,White,Married / spouse present,134000
172,2000,California,Sacramento,53,Female,Other,Married / spouse present,0
173,2000,California,Sacramento,41,Male,White,Married / spouse present,170000
174,2000,California,Sacramento,14,Female,White,Never married / single,
175,2000,California,Sacramento,48,Female,Other,Married / spouse present,0
176,2000,California,Sacramento,33,Female,Other,Married / spouse present,65200
177,2000,California,Sacramento,82,Female,White,Widowed,49700
178,2000,California,Sacramento,50,Male,White,Married / spouse present,79100
179,2000,California,Sacramento,47,Female,White,Married / spouse present,14200
180,2000,California,Sacramento,30,Male,Other,Married / spouse present,20000
181,2000,California,Sacramento,44,Female,Other,Married / spouse present,105200
182,2000,California,Sacramento,41,Female,White,Married / spouse present,20000
183,2000,California,Sacramento,4,Female,White,Never married / single,
184,2000,California,Sacramento,1,Female,White,Never married / single,
185,2000,California,Sacramento,25,Female,White,Never married / single,29200
186,2000,California,Sacramento,7,Female,White,Never married / single,
187,2000,California,Sacramento,53,Female,White,Married / spouse present,60000
188,2000,California,Sacramento,19,Female,White,Never married / single,2000
189,2000,California,Sacramento,93,Male,White,Divorced,22600
190,2000,California,Sacramento,32,Male,White,Divorced,12000
191,2000,California,Sacramento,50,Female,White,Married / spouse present,34000
192,2000,California,Sacramento,53,Male,White,Married / spouse present,24600
193,2000,California,Sacramento,41,Male,White,Married / spouse present,50000
194,2000,California,Sacramento,38,Female,White,Married / spouse present,21000
195,2000,California,Sacramento,15,Female,White,Never married / single,0
196,2000,California,Sacramento,8,Male,White,Never married / single,
197,2000,California,Sacramento,0,Male,White,Never married / single,
198,2000,California,Sacramento,79,Female,White,Widowed,16000
199,2000,California,Sacramento,63,Female,White,Widowed,206900
200,2000,California,Sacramento,41,Male,White,Married / spouse present,10000
201,2000,California,Sacramento,40,Female,White,Married / spouse present,5600
202,2000,California,Sacramento,34,Female,White,Never married / single,24500
203,2000,California,Sacramento,11,Male,White,Never married / single,
204,2000,California,Sacramento,51,Male,White,Married / spouse present,84900
205,2000,California,Sacramento,11,Female,White,Never married / single,
206,2000,California,Sacramento,66,Male,White,Married / spouse present,9300
207,2000,California,Sacramento,65,Female,White,Married / spouse present,5600
208,2000,California,Sacramento,52,Male,White,Married / spouse present,60400
209,2000,California,Sacramento,31,Male,White,Never married / single,25000
210,2000,California,Sacramento,54,Female,White,Divorced,25000
211,2000,California,Sacramento,7,Male,White,Never married / single,
212,2000,California,Sacramento,5,Female,White,Never married / single,
213,2000,California,Sacramento,43,Female,White,Married / spouse present,5000
214,2000,California,Sacramento,12,Male,White,Never married / single,
215,2000,California,Sacramento,44,Male,White,Never married / single,20000
216,2000,California,Sacramento,69,Female,White,Widowed,30400
217,2000,California,Sacramento,52,Female,White,Separated,13000
218,2000,California,Sacramento,42,Male,White,Married / spouse present,81000
219,2000,California,Sacramento,47,Female,White,Married / spouse present,13400
220,2000,California,Sacramento,12,Female,White,Never married / single,
221,2000,California,Sacramento,59,Female,White,Married / spouse present,30400
222,2000,California,Sacramento,14,Female,White,Never married / single,
223,2000,California,Sacramento,6,Male,White,Never married / single,
224,2000,California,Sacramento,1,Male,White,Never married / single,
225,2000,California,Sacramento,28,Female,White,Married / spouse present,37600
226,2000,California,Sacramento,1,Female,White,Never married / single,
227,2000,California,Sacramento,0,Female,White,Never married / single,
228,2000,California,Sacramento,62,Male,White,Married / spouse present,115000
229,2000,California,Sacramento,83,Female,Other,Widowed,82100
230,2000,California,Sacramento,9,Female,White,Never married / single,
231,2000,California,Sacramento,50,Male,White,Married / spouse present,50000
232,2000,California,Sacramento,48,Male,White,Married / spouse present,13600
233,2000,California,Sacramento,23,Male,White,Never married / single,900
234,2000,Ohio,Cleveland,76,Male,White,Married / spouse absent,33000
235,2000,Ohio,Cleveland,68,Male,White,Married / spouse present,41300
236,2000,Ohio,Cleveland,46,Female,White,Married / spouse present,47700
237,2000,Ohio,Cleveland,45,Male,White,Widowed,6690
238,2000,Ohio,Cleveland,48,Male,White,Married / spouse present,90000
239,2000,Ohio,Cleveland,48,Female,White,Married / spouse present,21000
240,2000,Ohio,Cleveland,15,Female,White,Never married / single,0
241,2000,Ohio,Cleveland,50,Male,White,Married / spouse present,81000
242,2000,Ohio,Cleveland,50,Female,White,Married / spouse present,17000
243,2000,Ohio,Cleveland,62,Female,White,Married / spouse present,2300
244,2000,Ohio,Cleveland,30,Male,White,Married / spouse present,35200
245,2000,Ohio,Cleveland,31,Female,White,Married / spouse present,24600
246,2000,Ohio,Cleveland,5,Male,White,Never married / single,
247,2000,Ohio,Cleveland,49,Male,White,Married / spouse present,127000
248,2000,Ohio,Cleveland,16,Male,White,Never married / single,130
249,2000,Ohio,Cleveland,88,Female,White,Widowed,19900
250,2000,Ohio,Cleveland,35,Female,White,Married / spouse present,10000
251,2000,Ohio,Cleveland,38,Male,White,Never married / single,18200
252,2000,Ohio,Cleveland,67,Female,White,Married / spouse present,8400
253,2000,Ohio,Cleveland,48,Female,White,Married / spouse present,0
254,2000,Ohio,Cleveland,32,Male,White,Married / spouse present,43000
255,2000,Ohio,Cleveland,21,Female,Black,Never married / single,10600
256,2000,Ohio,Cleveland,32,Female,White,Married / spouse present,27600
257,2000,Ohio,Cleveland,12,Female,Other,Never married / single,
258,2000,Ohio,Cleveland,7,Male,White,Never married / single,
259,2000,Ohio,Cleveland,5,Male,White,Never married / single,
260,2000,Ohio,Cleveland,38,Female,White,Married / spouse present,0
261,2000,Ohio,Cleveland,11,Female,White,Never married / single,
262,2000,Ohio,Cleveland,8,Male,White,Never married / single,
263,2000,Ohio,Cleveland,5,Female,White,Never married / single,
264,2000,Ohio,Cleveland,0,Male,White,Never married / single,
265,2000,Ohio,Cleveland,42,Male,White,Married / spouse present,96030
266,2000,Ohio,Cleveland,42,Female,White,Married / spouse present,28000
267,2000,Ohio,Cleveland,25,Male,White,Divorced,25000
268,2000,Ohio,Cleveland,54,Male,White,Married / spouse present,31000
269,2000,Ohio,Cleveland,52,Female,White,Married / spouse present,36100
270,2000,Ohio,Cleveland,29,Male,White,Separated,61000
271,2000,Ohio,Cleveland,58,Female,White,Divorced,6100
272,2000,Ohio,Cleveland,70,Male,White,Married / spouse present,0
273,2000,Ohio,Cleveland,24,Female,White,Never married / single,27000
274,2000,Ohio,Cleveland,14,Female,White,Never married / single,
275,2000,Ohio,Cleveland,12,Female,White,Never married / single,
276,2000,Ohio,Cleveland,43,Female,Other,Married / spouse present,39000
277,2000,Ohio,Cleveland,13,Male,Other,Never married / single,
278,2000,Ohio,Cleveland,20,Female,Other,Never married / single,1540
279,2000,Ohio,Cleveland,54,Female,White,Divorced,55000
280,2000,Ohio,Cleveland,15,Female,White,Never married / single,0
281,2000,Ohio,Cleveland,13,Male,White,Never married / single,
282,2000,Ohio,Cleveland,38,Female,White,Married / spouse present,29000
283,2000,Ohio,Cleveland,42,Female,Other,Never married / single,14100
284,2000,Ohio,Cleveland,58,Male,White,Married / spouse present,152400
285,2000,Ohio,Cleveland,26,Male,White,Married / spouse present,36600
286,2000,Ohio,Cleveland,8,Female,White,Never married / single,
287,2000,Ohio,Cleveland,5,Female,White,Never married / single,
288,2000,Ohio,Cleveland,0,Male,White,Never married / single,
289,2000,Ohio,Cleveland,65,Male,White,Married / spouse present,20100
290,2000,Ohio,Cleveland,56,Female,White,Married / spouse present,300
291,2000,Ohio,Cleveland,61,Female,White,Married / spouse present,6400
292,2000,Ohio,Cleveland,50,Male,White,Married / spouse present,75600
293,2000,Ohio,Cleveland,41,Female,White,Married / spouse present,490
294,2000,Ohio,Cleveland,11,Male,White,Never married / single,
295,2000,Ohio,Cleveland,86,Male,White,Widowed,29500
296,2000,Ohio,Cleveland,45,Male,White,Divorced,67900
297,2000,Ohio,Cleveland,33,Male,White,Never married / single,22000
298,2000,Ohio,Cleveland,51,Female,White,Married / spouse absent,9600
299,2000,Ohio,Cleveland,15,Female,White,Never married / single,0
300,2000,Ohio,Cleveland,32,Female,White,Divorced,35500
301,2000,Ohio,Cleveland,22,Female,White,Never married / single,24000
302,2000,Ohio,Cleveland,10,Male,White,Never married / single,
303,2000,Ohio,Cleveland,77,Male,White,Married / spouse present,13210
304,2000,Ohio,Cleveland,75,Female,White,Married / spouse present,14920
305,2000,Ohio,Cleveland,57,Female,White,Married / spouse present,700
306,2000,Ohio,Cleveland,23,Female,White,Never married / single,11000
307,2000,Ohio,Cleveland,4,Male,White,Never married / single,
308,2000,Ohio,Cleveland,37,Male,White,Married / spouse present,30100
309,2000,Ohio,Cleveland,72,Female,White,Married / spouse present,5300
310,2000,Ohio,Cleveland,62,Female,White,Divorced,9000
311,2000,Ohio,Cleveland,77,Male,White,Divorced,10780
312,2000,Ohio,Cleveland,41,Male,White,Never married / single,18000
313,2000,Ohio,Cleveland,52,Female,White,Divorced,48700
314,2000,Ohio,Cleveland,53,Male,White,Divorced,35000
315,2000,Ohio,Cleveland,43,Male,White,Married / spouse present,62000
316,2000,Ohio,Cleveland,14,Female,White,Never married / single,
317,2000,Ohio,Cleveland,10,Male,White,Never married / single,
318,2000,Ohio,Cleveland,56,Male,White,Married / spouse present,59300
319,2000,Ohio,Cleveland,53,Female,White,Married / spouse present,35000
320,2000,Ohio,Cleveland,60,Male,White,Married / spouse present,36004
321,2000,Ohio,Cleveland,57,Female,White,Married / spouse present,25010
322,2000,Ohio,Cleveland,50,Male,White,Married / spouse present,37700
323,2000,Ohio,Cleveland,45,Female,White,Married / spouse present,33600
324,2000,Ohio,Cleveland,18,Male,White,Never married / single,8840
325,2000,Ohio,Cleveland,11,Male,Black,Never married / single,
326,2000,Ohio,Cleveland,39,Female,White,Married / spouse present,24800
327,2000,Ohio,Cleveland,35,Male,White,Married / spouse present,54450
328,2000,Ohio,Cleveland,2,Male,White,Never married / single,
329,2000,Ohio,Cleveland,56,Female,White,Divorced,54400
330,2000,Ohio,Cleveland,93,Female,White,Widowed,0
331,2000,Ohio,Cleveland,69,Male,White,Widowed,47990
332,2000,Ohio,Cleveland,51,Male,White,Married / spouse present,131000
333,2000,Ohio,Cleveland,53,Female,White,Married / spouse present,70000
334,2000,Ohio,Cleveland,80,Male,White,Married / spouse present,43200
335,2000,Ohio,Cleveland,68,Female,White,Married / spouse present,70800
336,2000,Ohio,Cleveland,38,Male,White,Never married / single,25000
337,2000,Ohio,Cleveland,34,Female,White,Married / spouse present,30000
338,2000,Ohio,Cleveland,70,Female,White,Never married / single,66700
339,2000,Ohio,Cleveland,57,Male,White,Married / spouse present,60000
340,2000,Ohio,Cleveland,47,Female,White,Never married / single,22000
341,2000,Ohio,Cleveland,67,Female,White,Married / spouse absent,28900
342,2000,Ohio,Cleveland,35,Female,White,Divorced,24100
343,2000,Ohio,Cleveland,15,Male,White,Never married / single,900
344,2000,Ohio,Cleveland,13,Male,White,Never married / single,
345,2000,Ohio,Cleveland,58,Female,White,Widowed,48900
346,2000,Ohio,Cleveland,72,Female,White,Widowed,13600
347,2000,Ohio,Cleveland,27,Female,Black,Never married / single,20700
348,2000,Ohio,Cleveland,7,Male,Black,Never married / single,
349,2000,Ohio,Cleveland,4,Female,Black,Never married / single,
350,2000,Ohio,Cleveland,0,Female,Black,Never married / single,
351,2000,Ohio,Cleveland,73,Male,White,Widowed,18500
352,2000,Ohio,Cleveland,65,Male,Black,Married / spouse present,21800
353,2000,Ohio,Cleveland,66,Female,Black,Married / spouse present,3600
354,2000,Ohio,Cleveland,63,Male,White,Married / spouse present,9000
355,2000,Ohio,Cleveland,60,Female,White,Married / spouse present,0
356,2000,Ohio,Cleveland,79,Male,White,Never married / single,13400
357,2000,Ohio,Cleveland,83,Female,White,Widowed,10400
358,2000,Ohio,Cleveland,7,Female,Black,Never married / single,
359,2000,Ohio,Cleveland,83,Male,White,Widowed,18000
360,2000,Ohio,Cleveland,62,Male,Black,Never married / single,6000
361,2000,Ohio,Cleveland,12,Male,White,Never married / single,
362,2000,Ohio,Cleveland,1,Female,White,Never married / single,
363,2000,Ohio,Cleveland,14,Male,Black,Never married / single,
364,2000,Ohio,Cleveland,8,Female,Black,Never married / single,
365,2000,Ohio,Cleveland,71,Female,White,Never married / single,6000
366,2000,Ohio,Cleveland,68,Female,White,Widowed,13570
367,2000,Ohio,Cleveland,51,Male,White,Married / spouse present,32700
368,2000,Ohio,Cleveland,50,Female,White,Married / spouse present,32600
369,2000,Ohio,Cleveland,19,Male,White,Never married / single,4560
370,2000,Ohio,Cleveland,53,Female,White,Never married / single,42000
371,2000,Ohio,Cleveland,24,Female,Black,Never married / single,2600
372,2000,Ohio,Cleveland,2,Female,Black,Never married / single,
373,2000,Ohio,Cleveland,77,Female,White,Widowed,12390
374,2000,Ohio,Cleveland,37,Female,Black,Never married / single,23200
375,2000,Ohio,Cleveland,16,Female,Black,Never married / single,500
376,2000,Ohio,Cleveland,13,Female,Black,Never married / single,
377,2000,Ohio,Cleveland,16,Female,Black,Never married / single,500
378,2000,Ohio,Cleveland,2,Female,Black,Never married / single,
379,2000,Ohio,Cleveland,12,Male,Black,Never married / single,
380,2000,Ohio,Cleveland,11,Female,Black,Never married / single,
381,2000,Ohio,Cleveland,66,Male,Black,Divorced,10010
382,2000,Ohio,Cleveland,41,Male,Black,Never married / single,5600
383,2000,Ohio,Cleveland,30,Female,Black,Never married / single,12004
384,2000,Ohio,Cleveland,42,Female,White,Divorced,41600
385,2000,Ohio,Cleveland,65,Male,White,Divorced,44000
386,2000,Ohio,Cleveland,47,Male,White,Never married / single,0
387,2000,Ohio,Cleveland,47,Female,White,Never married / single,10600
388,2000,Ohio,Cleveland,59,Female,White,Divorced,0
389,2000,Ohio,Cleveland,86,Female,Black,Widowed,17860
390,2000,Ohio,Cleveland,70,Male,Black,Married / spouse present,20800
391,2000,Ohio,Cleveland,69,Female,Black,Married / spouse present,29900
392,2000,Ohio,Cleveland,52,Female,White,Divorced,500
393,2000,Ohio,Cleveland,49,Female,Black,Never married / single,5500
394,2000,Ohio,Cleveland,63,Female,White,Divorced,7600
395,2000,Ohio,Cleveland,33,Male,White,Never married / single,31900
396,2000,Ohio,Cleveland,73,Female,White,Widowed,8700
397,2000,Ohio,Cleveland,27,Male,White,Divorced,19000
398,2000,Ohio,Cleveland,39,Male,White,Married / spouse present,86000
399,2000,Ohio,Cleveland,39,Female,White,Married / spouse present,20000
400,2000,Ohio,Cleveland,14,Male,White,Never married / single,
401,2000,Ohio,Cleveland,0,Male,Black,Never married / single,
402,2000,Ohio,Cleveland,37,Male,Black,Never married / single,37060
403,2000,Ohio,Cleveland,32,Male,White,Married / spouse present,0
404,2000,Ohio,Cleveland,59,Female,Other,Divorced,30000
405,2000,Ohio,Cleveland,57,Female,White,Married / spouse present,126000
406,2000,Ohio,Cleveland,74,Male,White,Married / spouse present,29900
407,2000,Ohio,Cleveland,71,Female,White,Married / spouse present,6500
408,2000,Ohio,Cleveland,40,Male,White,Never married / single,7800
409,2000,Ohio,Cleveland,42,Female,White,Separated,19500
410,2000,Ohio,Cleveland,79,Male,White,Married / spouse present,32500
411,2000,Ohio,Cleveland,47,Male,White,Married / spouse present,35000
412,2000,Ohio,Cleveland,49,Female,White,Married / spouse present,20000
413,2000,Ohio,Cleveland,9,Female,White,Never married / single,
414,2000,Ohio,Cleveland,85,Male,White,Widowed,17500
415,2000,Ohio,Cleveland,40,Female,White,Divorced,23200
416,2000,Ohio,Cleveland,14,Male,White,Never married / single,
417,2000,Ohio,Cleveland,84,Female,White,Widowed,7500
418,2000,Ohio,Cleveland,53,Female,White,Never married / single,32000
419,2000,Ohio,Cleveland,26,Male,Black,Married / spouse present,18200
420,2000,Ohio,Cleveland,1,Male,Black,Never married / single,
421,2000,Ohio,Cleveland,75,Male,White,Married / spouse present,17000
422,2000,Ohio,Cleveland,35,Female,White,Married / spouse present,30000
423,2000,Ohio,Cleveland,9,Female,White,Never married / single,
424,2000,Ohio,Cleveland,3,Female,White,Never married / single,
425,2000,Ohio,Cleveland,3,Female,White,Never married / single,
426,2000,Ohio,Cleveland,74,Female,White,Married / spouse present,27000
427,2000,Ohio,Cleveland,18,Female,White,Never married / single,2800
428,2000,Ohio,Cleveland,54,Female,Black,Divorced,11000
429,2000,Ohio,Cleveland,58,Male,Black,Divorced,10000
430,2000,Ohio,Cleveland,29,Male,White,Never married / single,30300
431,2000,Ohio,Cleveland,51,Male,White,Separated,40000
432,2000,Ohio,Cleveland,63,Female,White,Divorced,60000
433,2000,Ohio,Cleveland,67,Female,White,Widowed,9200
434,2000,Ohio,Cleveland,69,Female,Black,Widowed,8500
435,2000,Ohio,Cleveland,40,Female,White,Married / spouse present,13130
436,2000,Ohio,Cleveland,62,Male,White,Married / spouse present,45500
437,2000,Ohio,Cleveland,61,Female,White,Married / spouse present,49000
438,2000,Ohio,Cleveland,18,Male,White,Never married / single,29000
439,2000,Ohio,Cleveland,61,Male,White,Married / spouse present,20000
440,2000,Ohio,Cleveland,38,Male,White,Married / spouse present,46200
441,2000,Ohio,Cleveland,40,Male,White,Married / spouse present,112000
442,2000,Ohio,Cleveland,34,Female,White,Married / spouse present,3200
443,2000,Ohio,Cleveland,19,Male,White,Never married / single,13000
444,2000,Ohio,Cleveland,36,Male,White,Married / spouse present,53500
445,2000,Ohio,Cleveland,60,Male,White,Married / spouse present,49200
446,2000,Ohio,Cleveland,47,Female,White,Married / spouse present,25350
447,2000,Ohio,Cleveland,26,Female,White,Never married / single,29300
448,2000,Ohio,Cleveland,51,Female,White,Married / spouse present,0
449,2000,Ohio,Cleveland,34,Female,White,Separated,2500
450,2000,Ohio,Cleveland,3,Male,White,Never married / single,
451,2000,Ohio,Cleveland,45,Male,White,Married / spouse present,51910
452,2000,Ohio,Cleveland,7,Female,White,Never married / single,
453,2000,Ohio,Cleveland,31,Female,White,Married / spouse present,33000
454,2000,Ohio,Cleveland,0,Female,White,Never married / single,
455,2000,Ohio,Cleveland,41,Female,White,Married / spouse present,8000
456,2000,Ohio,Cleveland,22,Male,White,Never married / single,3200
457,2000,Ohio,Cleveland,12,Male,White,Never married / single,
458,2000,Ohio,Cleveland,35,Male,Other,Married / spouse absent,13800
459,2000,Ohio,Cleveland,11,Female,Other,Never married / single,
460,2000,Ohio,Cleveland,26,Male,Other,Married / spouse present,12000
461,2000,Ohio,Cleveland,47,Male,Other,Married / spouse absent,12400
462,2000,Ohio,Cleveland,62,Male,White,Married / spouse present,0
463,2000,Ohio,Cleveland,63,Female,White,Married / spouse present,0
464,2000,Ohio,Cleveland,18,Female,White,Never married / single,0
465,2000,Ohio,Cleveland,17,Male,White,Never married / single,830
466,2000,Ohio,Cleveland,41,Female,White,Divorced,12000
467,2000,Ohio,Cleveland,15,Female,White,Never married / single,0
468,2000,Ohio,Cleveland,26,Male,White,Married / spouse present,75400
469,2000,Ohio,Cleveland,30,Female,White,Married / spouse present,5600
470,2000,Ohio,Cleveland,51,Male,White,Married / spouse present,36100
471,2000,Ohio,Cleveland,44,Female,White,Married / spouse present,30100
472,2000,Ohio,Cleveland,22,Female,White,Never married / single,18000
473,2000,Ohio,Cleveland,18,Female,White,Never married / single,6000
474,2000,Ohio,Cleveland,21,Female,White,Never married / single,6500
475,2000,Ohio,Cleveland,74,Male,White,Married / spouse present,23100
476,2000,Ohio,Cleveland,27,Male,White,Divorced,60000
477,2000,Ohio,Cleveland,8,Male,White,Never married / single,
478,2000,Ohio,Cleveland,47,Male,White,Married / spouse present,33600
479,2000,Ohio,Cleveland,72,Female,White,Widowed,21000
480,2000,Ohio,Cleveland,61,Male,White,Married / spouse present,143230
481,2000,Ohio,Cleveland,16,Female,White,Never married / single,0
482,2000,Ohio,Cleveland,13,Male,White,Never married / single,
483,2000,Ohio,Cleveland,43,Male,White,Married / spouse present,116390
484,2000,Ohio,Cleveland,39,Female,White,Married / spouse present,23000
485,2000,Ohio,Cleveland,10,Female,White,Never married / single,
486,2000,Ohio,Cleveland,6,Female,White,Never married / single,
487,2000,Ohio,Cleveland,62,Male,White,Widowed,420
488,2000,Ohio,Cleveland,53,Male,White,Married / spouse present,70000
489,2000,Ohio,Cleveland,52,Female,White,Married / spouse present,30000
490,2000,Ohio,Cleveland,50,Male,White,Divorced,16500
491,2000,Ohio,Cleveland,59,Female,White,Divorced,27200
492,2000,Ohio,Cleveland,40,Male,White,Married / spouse present,23700
493,2000,Ohio,Cleveland,40,Female,White,Married / spouse present,19800
494,2000,Ohio,Cleveland,9,Female,White,Never married / single,
495,2000,Ohio,Cleveland,32,Female,White,Married / spouse present,25700
496,2000,Ohio,Cleveland,4,Female,White,Never married / single,
497,2000,Ohio,Cleveland,34,Male,White,Never married / single,36000
498,2000,Ohio,Cleveland,73,Female,White,Widowed,25820
499,2000,Ohio,Cleveland,59,Male,White,Married / spouse present,34000
500,2000,Ohio,Cleveland,60,Female,White,Married / spouse present,21000
