rownames,positive_sample,hut,substance,concentration,screening_analysis,concomitant
1,1,COSM,Acetazolamide,1885,yes,no
2,2,COSM,Acetazolamide,389,no,no
3,3,COSM,Acetazolamide,6328,no,no
4,4,COSM,Acetazolamide,390,no,no
5,5,COSM,Acetazolamide,48,no,no
6,6,COSM,Acetazolamide,473,no,no
7,6,COSM,Zopiclone,739,no,no
8,7,COSM,Acetazolamide,217,no,no
9,8,COSM,Acetazolamide,12725,no,no
10,8,COSM,Zolpidem,0.9,no,no
11,8,COSM,Bisoprolol,64,no,no
12,9,COSM,Acetazolamide,716,no,no
13,10,COSM,Acetazolamide,507,yes,no
14,10,COSM,Prednisone,776,no,no
15,10,COSM,Prednisolone,3823,no,yes
16,11,COSM,Acetazolamide,100,yes,no
17,12,COSM,Acetazolamide,207,no,no
18,13,COSM,Acetazolamide,780,yes,no
19,13,COSM,Hydrochlorothiazide,812,no,no
20,14,COSM,Acetazolamide,112,no,no
21,15,COSM,Acetazolamide,362035,no,no
22,16,COSM,Acetazolamide,15520,no,no
23,17,COSM,Acetazolamide,13150,no,no
24,18,COSM,Acetazolamide,252325,no,no
25,18,COSM,Zolpidem,7.3,no,no
26,19,COSM,Acetazolamide,51265,no,no
27,20,COSM,Acetazolamide,23968,no,no
28,20,COSM,Hydrochlorothiazide,954,no,no
29,21,COSM,Acetazolamide,316400,no,no
30,21,COSM,Zolpidem,4.4,no,no
31,22,COSM,Acetazolamide,43,no,no
32,23,COSM,Acetazolamide,193,no,no
33,24,COSM,Acetazolamide,27,yes,no
34,25,COSM,Acetazolamide,14,yes,no
35,25,COSM,Methylprednisolone,1226,no,no
36,26,GOUTER,Acetazolamide,59,no,no
37,26,GOUTER,Hydrochlorothiazide,4,no,no
38,27,GOUTER,Acetazolamide,2760,no,no
39,28,GOUTER,Acetazolamide,76975,no,no
40,28,GOUTER,Betamethasone,13,no,no
41,29,GOUTER,Acetazolamide,14770,no,no
42,30,GOUTER,Acetazolamide,55,yes,no
43,30,GOUTER,Benzoylecgonine,37,yes,no
44,30,GOUTER,Pseudoephedrine,879,no,no
45,31,GOUTER,Acetazolamide,42650,no,no
46,31,GOUTER,Zolpidem,7.4,no,no
47,32,GOUTER,Acetazolamide,189,yes,no
48,33,GOUTER,Acetazolamide,32940,no,no
49,34,GOUTER,Acetazolamide,77075,no,no
50,34,GOUTER,Betamethasone,42,no,no
51,35,GOUTER,Acetazolamide,215,no,no
52,36,GOUTER,Acetazolamide,67650,no,no
53,36,GOUTER,Zolpidem,0.1,no,no
54,37,GOUTER,Acetazolamide,3405,no,no
55,38,GOUTER,Acetazolamide,89425,no,no
56,38,GOUTER,Metoprolol,34,no,no
57,38,GOUTER,Metoprolol acid,17,no,yes
58,39,GOUTER,Acetazolamide,8162,no,no
59,40,GOUTER,Acetazolamide,28300,no,no
60,41,GOUTER,Acetazolamide,10050,no,no
61,42,GOUTER,Acetazolamide,14,yes,no
62,42,GOUTER,Prednisone,630,no,no
63,42,GOUTER,Prednisolone,600,no,yes
64,43,GOUTER,Acetazolamide,16,yes,no
65,44,GOUTER,Acetazolamide,27,yes,no
66,45,GOUTER,Acetazolamide,70,yes,no
67,46,GOUTER,Acetazolamide,62,no,no
68,46,GOUTER,Zolpidem,0.5,no,no
69,47,GOUTER,Acetazolamide,3436,no,no
70,47,GOUTER,Betamethasone,20,no,no
71,48,GOUTER,Acetazolamide,351,no,no
72,49,GOUTER,Acetazolamide,115,no,no
73,50,GOUTER,Acetazolamide,15,yes,no
74,50,GOUTER,Prednisone,430,no,no
75,50,GOUTER,Prednisolone,390,no,yes
76,51,GOUTER,Acetazolamide,53,no,no
77,52,GOUTER,Acetazolamide,20,no,no
78,53,GOUTER,Acetazolamide,491100,no,no
79,54,GOUTER,Acetazolamide,50488,no,no
80,55,GOUTER,Acetazolamide,75,yes,no
81,56,GOUTER,Acetazolamide,56,no,no
82,57,GOUTER,Acetazolamide,15,yes,no
83,58,GOUTER,Acetazolamide,6460,no,no
84,59,GOUTER,Acetazolamide,15,yes,no
85,60,GOUTER,Acetazolamide,13,yes,no
86,60,GOUTER,Prednisone,95,no,no
87,60,GOUTER,Prednisolone,157,no,yes
88,61,GOUTER,Acetazolamide,15250,no,no
89,62,GOUTER,Acetazolamide,1904,no,no
90,62,GOUTER,Zolpidem,0.3,no,no
91,63,GOUTER,Acetazolamide,43,yes,no
92,64,GOUTER,Acetazolamide,138,no,no
93,65,GOUTER,Acetazolamide,21213,no,no
94,66,GOUTER,Acetazolamide,51,yes,no
95,67,GOUTER,Acetazolamide,34,yes,no
96,68,GOUTER,Acetazolamide,535,yes,no
97,69,GOUTER,Acetazolamide,123,yes,no
98,70,GOUTER,Acetazolamide,127650,no,no
99,71,GOUTER,Acetazolamide,22,yes,no
100,72,GOUTER,Acetazolamide,25380,no,no
101,73,GOUTER,Acetazolamide,11,yes,no
102,74,GOUTER,Acetazolamide,14,yes,no
103,74,GOUTER,Hydrochlorothiazide,95,no,no
104,75,GOUTER,Acetazolamide,50800,no,no
105,75,GOUTER,Zolpidem,0.2,no,no
106,76,GOUTER,Acetazolamide,44050,no,no
107,76,GOUTER,Codeine,40,no,no
108,76,GOUTER,Morphine,6,no,yes
109,76,GOUTER,Hydrocodone,480,no,no
110,77,GOUTER,Acetazolamide,53,no,no
111,78,GOUTER,Acetazolamide,15884,no,no
112,79,GOUTER,Hydrochlorothiazide,1506,no,no
113,80,GOUTER,Hydrochlorothiazide,128,no,no
114,81,GOUTER,Hydrochlorothiazide,10048,no,no
115,81,GOUTER,Benzoylecgonine,439,no,no
116,81,GOUTER,Prednisone,590,no,no
117,81,GOUTER,Prednisolone,240,no,yes
118,82,COSM,Zolpidem,0.3,no,no
119,83,COSM,Zolpidem,0.8,no,no
120,83,COSM,THC,14,no,no
121,84,COSM,Zolpidem,2.3,no,no
122,84,COSM,Zaleplon,3,no,no
123,85,COSM,Zolpidem,12.6,no,no
124,86,COSM,Zolpidem,17.2,no,no
125,87,COSM,Zolpidem,0.1,no,no
126,87,COSM,Codeine,133,no,no
127,87,COSM,Morphine,19,no,yes
128,88,COSM,Zolpidem,1.1,no,no
129,89,COSM,Zolpidem,2,no,no
130,90,COSM,Zolpidem,8.8,no,no
131,91,GOUTER,Zolpidem,0.7,no,no
132,92,GOUTER,Zolpidem,9.7,no,no
133,92,GOUTER,Prednisone,580,no,no
134,92,GOUTER,Prednisolone,1356,no,yes
135,93,GOUTER,Zolpidem,2.6,no,no
136,94,GOUTER,Zolpidem,4.8,no,no
137,94,GOUTER,Caffeine,8200,no,no
138,95,GOUTER,Zolpidem,21.5,no,no
139,96,GOUTER,Zolpidem,8.2,no,no
140,96,GOUTER,Dihydrobupropion,665,no,no
141,97,GOUTER,Zolpidem,0.4,no,no
142,98,GOUTER,Zolpidem,127.2,no,no
143,99,GOUTER,Zolpidem,0.1,no,no
144,100,GOUTER,Zolpidem,8.3,no,no
145,101,GOUTER,Zolpidem,9.5,no,no
146,102,GOUTER,Zolpidem,0.7,no,no
147,103,GOUTER,Zolpidem,2.9,no,no
148,104,GOUTER,Zolpidem,4.8,no,no
149,105,COSM,Oxazepam,36,no,no
150,106,COSM,Oxazepam,108,no,no
151,107,GOUTER,Oxazepam,15.9,no,no
152,108,GOUTER,Oxazepam,3.3,no,no
153,109,GOUTER,Oxazepam,18,no,no
154,110,GOUTER,Oxazepam,222,no,no
155,111,COSM,Zopiclone,114,no,no
156,112,GOUTER,Zopiclone,68,no,no
157,113,GOUTER,Zopiclone,1,no,no
158,114,GOUTER,Zopiclone,3,no,no
159,115,GOUTER,Lorazepam,160,no,no
160,116,GOUTER,Bromazepam,23,no,no
161,117,COSM,Brotizolam,1,no,no
162,118,COSM,Prednisone,16,no,no
163,118,COSM,Prednisolone,9,no,yes
164,118,COSM,THC,14,no,no
165,119,GOUTER,Prednisone,11,no,no
166,120,COSM,Budesonide,19,no,no
167,121,GOUTER,Budesonide,11,no,no
168,122,COSM,Methylprednisolone,51,no,no
169,123,COSM,Caffeine,8300,no,no
170,124,GOUTER,Caffeine,7400,no,no
171,125,GOUTER,Benzoylecgonine,68,no,no
172,126,GOUTER,Pseudoephedrine,21000,no,no
173,127,GOUTER,Ephedrine,9,no,no
174,128,GOUTER,N-ethylnicotinamide,299,no,no
175,129,COSM,Heptaminol,127,no,no
176,130,COSM,THC,152,no,no
177,131,COSM,THC,48,no,no
178,132,GOUTER,THC,76,no,no
179,133,GOUTER,THC,15,no,no
180,134,GOUTER,THC,34,no,no
181,135,GOUTER,THC,18,no,no
182,136,GOUTER,THC,137,no,no
183,137,GOUTER,THC,17,no,no
184,138,GOUTER,THC,12,no,no
185,139,GOUTER,THC,62,no,no
186,140,GOUTER,THC,27,no,no
187,141,GOUTER,THC,21,no,no
188,142,GOUTER,THC,53,no,no
189,143,GOUTER,THC,8,no,no
190,144,COSM,Codeine,11,no,no
191,144,COSM,Morphine,73,no,yes
192,145,COSM,Codeine,11,no,no
193,145,COSM,Morphine,274,no,yes
194,146,COSM,Codeine,1297,no,no
195,146,COSM,Morphine,123,no,yes
196,147,GOUTER,Codeine,50,no,no
197,147,GOUTER,Morphine,12,no,yes
198,148,GOUTER,Codeine,720,no,no
199,148,GOUTER,Morphine,28,no,yes
200,149,GOUTER,Codeine,778,no,no
201,149,GOUTER,Morphine,22,no,yes
202,150,COSM,Tramadol,358,no,no
203,151,GOUTER,Betaxolol,212,no,no
204,152,GOUTER,Betaxolol,190,no,no
205,153,GOUTER,Metoprolol,54,no,no
206,153,GOUTER,Metoprolol acid,200,no,yes
207,154,GOUTER,Methoxytamoxifen,25,no,no
208,154,GOUTER,Anastrozole,250,no,no
209,154,GOUTER,Caffeine,7000,no,no
210,154,GOUTER,Lorazepam,5556,no,no
211,154,GOUTER,Methadone,5,no,no
