rownames,treatment,outcome
1,met,success
2,rosi,failure
3,rosi,success
4,lifestyle,success
5,met,success
6,lifestyle,success
7,lifestyle,success
8,rosi,success
9,rosi,success
10,met,failure
11,met,success
12,met,success
13,lifestyle,failure
14,rosi,failure
15,lifestyle,failure
16,rosi,success
17,lifestyle,failure
18,lifestyle,success
19,rosi,failure
20,lifestyle,failure
21,lifestyle,success
22,met,success
23,rosi,success
24,met,failure
25,met,success
26,rosi,failure
27,met,failure
28,rosi,failure
29,lifestyle,success
30,met,success
31,rosi,success
32,rosi,success
33,rosi,success
34,met,success
35,lifestyle,failure
36,rosi,success
37,lifestyle,failure
38,met,failure
39,lifestyle,failure
40,rosi,failure
41,lifestyle,failure
42,rosi,success
43,lifestyle,failure
44,rosi,success
45,rosi,success
46,lifestyle,failure
47,met,failure
48,rosi,failure
49,lifestyle,failure
50,rosi,success
51,rosi,failure
52,lifestyle,failure
53,rosi,failure
54,met,success
55,met,failure
56,met,failure
57,met,success
58,rosi,success
59,rosi,success
60,lifestyle,success
61,lifestyle,success
62,met,success
63,rosi,failure
64,met,success
65,rosi,success
66,met,success
67,rosi,failure
68,lifestyle,failure
69,met,failure
70,lifestyle,failure
71,met,success
72,lifestyle,success
73,met,success
74,met,success
75,rosi,failure
76,lifestyle,failure
77,lifestyle,failure
78,rosi,failure
79,lifestyle,failure
80,lifestyle,success
81,rosi,failure
82,rosi,success
83,rosi,failure
84,met,success
85,lifestyle,failure
86,lifestyle,success
87,rosi,success
88,met,failure
89,met,success
90,met,failure
91,met,success
92,met,failure
93,rosi,success
94,lifestyle,failure
95,lifestyle,success
96,lifestyle,failure
97,rosi,failure
98,lifestyle,success
99,lifestyle,failure
100,lifestyle,success
101,rosi,success
102,lifestyle,success
103,met,success
104,lifestyle,success
105,rosi,success
106,met,success
107,met,failure
108,lifestyle,success
109,lifestyle,failure
110,rosi,success
111,lifestyle,success
112,rosi,success
113,met,success
114,rosi,failure
115,met,failure
116,met,failure
117,rosi,success
118,met,failure
119,lifestyle,success
120,rosi,success
121,lifestyle,success
122,rosi,failure
123,rosi,failure
124,met,failure
125,lifestyle,success
126,lifestyle,success
127,lifestyle,success
128,met,failure
129,met,success
130,rosi,success
131,rosi,success
132,met,failure
133,met,failure
134,rosi,success
135,lifestyle,failure
136,rosi,success
137,rosi,failure
138,rosi,failure
139,lifestyle,failure
140,rosi,failure
141,rosi,success
142,rosi,success
143,met,success
144,lifestyle,success
145,rosi,success
146,rosi,failure
147,met,failure
148,rosi,success
149,met,failure
150,lifestyle,failure
151,lifestyle,failure
152,rosi,failure
153,met,success
154,rosi,failure
155,rosi,failure
156,met,failure
157,rosi,failure
158,met,failure
159,met,success
160,met,failure
161,met,success
162,lifestyle,success
163,rosi,failure
164,rosi,success
165,lifestyle,success
166,met,success
167,met,failure
168,met,success
169,rosi,success
170,lifestyle,success
171,rosi,success
172,lifestyle,success
173,rosi,success
174,met,success
175,met,success
176,lifestyle,failure
177,rosi,success
178,rosi,success
179,lifestyle,failure
180,lifestyle,failure
181,met,success
182,lifestyle,success
183,rosi,success
184,lifestyle,success
185,lifestyle,success
186,met,failure
187,rosi,success
188,rosi,success
189,lifestyle,success
190,lifestyle,success
191,lifestyle,success
192,met,success
193,met,failure
194,lifestyle,failure
195,lifestyle,failure
196,lifestyle,success
197,met,failure
198,rosi,success
199,met,success
200,rosi,success
201,lifestyle,success
202,met,failure
203,lifestyle,success
204,lifestyle,failure
205,met,failure
206,lifestyle,failure
207,rosi,failure
208,met,failure
209,met,success
210,rosi,success
211,lifestyle,failure
212,met,failure
213,lifestyle,success
214,rosi,success
215,rosi,success
216,lifestyle,success
217,rosi,failure
218,rosi,success
219,lifestyle,success
220,lifestyle,success
221,lifestyle,success
222,met,failure
223,lifestyle,success
224,lifestyle,success
225,rosi,success
226,lifestyle,failure
227,lifestyle,success
228,met,failure
229,met,success
230,rosi,success
231,met,success
232,met,failure
233,met,success
234,rosi,failure
235,met,success
236,rosi,failure
237,rosi,success
238,lifestyle,failure
239,met,success
240,lifestyle,success
241,lifestyle,success
242,rosi,failure
243,rosi,success
244,met,failure
245,met,success
246,met,failure
247,met,success
248,met,failure
249,met,success
250,lifestyle,success
251,rosi,success
252,lifestyle,success
253,met,success
254,lifestyle,success
255,met,success
256,lifestyle,success
257,met,failure
258,lifestyle,failure
259,met,success
260,rosi,success
261,met,success
262,met,success
263,lifestyle,failure
264,rosi,success
265,lifestyle,failure
266,lifestyle,success
267,met,failure
268,rosi,success
269,rosi,failure
270,met,failure
271,met,failure
272,met,failure
273,lifestyle,failure
274,rosi,success
275,lifestyle,success
276,met,failure
277,lifestyle,failure
278,lifestyle,success
279,lifestyle,success
280,rosi,success
281,met,failure
282,lifestyle,success
283,rosi,success
284,met,success
285,met,failure
286,lifestyle,success
287,met,success
288,lifestyle,failure
289,met,failure
290,met,failure
291,met,failure
292,lifestyle,success
293,lifestyle,success
294,lifestyle,success
295,lifestyle,failure
296,rosi,failure
297,met,failure
298,met,failure
299,lifestyle,failure
300,lifestyle,failure
301,rosi,failure
302,met,failure
303,met,success
304,met,success
305,met,success
306,rosi,success
307,met,failure
308,rosi,failure
309,rosi,success
310,met,success
311,rosi,success
312,met,failure
313,rosi,success
314,lifestyle,failure
315,met,failure
316,met,success
317,met,failure
318,met,success
319,rosi,success
320,rosi,failure
321,rosi,failure
322,lifestyle,failure
323,lifestyle,failure
324,rosi,success
325,rosi,failure
326,rosi,success
327,lifestyle,success
328,rosi,failure
329,lifestyle,failure
330,rosi,failure
331,lifestyle,failure
332,rosi,success
333,met,success
334,lifestyle,failure
335,met,failure
336,rosi,success
337,met,success
338,met,failure
339,rosi,success
340,rosi,success
341,rosi,success
342,rosi,success
343,met,success
344,met,success
345,rosi,failure
346,rosi,success
347,met,success
348,lifestyle,success
349,met,success
350,rosi,failure
351,met,success
352,met,failure
353,lifestyle,failure
354,met,success
355,rosi,success
356,lifestyle,failure
357,rosi,success
358,rosi,success
359,rosi,success
360,lifestyle,failure
361,met,failure
362,met,failure
363,rosi,failure
364,met,failure
365,lifestyle,failure
366,lifestyle,failure
367,met,failure
368,rosi,failure
369,met,success
370,lifestyle,success
371,lifestyle,failure
372,met,success
373,rosi,failure
374,rosi,success
375,lifestyle,success
376,rosi,success
377,met,failure
378,rosi,failure
379,rosi,success
380,met,success
381,met,success
382,lifestyle,success
383,lifestyle,failure
384,lifestyle,success
385,met,failure
386,lifestyle,failure
387,rosi,failure
388,lifestyle,failure
389,lifestyle,success
390,rosi,failure
391,lifestyle,success
392,met,failure
393,lifestyle,failure
394,rosi,success
395,lifestyle,failure
396,met,failure
397,lifestyle,failure
398,met,failure
399,rosi,success
400,rosi,failure
401,lifestyle,failure
402,lifestyle,failure
403,lifestyle,success
404,rosi,failure
405,rosi,failure
406,met,success
407,rosi,success
408,lifestyle,success
409,met,failure
410,lifestyle,success
411,lifestyle,failure
412,lifestyle,failure
413,met,success
414,met,success
415,met,success
416,lifestyle,success
417,met,success
418,lifestyle,success
419,rosi,success
420,lifestyle,failure
421,rosi,success
422,rosi,success
423,met,success
424,rosi,success
425,rosi,failure
426,met,failure
427,lifestyle,success
428,rosi,success
429,met,success
430,rosi,success
431,rosi,success
432,rosi,success
433,met,failure
434,rosi,success
435,rosi,success
436,lifestyle,success
437,rosi,success
438,met,failure
439,lifestyle,success
440,lifestyle,failure
441,met,failure
442,lifestyle,failure
443,met,success
444,lifestyle,success
445,met,failure
446,lifestyle,success
447,rosi,success
448,rosi,success
449,rosi,success
450,met,failure
451,rosi,success
452,rosi,success
453,met,failure
454,met,failure
455,rosi,failure
456,lifestyle,failure
457,lifestyle,failure
458,rosi,failure
459,lifestyle,success
460,lifestyle,success
461,met,failure
462,met,failure
463,met,failure
464,met,failure
465,lifestyle,failure
466,met,success
467,met,success
468,lifestyle,success
469,lifestyle,failure
470,lifestyle,success
471,rosi,failure
472,lifestyle,success
473,lifestyle,success
474,lifestyle,failure
475,rosi,success
476,rosi,success
477,met,success
478,lifestyle,failure
479,met,failure
480,lifestyle,success
481,rosi,failure
482,met,failure
483,lifestyle,failure
484,met,success
485,rosi,success
486,lifestyle,success
487,lifestyle,success
488,rosi,failure
489,lifestyle,success
490,rosi,success
491,met,failure
492,rosi,failure
493,lifestyle,failure
494,rosi,failure
495,rosi,success
496,lifestyle,failure
497,met,failure
498,rosi,failure
499,met,success
500,lifestyle,failure
501,rosi,success
502,rosi,success
503,rosi,success
504,lifestyle,failure
505,lifestyle,success
506,rosi,success
507,met,failure
508,lifestyle,failure
509,rosi,success
510,rosi,failure
511,rosi,success
512,lifestyle,success
513,met,failure
514,rosi,failure
515,rosi,success
516,lifestyle,failure
517,rosi,success
518,lifestyle,failure
519,met,success
520,lifestyle,failure
521,rosi,success
522,lifestyle,success
523,rosi,failure
524,rosi,success
525,rosi,failure
526,rosi,failure
527,lifestyle,failure
528,lifestyle,success
529,met,success
530,met,success
531,rosi,failure
532,rosi,failure
533,rosi,success
534,rosi,success
535,lifestyle,success
536,lifestyle,success
537,lifestyle,success
538,lifestyle,failure
539,lifestyle,success
540,lifestyle,failure
541,rosi,success
542,lifestyle,failure
543,rosi,success
544,lifestyle,failure
545,met,failure
546,rosi,failure
547,rosi,success
548,lifestyle,success
549,lifestyle,success
550,lifestyle,success
551,rosi,success
552,rosi,success
553,met,success
554,met,success
555,rosi,failure
556,rosi,success
557,rosi,failure
558,rosi,success
559,met,failure
560,met,failure
561,lifestyle,success
562,met,failure
563,rosi,success
564,lifestyle,failure
565,met,success
566,lifestyle,success
567,met,failure
568,met,failure
569,rosi,success
570,lifestyle,success
571,lifestyle,success
572,met,success
573,rosi,failure
574,lifestyle,success
575,met,failure
576,rosi,success
577,met,failure
578,met,failure
579,met,success
580,met,success
581,rosi,failure
582,rosi,success
583,rosi,failure
584,met,success
585,met,failure
586,rosi,failure
587,met,failure
588,lifestyle,success
589,met,failure
590,met,success
591,rosi,success
592,met,success
593,met,failure
594,lifestyle,success
595,lifestyle,success
596,lifestyle,failure
597,lifestyle,success
598,met,failure
599,rosi,failure
600,rosi,failure
601,met,failure
602,rosi,success
603,met,failure
604,rosi,success
605,rosi,failure
606,lifestyle,success
607,met,success
608,met,success
609,rosi,success
610,lifestyle,success
611,lifestyle,failure
612,met,success
613,lifestyle,failure
614,rosi,success
615,lifestyle,failure
616,rosi,failure
617,met,failure
618,rosi,failure
619,met,success
620,lifestyle,failure
621,lifestyle,failure
622,met,failure
623,rosi,success
624,lifestyle,success
625,met,failure
626,rosi,success
627,lifestyle,failure
628,rosi,failure
629,met,failure
630,met,success
631,met,failure
632,met,failure
633,lifestyle,failure
634,met,success
635,met,failure
636,rosi,success
637,met,failure
638,lifestyle,failure
639,lifestyle,success
640,rosi,failure
641,met,success
642,lifestyle,success
643,met,failure
644,lifestyle,failure
645,lifestyle,failure
646,met,success
647,rosi,success
648,rosi,failure
649,met,failure
650,rosi,success
651,lifestyle,failure
652,rosi,failure
653,met,success
654,rosi,success
655,met,failure
656,met,success
657,lifestyle,failure
658,lifestyle,success
659,rosi,failure
660,rosi,success
661,met,success
662,rosi,failure
663,met,failure
664,met,success
665,met,success
666,lifestyle,success
667,rosi,success
668,met,failure
669,lifestyle,failure
670,met,success
671,rosi,failure
672,met,failure
673,lifestyle,success
674,met,success
675,rosi,success
676,met,success
677,met,success
678,lifestyle,failure
679,lifestyle,failure
680,met,failure
681,rosi,success
682,lifestyle,success
683,met,failure
684,lifestyle,success
685,lifestyle,success
686,lifestyle,success
687,lifestyle,success
688,lifestyle,failure
689,lifestyle,success
690,met,success
691,rosi,failure
692,rosi,failure
693,lifestyle,success
694,rosi,success
695,lifestyle,failure
696,lifestyle,success
697,lifestyle,success
698,met,success
699,met,failure
