rownames,supplier,inspection
1,current_supplier,pass
2,current_supplier,pass
3,current_supplier,pass
4,current_supplier,pass
5,current_supplier,pass
6,current_supplier,pass
7,current_supplier,pass
8,current_supplier,pass
9,current_supplier,pass
10,current_supplier,pass
11,current_supplier,pass
12,current_supplier,pass
13,current_supplier,pass
14,current_supplier,pass
15,current_supplier,pass
16,current_supplier,pass
17,current_supplier,pass
18,current_supplier,pass
19,current_supplier,pass
20,current_supplier,pass
21,current_supplier,pass
22,current_supplier,pass
23,current_supplier,pass
24,current_supplier,pass
25,current_supplier,pass
26,current_supplier,pass
27,current_supplier,pass
28,current_supplier,pass
29,current_supplier,pass
30,current_supplier,pass
31,current_supplier,pass
32,current_supplier,pass
33,current_supplier,pass
34,current_supplier,pass
35,current_supplier,pass
36,current_supplier,pass
37,current_supplier,pass
38,current_supplier,pass
39,current_supplier,pass
40,current_supplier,pass
41,current_supplier,pass
42,current_supplier,pass
43,current_supplier,pass
44,current_supplier,pass
45,current_supplier,pass
46,current_supplier,pass
47,current_supplier,pass
48,current_supplier,pass
49,current_supplier,pass
50,current_supplier,pass
51,current_supplier,pass
52,current_supplier,pass
53,current_supplier,pass
54,current_supplier,pass
55,current_supplier,pass
56,current_supplier,pass
57,current_supplier,pass
58,current_supplier,pass
59,current_supplier,pass
60,current_supplier,pass
61,current_supplier,pass
62,current_supplier,pass
63,current_supplier,pass
64,current_supplier,pass
65,current_supplier,pass
66,current_supplier,pass
67,current_supplier,pass
68,current_supplier,pass
69,current_supplier,pass
70,current_supplier,pass
71,current_supplier,pass
72,current_supplier,pass
73,current_supplier,pass
74,current_supplier,pass
75,current_supplier,pass
76,current_supplier,pass
77,current_supplier,pass
78,current_supplier,pass
79,current_supplier,pass
80,current_supplier,pass
81,current_supplier,pass
82,current_supplier,pass
83,current_supplier,pass
84,current_supplier,pass
85,current_supplier,pass
86,current_supplier,pass
87,current_supplier,pass
88,current_supplier,pass
89,current_supplier,pass
90,current_supplier,pass
91,current_supplier,pass
92,current_supplier,pass
93,current_supplier,pass
94,current_supplier,pass
95,current_supplier,pass
96,current_supplier,pass
97,current_supplier,pass
98,current_supplier,pass
99,current_supplier,pass
100,current_supplier,pass
101,current_supplier,pass
102,current_supplier,pass
103,current_supplier,pass
104,current_supplier,pass
105,current_supplier,pass
106,current_supplier,pass
107,current_supplier,pass
108,current_supplier,pass
109,current_supplier,pass
110,current_supplier,pass
111,current_supplier,pass
112,current_supplier,pass
113,current_supplier,pass
114,current_supplier,pass
115,current_supplier,pass
116,current_supplier,pass
117,current_supplier,pass
118,current_supplier,pass
119,current_supplier,pass
120,current_supplier,pass
121,current_supplier,pass
122,current_supplier,pass
123,current_supplier,pass
124,current_supplier,pass
125,current_supplier,pass
126,current_supplier,pass
127,current_supplier,pass
128,current_supplier,pass
129,current_supplier,pass
130,current_supplier,pass
131,current_supplier,pass
132,current_supplier,pass
133,current_supplier,pass
134,current_supplier,pass
135,current_supplier,pass
136,current_supplier,pass
137,current_supplier,pass
138,current_supplier,pass
139,current_supplier,pass
140,current_supplier,pass
141,current_supplier,pass
142,current_supplier,pass
143,current_supplier,pass
144,current_supplier,pass
145,current_supplier,pass
146,current_supplier,pass
147,current_supplier,pass
148,current_supplier,pass
149,current_supplier,pass
150,current_supplier,pass
151,current_supplier,pass
152,current_supplier,pass
153,current_supplier,pass
154,current_supplier,pass
155,current_supplier,pass
156,current_supplier,pass
157,current_supplier,pass
158,current_supplier,pass
159,current_supplier,pass
160,current_supplier,pass
161,current_supplier,pass
162,current_supplier,pass
163,current_supplier,pass
164,current_supplier,pass
165,current_supplier,pass
166,current_supplier,pass
167,current_supplier,pass
168,current_supplier,pass
169,current_supplier,pass
170,current_supplier,pass
171,current_supplier,pass
172,current_supplier,pass
173,current_supplier,pass
174,current_supplier,pass
175,current_supplier,pass
176,current_supplier,pass
177,current_supplier,pass
178,current_supplier,pass
179,current_supplier,pass
180,current_supplier,pass
181,current_supplier,pass
182,current_supplier,pass
183,current_supplier,pass
184,current_supplier,pass
185,current_supplier,pass
186,current_supplier,pass
187,current_supplier,pass
188,current_supplier,pass
189,current_supplier,pass
190,current_supplier,pass
191,current_supplier,pass
192,current_supplier,pass
193,current_supplier,pass
194,current_supplier,pass
195,current_supplier,pass
196,current_supplier,pass
197,current_supplier,pass
198,current_supplier,pass
199,current_supplier,pass
200,current_supplier,pass
201,current_supplier,pass
202,current_supplier,pass
203,current_supplier,pass
204,current_supplier,pass
205,current_supplier,pass
206,current_supplier,pass
207,current_supplier,pass
208,current_supplier,pass
209,current_supplier,pass
210,current_supplier,pass
211,current_supplier,pass
212,current_supplier,pass
213,current_supplier,pass
214,current_supplier,pass
215,current_supplier,pass
216,current_supplier,pass
217,current_supplier,pass
218,current_supplier,pass
219,current_supplier,pass
220,current_supplier,pass
221,current_supplier,pass
222,current_supplier,pass
223,current_supplier,pass
224,current_supplier,pass
225,current_supplier,pass
226,current_supplier,pass
227,current_supplier,pass
228,current_supplier,pass
229,current_supplier,pass
230,current_supplier,pass
231,current_supplier,pass
232,current_supplier,pass
233,current_supplier,pass
234,current_supplier,pass
235,current_supplier,pass
236,current_supplier,pass
237,current_supplier,pass
238,current_supplier,pass
239,current_supplier,pass
240,current_supplier,pass
241,current_supplier,pass
242,current_supplier,pass
243,current_supplier,pass
244,current_supplier,pass
245,current_supplier,pass
246,current_supplier,pass
247,current_supplier,pass
248,current_supplier,pass
249,current_supplier,pass
250,current_supplier,pass
251,current_supplier,pass
252,current_supplier,pass
253,current_supplier,pass
254,current_supplier,pass
255,current_supplier,pass
256,current_supplier,pass
257,current_supplier,pass
258,current_supplier,pass
259,current_supplier,pass
260,current_supplier,pass
261,current_supplier,pass
262,current_supplier,pass
263,current_supplier,pass
264,current_supplier,pass
265,current_supplier,pass
266,current_supplier,pass
267,current_supplier,pass
268,current_supplier,pass
269,current_supplier,pass
270,current_supplier,pass
271,current_supplier,pass
272,current_supplier,pass
273,current_supplier,pass
274,current_supplier,pass
275,current_supplier,pass
276,current_supplier,pass
277,current_supplier,pass
278,current_supplier,pass
279,current_supplier,pass
280,current_supplier,pass
281,current_supplier,pass
282,current_supplier,pass
283,current_supplier,pass
284,current_supplier,pass
285,current_supplier,pass
286,current_supplier,pass
287,current_supplier,pass
288,current_supplier,pass
289,current_supplier,pass
290,current_supplier,pass
291,current_supplier,pass
292,current_supplier,pass
293,current_supplier,pass
294,current_supplier,pass
295,current_supplier,pass
296,current_supplier,pass
297,current_supplier,pass
298,current_supplier,pass
299,current_supplier,pass
300,current_supplier,pass
301,current_supplier,pass
302,current_supplier,pass
303,current_supplier,pass
304,current_supplier,pass
305,current_supplier,pass
306,current_supplier,pass
307,current_supplier,pass
308,current_supplier,pass
309,current_supplier,pass
310,current_supplier,pass
311,current_supplier,pass
312,current_supplier,pass
313,current_supplier,pass
314,current_supplier,pass
315,current_supplier,pass
316,current_supplier,pass
317,current_supplier,pass
318,current_supplier,pass
319,current_supplier,pass
320,current_supplier,pass
321,current_supplier,pass
322,current_supplier,pass
323,current_supplier,pass
324,current_supplier,pass
325,current_supplier,pass
326,current_supplier,pass
327,current_supplier,pass
328,current_supplier,pass
329,current_supplier,pass
330,current_supplier,pass
331,current_supplier,pass
332,current_supplier,pass
333,current_supplier,pass
334,current_supplier,pass
335,current_supplier,pass
336,current_supplier,pass
337,current_supplier,pass
338,current_supplier,pass
339,current_supplier,pass
340,current_supplier,pass
341,current_supplier,pass
342,current_supplier,pass
343,current_supplier,pass
344,current_supplier,pass
345,current_supplier,pass
346,current_supplier,pass
347,current_supplier,pass
348,current_supplier,pass
349,current_supplier,pass
350,current_supplier,pass
351,current_supplier,pass
352,current_supplier,pass
353,current_supplier,pass
354,current_supplier,pass
355,current_supplier,pass
356,current_supplier,pass
357,current_supplier,pass
358,current_supplier,pass
359,current_supplier,pass
360,current_supplier,pass
361,current_supplier,pass
362,current_supplier,pass
363,current_supplier,pass
364,current_supplier,pass
365,current_supplier,pass
366,current_supplier,pass
367,current_supplier,pass
368,current_supplier,pass
369,current_supplier,pass
370,current_supplier,pass
371,current_supplier,pass
372,current_supplier,pass
373,current_supplier,pass
374,current_supplier,pass
375,current_supplier,pass
376,current_supplier,pass
377,current_supplier,pass
378,current_supplier,pass
379,current_supplier,pass
380,current_supplier,pass
381,current_supplier,pass
382,current_supplier,pass
383,current_supplier,pass
384,current_supplier,pass
385,current_supplier,pass
386,current_supplier,pass
387,current_supplier,pass
388,current_supplier,pass
389,current_supplier,pass
390,current_supplier,pass
391,current_supplier,pass
392,current_supplier,pass
393,current_supplier,pass
394,current_supplier,pass
395,current_supplier,pass
396,current_supplier,pass
397,current_supplier,pass
398,current_supplier,pass
399,current_supplier,pass
400,current_supplier,pass
401,current_supplier,pass
402,current_supplier,pass
403,current_supplier,pass
404,current_supplier,pass
405,current_supplier,pass
406,current_supplier,pass
407,current_supplier,pass
408,current_supplier,pass
409,current_supplier,pass
410,current_supplier,pass
411,current_supplier,pass
412,current_supplier,pass
413,current_supplier,pass
414,current_supplier,pass
415,current_supplier,pass
416,current_supplier,pass
417,current_supplier,pass
418,current_supplier,pass
419,current_supplier,pass
420,current_supplier,pass
421,current_supplier,pass
422,current_supplier,pass
423,current_supplier,pass
424,current_supplier,pass
425,current_supplier,pass
426,current_supplier,pass
427,current_supplier,pass
428,current_supplier,pass
429,current_supplier,pass
430,current_supplier,pass
431,current_supplier,pass
432,current_supplier,pass
433,current_supplier,pass
434,current_supplier,pass
435,current_supplier,pass
436,current_supplier,pass
437,current_supplier,pass
438,current_supplier,pass
439,current_supplier,pass
440,current_supplier,pass
441,current_supplier,pass
442,current_supplier,pass
443,current_supplier,pass
444,current_supplier,pass
445,current_supplier,pass
446,current_supplier,pass
447,current_supplier,pass
448,current_supplier,pass
449,current_supplier,pass
450,current_supplier,pass
451,current_supplier,pass
452,current_supplier,pass
453,current_supplier,pass
454,current_supplier,pass
455,current_supplier,pass
456,current_supplier,pass
457,current_supplier,pass
458,current_supplier,pass
459,current_supplier,pass
460,current_supplier,pass
461,current_supplier,pass
462,current_supplier,pass
463,current_supplier,pass
464,current_supplier,pass
465,current_supplier,pass
466,current_supplier,pass
467,current_supplier,pass
468,current_supplier,pass
469,current_supplier,pass
470,current_supplier,pass
471,current_supplier,pass
472,current_supplier,pass
473,current_supplier,pass
474,current_supplier,pass
475,current_supplier,pass
476,current_supplier,pass
477,current_supplier,pass
478,current_supplier,pass
479,current_supplier,pass
480,current_supplier,pass
481,current_supplier,pass
482,current_supplier,pass
483,current_supplier,pass
484,current_supplier,pass
485,current_supplier,pass
486,current_supplier,pass
487,current_supplier,pass
488,current_supplier,pass
489,current_supplier,pass
490,current_supplier,pass
491,current_supplier,pass
492,current_supplier,pass
493,current_supplier,pass
494,current_supplier,pass
495,current_supplier,pass
496,current_supplier,pass
497,current_supplier,pass
498,current_supplier,pass
499,current_supplier,pass
500,current_supplier,pass
501,current_supplier,pass
502,current_supplier,pass
503,current_supplier,pass
504,current_supplier,pass
505,current_supplier,pass
506,current_supplier,pass
507,current_supplier,pass
508,current_supplier,pass
509,current_supplier,pass
510,current_supplier,pass
511,current_supplier,pass
512,current_supplier,pass
513,current_supplier,pass
514,current_supplier,pass
515,current_supplier,pass
516,current_supplier,pass
517,current_supplier,pass
518,current_supplier,pass
519,current_supplier,pass
520,current_supplier,pass
521,current_supplier,pass
522,current_supplier,pass
523,current_supplier,pass
524,current_supplier,pass
525,current_supplier,pass
526,current_supplier,pass
527,current_supplier,pass
528,current_supplier,pass
529,current_supplier,pass
530,current_supplier,pass
531,current_supplier,pass
532,current_supplier,pass
533,current_supplier,pass
534,current_supplier,pass
535,current_supplier,pass
536,current_supplier,pass
537,current_supplier,pass
538,current_supplier,pass
539,current_supplier,pass
540,current_supplier,pass
541,current_supplier,pass
542,current_supplier,pass
543,current_supplier,pass
544,current_supplier,pass
545,current_supplier,pass
546,current_supplier,pass
547,current_supplier,pass
548,current_supplier,pass
549,current_supplier,pass
550,current_supplier,pass
551,current_supplier,pass
552,current_supplier,pass
553,current_supplier,pass
554,current_supplier,pass
555,current_supplier,pass
556,current_supplier,pass
557,current_supplier,pass
558,current_supplier,pass
559,current_supplier,pass
560,current_supplier,pass
561,current_supplier,pass
562,current_supplier,pass
563,current_supplier,pass
564,current_supplier,pass
565,current_supplier,pass
566,current_supplier,pass
567,current_supplier,pass
568,current_supplier,pass
569,current_supplier,pass
570,current_supplier,pass
571,current_supplier,pass
572,current_supplier,pass
573,current_supplier,pass
574,current_supplier,pass
575,current_supplier,pass
576,current_supplier,pass
577,current_supplier,pass
578,current_supplier,pass
579,current_supplier,pass
580,current_supplier,pass
581,current_supplier,pass
582,current_supplier,pass
583,current_supplier,pass
584,current_supplier,pass
585,current_supplier,pass
586,current_supplier,pass
587,current_supplier,pass
588,current_supplier,pass
589,current_supplier,pass
590,current_supplier,pass
591,current_supplier,pass
592,current_supplier,pass
593,current_supplier,pass
594,current_supplier,pass
595,current_supplier,pass
596,current_supplier,pass
597,current_supplier,pass
598,current_supplier,pass
599,current_supplier,pass
600,current_supplier,pass
601,current_supplier,pass
602,current_supplier,pass
603,current_supplier,pass
604,current_supplier,pass
605,current_supplier,pass
606,current_supplier,pass
607,current_supplier,pass
608,current_supplier,pass
609,current_supplier,pass
610,current_supplier,pass
611,current_supplier,pass
612,current_supplier,pass
613,current_supplier,pass
614,current_supplier,pass
615,current_supplier,pass
616,current_supplier,pass
617,current_supplier,pass
618,current_supplier,pass
619,current_supplier,pass
620,current_supplier,pass
621,current_supplier,pass
622,current_supplier,pass
623,current_supplier,pass
624,current_supplier,pass
625,current_supplier,pass
626,current_supplier,pass
627,current_supplier,pass
628,current_supplier,pass
629,current_supplier,pass
630,current_supplier,pass
631,current_supplier,pass
632,current_supplier,pass
633,current_supplier,pass
634,current_supplier,pass
635,current_supplier,pass
636,current_supplier,pass
637,current_supplier,pass
638,current_supplier,pass
639,current_supplier,pass
640,current_supplier,pass
641,current_supplier,pass
642,current_supplier,pass
643,current_supplier,pass
644,current_supplier,pass
645,current_supplier,pass
646,current_supplier,pass
647,current_supplier,pass
648,current_supplier,pass
649,current_supplier,pass
650,current_supplier,pass
651,current_supplier,pass
652,current_supplier,pass
653,current_supplier,pass
654,current_supplier,pass
655,current_supplier,pass
656,current_supplier,pass
657,current_supplier,pass
658,current_supplier,pass
659,current_supplier,pass
660,current_supplier,pass
661,current_supplier,pass
662,current_supplier,pass
663,current_supplier,pass
664,current_supplier,pass
665,current_supplier,pass
666,current_supplier,pass
667,current_supplier,pass
668,current_supplier,pass
669,current_supplier,pass
670,current_supplier,pass
671,current_supplier,pass
672,current_supplier,pass
673,current_supplier,pass
674,current_supplier,pass
675,current_supplier,pass
676,current_supplier,pass
677,current_supplier,pass
678,current_supplier,pass
679,current_supplier,pass
680,current_supplier,pass
681,current_supplier,pass
682,current_supplier,pass
683,current_supplier,pass
684,current_supplier,pass
685,current_supplier,pass
686,current_supplier,pass
687,current_supplier,pass
688,current_supplier,pass
689,current_supplier,pass
690,current_supplier,pass
691,current_supplier,pass
692,current_supplier,pass
693,current_supplier,pass
694,current_supplier,pass
695,current_supplier,pass
696,current_supplier,pass
697,current_supplier,pass
698,current_supplier,pass
699,current_supplier,pass
700,current_supplier,pass
701,current_supplier,pass
702,current_supplier,pass
703,current_supplier,pass
704,current_supplier,pass
705,current_supplier,pass
706,current_supplier,pass
707,current_supplier,pass
708,current_supplier,pass
709,current_supplier,pass
710,current_supplier,pass
711,current_supplier,pass
712,current_supplier,pass
713,current_supplier,pass
714,current_supplier,pass
715,current_supplier,pass
716,current_supplier,pass
717,current_supplier,pass
718,current_supplier,pass
719,current_supplier,pass
720,current_supplier,pass
721,current_supplier,pass
722,current_supplier,pass
723,current_supplier,pass
724,current_supplier,pass
725,current_supplier,pass
726,current_supplier,pass
727,current_supplier,pass
728,current_supplier,pass
729,current_supplier,pass
730,current_supplier,pass
731,current_supplier,pass
732,current_supplier,pass
733,current_supplier,pass
734,current_supplier,pass
735,current_supplier,pass
736,current_supplier,pass
737,current_supplier,pass
738,current_supplier,pass
739,current_supplier,pass
740,current_supplier,pass
741,current_supplier,pass
742,current_supplier,pass
743,current_supplier,pass
744,current_supplier,pass
745,current_supplier,pass
746,current_supplier,pass
747,current_supplier,pass
748,current_supplier,pass
749,current_supplier,pass
750,current_supplier,pass
751,current_supplier,pass
752,current_supplier,pass
753,current_supplier,pass
754,current_supplier,pass
755,current_supplier,pass
756,current_supplier,pass
757,current_supplier,pass
758,current_supplier,pass
759,current_supplier,pass
760,current_supplier,pass
761,current_supplier,pass
762,current_supplier,pass
763,current_supplier,pass
764,current_supplier,pass
765,current_supplier,pass
766,current_supplier,pass
767,current_supplier,pass
768,current_supplier,pass
769,current_supplier,pass
770,current_supplier,pass
771,current_supplier,pass
772,current_supplier,pass
773,current_supplier,pass
774,current_supplier,pass
775,current_supplier,pass
776,current_supplier,pass
777,current_supplier,pass
778,current_supplier,pass
779,current_supplier,pass
780,current_supplier,pass
781,current_supplier,pass
782,current_supplier,pass
783,current_supplier,pass
784,current_supplier,pass
785,current_supplier,pass
786,current_supplier,pass
787,current_supplier,pass
788,current_supplier,pass
789,current_supplier,pass
790,current_supplier,pass
791,current_supplier,pass
792,current_supplier,pass
793,current_supplier,pass
794,current_supplier,pass
795,current_supplier,pass
796,current_supplier,pass
797,current_supplier,pass
798,current_supplier,pass
799,current_supplier,pass
800,current_supplier,pass
801,current_supplier,pass
802,current_supplier,pass
803,current_supplier,pass
804,current_supplier,pass
805,current_supplier,pass
806,current_supplier,pass
807,current_supplier,pass
808,current_supplier,pass
809,current_supplier,pass
810,current_supplier,pass
811,current_supplier,pass
812,current_supplier,pass
813,current_supplier,pass
814,current_supplier,pass
815,current_supplier,pass
816,current_supplier,pass
817,current_supplier,pass
818,current_supplier,pass
819,current_supplier,pass
820,current_supplier,pass
821,current_supplier,pass
822,current_supplier,pass
823,current_supplier,pass
824,current_supplier,pass
825,current_supplier,pass
826,current_supplier,pass
827,current_supplier,pass
828,current_supplier,pass
829,current_supplier,pass
830,current_supplier,pass
831,current_supplier,pass
832,current_supplier,pass
833,current_supplier,pass
834,current_supplier,pass
835,current_supplier,pass
836,current_supplier,pass
837,current_supplier,pass
838,current_supplier,pass
839,current_supplier,pass
840,current_supplier,pass
841,current_supplier,pass
842,current_supplier,pass
843,current_supplier,pass
844,current_supplier,pass
845,current_supplier,pass
846,current_supplier,pass
847,current_supplier,pass
848,current_supplier,pass
849,current_supplier,pass
850,current_supplier,pass
851,current_supplier,pass
852,current_supplier,pass
853,current_supplier,pass
854,current_supplier,pass
855,current_supplier,pass
856,current_supplier,pass
857,current_supplier,pass
858,current_supplier,pass
859,current_supplier,pass
860,current_supplier,pass
861,current_supplier,pass
862,current_supplier,pass
863,current_supplier,pass
864,current_supplier,pass
865,current_supplier,pass
866,current_supplier,pass
867,current_supplier,pass
868,current_supplier,pass
869,current_supplier,pass
870,current_supplier,pass
871,current_supplier,pass
872,current_supplier,pass
873,current_supplier,pass
874,current_supplier,pass
875,current_supplier,pass
876,current_supplier,pass
877,current_supplier,pass
878,current_supplier,pass
879,current_supplier,pass
880,current_supplier,pass
881,current_supplier,pass
882,current_supplier,pass
883,current_supplier,pass
884,current_supplier,pass
885,current_supplier,pass
886,current_supplier,pass
887,current_supplier,pass
888,current_supplier,pass
889,current_supplier,pass
890,current_supplier,pass
891,current_supplier,pass
892,current_supplier,pass
893,current_supplier,pass
894,current_supplier,pass
895,current_supplier,pass
896,current_supplier,pass
897,current_supplier,pass
898,current_supplier,pass
899,current_supplier,pass
900,current_supplier,fail
901,current_supplier,fail
902,current_supplier,fail
903,current_supplier,fail
904,current_supplier,fail
905,current_supplier,fail
906,current_supplier,fail
907,current_supplier,fail
908,current_supplier,fail
909,current_supplier,fail
910,current_supplier,fail
911,current_supplier,fail
912,current_supplier,fail
913,current_supplier,fail
914,current_supplier,fail
915,current_supplier,fail
916,current_supplier,fail
917,current_supplier,fail
918,current_supplier,fail
919,current_supplier,fail
920,current_supplier,fail
921,current_supplier,fail
922,current_supplier,fail
923,current_supplier,fail
924,current_supplier,fail
925,current_supplier,fail
926,current_supplier,fail
927,current_supplier,fail
928,current_supplier,fail
929,current_supplier,fail
930,current_supplier,fail
931,current_supplier,fail
932,current_supplier,fail
933,current_supplier,fail
934,current_supplier,fail
935,current_supplier,fail
936,current_supplier,fail
937,current_supplier,fail
938,current_supplier,fail
939,current_supplier,fail
940,current_supplier,fail
941,current_supplier,fail
942,current_supplier,fail
943,current_supplier,fail
944,current_supplier,fail
945,current_supplier,fail
946,current_supplier,fail
947,current_supplier,fail
948,current_supplier,fail
949,current_supplier,fail
950,current_supplier,fail
951,current_supplier,fail
952,current_supplier,fail
953,current_supplier,fail
954,current_supplier,fail
955,current_supplier,fail
956,current_supplier,fail
957,current_supplier,fail
958,current_supplier,fail
959,current_supplier,fail
960,current_supplier,fail
961,current_supplier,fail
962,current_supplier,fail
963,current_supplier,fail
964,current_supplier,fail
965,current_supplier,fail
966,current_supplier,fail
967,current_supplier,fail
968,current_supplier,fail
969,current_supplier,fail
970,current_supplier,fail
971,current_supplier,fail
972,current_supplier,fail
973,current_supplier,fail
974,current_supplier,fail
975,current_supplier,fail
976,current_supplier,fail
977,current_supplier,fail
978,current_supplier,fail
979,current_supplier,fail
980,current_supplier,fail
981,current_supplier,fail
982,current_supplier,fail
983,current_supplier,fail
984,current_supplier,fail
985,current_supplier,fail
986,current_supplier,fail
987,current_supplier,fail
988,current_supplier,fail
989,current_supplier,fail
990,current_supplier,fail
991,current_supplier,fail
992,current_supplier,fail
993,current_supplier,fail
994,current_supplier,fail
995,current_supplier,fail
996,current_supplier,fail
997,current_supplier,fail
998,current_supplier,fail
999,current_supplier,fail
1000,current_supplier,fail
1001,prospective_supplier,pass
1002,prospective_supplier,pass
1003,prospective_supplier,pass
1004,prospective_supplier,pass
1005,prospective_supplier,pass
1006,prospective_supplier,pass
1007,prospective_supplier,pass
1008,prospective_supplier,pass
1009,prospective_supplier,pass
1010,prospective_supplier,pass
1011,prospective_supplier,pass
1012,prospective_supplier,pass
1013,prospective_supplier,pass
1014,prospective_supplier,pass
1015,prospective_supplier,pass
1016,prospective_supplier,pass
1017,prospective_supplier,pass
1018,prospective_supplier,pass
1019,prospective_supplier,pass
1020,prospective_supplier,pass
1021,prospective_supplier,pass
1022,prospective_supplier,pass
1023,prospective_supplier,pass
1024,prospective_supplier,pass
1025,prospective_supplier,pass
1026,prospective_supplier,pass
1027,prospective_supplier,pass
1028,prospective_supplier,pass
1029,prospective_supplier,pass
1030,prospective_supplier,pass
1031,prospective_supplier,pass
1032,prospective_supplier,pass
1033,prospective_supplier,pass
1034,prospective_supplier,pass
1035,prospective_supplier,pass
1036,prospective_supplier,pass
1037,prospective_supplier,pass
1038,prospective_supplier,pass
1039,prospective_supplier,pass
1040,prospective_supplier,pass
1041,prospective_supplier,pass
1042,prospective_supplier,pass
1043,prospective_supplier,pass
1044,prospective_supplier,pass
1045,prospective_supplier,pass
1046,prospective_supplier,pass
1047,prospective_supplier,pass
1048,prospective_supplier,pass
1049,prospective_supplier,pass
1050,prospective_supplier,pass
1051,prospective_supplier,pass
1052,prospective_supplier,pass
1053,prospective_supplier,pass
1054,prospective_supplier,pass
1055,prospective_supplier,pass
1056,prospective_supplier,pass
1057,prospective_supplier,pass
1058,prospective_supplier,pass
1059,prospective_supplier,pass
1060,prospective_supplier,pass
1061,prospective_supplier,pass
1062,prospective_supplier,pass
1063,prospective_supplier,pass
1064,prospective_supplier,pass
1065,prospective_supplier,pass
1066,prospective_supplier,pass
1067,prospective_supplier,pass
1068,prospective_supplier,pass
1069,prospective_supplier,pass
1070,prospective_supplier,pass
1071,prospective_supplier,pass
1072,prospective_supplier,pass
1073,prospective_supplier,pass
1074,prospective_supplier,pass
1075,prospective_supplier,pass
1076,prospective_supplier,pass
1077,prospective_supplier,pass
1078,prospective_supplier,pass
1079,prospective_supplier,pass
1080,prospective_supplier,pass
1081,prospective_supplier,pass
1082,prospective_supplier,pass
1083,prospective_supplier,pass
1084,prospective_supplier,pass
1085,prospective_supplier,pass
1086,prospective_supplier,pass
1087,prospective_supplier,pass
1088,prospective_supplier,pass
1089,prospective_supplier,pass
1090,prospective_supplier,pass
1091,prospective_supplier,pass
1092,prospective_supplier,pass
1093,prospective_supplier,pass
1094,prospective_supplier,pass
1095,prospective_supplier,pass
1096,prospective_supplier,pass
1097,prospective_supplier,pass
1098,prospective_supplier,pass
1099,prospective_supplier,pass
1100,prospective_supplier,pass
1101,prospective_supplier,pass
1102,prospective_supplier,pass
1103,prospective_supplier,pass
1104,prospective_supplier,pass
1105,prospective_supplier,pass
1106,prospective_supplier,pass
1107,prospective_supplier,pass
1108,prospective_supplier,pass
1109,prospective_supplier,pass
1110,prospective_supplier,pass
1111,prospective_supplier,pass
1112,prospective_supplier,pass
1113,prospective_supplier,pass
1114,prospective_supplier,pass
1115,prospective_supplier,pass
1116,prospective_supplier,pass
1117,prospective_supplier,pass
1118,prospective_supplier,pass
1119,prospective_supplier,pass
1120,prospective_supplier,pass
1121,prospective_supplier,pass
1122,prospective_supplier,pass
1123,prospective_supplier,pass
1124,prospective_supplier,pass
1125,prospective_supplier,pass
1126,prospective_supplier,pass
1127,prospective_supplier,pass
1128,prospective_supplier,pass
1129,prospective_supplier,pass
1130,prospective_supplier,pass
1131,prospective_supplier,pass
1132,prospective_supplier,pass
1133,prospective_supplier,pass
1134,prospective_supplier,pass
1135,prospective_supplier,pass
1136,prospective_supplier,pass
1137,prospective_supplier,pass
1138,prospective_supplier,pass
1139,prospective_supplier,pass
1140,prospective_supplier,pass
1141,prospective_supplier,pass
1142,prospective_supplier,pass
1143,prospective_supplier,pass
1144,prospective_supplier,pass
1145,prospective_supplier,pass
1146,prospective_supplier,pass
1147,prospective_supplier,pass
1148,prospective_supplier,pass
1149,prospective_supplier,pass
1150,prospective_supplier,pass
1151,prospective_supplier,pass
1152,prospective_supplier,pass
1153,prospective_supplier,pass
1154,prospective_supplier,pass
1155,prospective_supplier,pass
1156,prospective_supplier,pass
1157,prospective_supplier,pass
1158,prospective_supplier,pass
1159,prospective_supplier,pass
1160,prospective_supplier,pass
1161,prospective_supplier,pass
1162,prospective_supplier,pass
1163,prospective_supplier,pass
1164,prospective_supplier,pass
1165,prospective_supplier,pass
1166,prospective_supplier,pass
1167,prospective_supplier,pass
1168,prospective_supplier,pass
1169,prospective_supplier,pass
1170,prospective_supplier,pass
1171,prospective_supplier,pass
1172,prospective_supplier,pass
1173,prospective_supplier,pass
1174,prospective_supplier,pass
1175,prospective_supplier,pass
1176,prospective_supplier,pass
1177,prospective_supplier,pass
1178,prospective_supplier,pass
1179,prospective_supplier,pass
1180,prospective_supplier,pass
1181,prospective_supplier,pass
1182,prospective_supplier,pass
1183,prospective_supplier,pass
1184,prospective_supplier,pass
1185,prospective_supplier,pass
1186,prospective_supplier,pass
1187,prospective_supplier,pass
1188,prospective_supplier,pass
1189,prospective_supplier,pass
1190,prospective_supplier,pass
1191,prospective_supplier,pass
1192,prospective_supplier,pass
1193,prospective_supplier,pass
1194,prospective_supplier,pass
1195,prospective_supplier,pass
1196,prospective_supplier,pass
1197,prospective_supplier,pass
1198,prospective_supplier,pass
1199,prospective_supplier,pass
1200,prospective_supplier,pass
1201,prospective_supplier,pass
1202,prospective_supplier,pass
1203,prospective_supplier,pass
1204,prospective_supplier,pass
1205,prospective_supplier,pass
1206,prospective_supplier,pass
1207,prospective_supplier,pass
1208,prospective_supplier,pass
1209,prospective_supplier,pass
1210,prospective_supplier,pass
1211,prospective_supplier,pass
1212,prospective_supplier,pass
1213,prospective_supplier,pass
1214,prospective_supplier,pass
1215,prospective_supplier,pass
1216,prospective_supplier,pass
1217,prospective_supplier,pass
1218,prospective_supplier,pass
1219,prospective_supplier,pass
1220,prospective_supplier,pass
1221,prospective_supplier,pass
1222,prospective_supplier,pass
1223,prospective_supplier,pass
1224,prospective_supplier,pass
1225,prospective_supplier,pass
1226,prospective_supplier,pass
1227,prospective_supplier,pass
1228,prospective_supplier,pass
1229,prospective_supplier,pass
1230,prospective_supplier,pass
1231,prospective_supplier,pass
1232,prospective_supplier,pass
1233,prospective_supplier,pass
1234,prospective_supplier,pass
1235,prospective_supplier,pass
1236,prospective_supplier,pass
1237,prospective_supplier,pass
1238,prospective_supplier,pass
1239,prospective_supplier,pass
1240,prospective_supplier,pass
1241,prospective_supplier,pass
1242,prospective_supplier,pass
1243,prospective_supplier,pass
1244,prospective_supplier,pass
1245,prospective_supplier,pass
1246,prospective_supplier,pass
1247,prospective_supplier,pass
1248,prospective_supplier,pass
1249,prospective_supplier,pass
1250,prospective_supplier,pass
1251,prospective_supplier,pass
1252,prospective_supplier,pass
1253,prospective_supplier,pass
1254,prospective_supplier,pass
1255,prospective_supplier,pass
1256,prospective_supplier,pass
1257,prospective_supplier,pass
1258,prospective_supplier,pass
1259,prospective_supplier,pass
1260,prospective_supplier,pass
1261,prospective_supplier,pass
1262,prospective_supplier,pass
1263,prospective_supplier,pass
1264,prospective_supplier,pass
1265,prospective_supplier,pass
1266,prospective_supplier,pass
1267,prospective_supplier,pass
1268,prospective_supplier,pass
1269,prospective_supplier,pass
1270,prospective_supplier,pass
1271,prospective_supplier,pass
1272,prospective_supplier,pass
1273,prospective_supplier,pass
1274,prospective_supplier,pass
1275,prospective_supplier,pass
1276,prospective_supplier,pass
1277,prospective_supplier,pass
1278,prospective_supplier,pass
1279,prospective_supplier,pass
1280,prospective_supplier,pass
1281,prospective_supplier,pass
1282,prospective_supplier,pass
1283,prospective_supplier,pass
1284,prospective_supplier,pass
1285,prospective_supplier,pass
1286,prospective_supplier,pass
1287,prospective_supplier,pass
1288,prospective_supplier,pass
1289,prospective_supplier,pass
1290,prospective_supplier,pass
1291,prospective_supplier,pass
1292,prospective_supplier,pass
1293,prospective_supplier,pass
1294,prospective_supplier,pass
1295,prospective_supplier,pass
1296,prospective_supplier,pass
1297,prospective_supplier,pass
1298,prospective_supplier,pass
1299,prospective_supplier,pass
1300,prospective_supplier,pass
1301,prospective_supplier,pass
1302,prospective_supplier,pass
1303,prospective_supplier,pass
1304,prospective_supplier,pass
1305,prospective_supplier,pass
1306,prospective_supplier,pass
1307,prospective_supplier,pass
1308,prospective_supplier,pass
1309,prospective_supplier,pass
1310,prospective_supplier,pass
1311,prospective_supplier,pass
1312,prospective_supplier,pass
1313,prospective_supplier,pass
1314,prospective_supplier,pass
1315,prospective_supplier,pass
1316,prospective_supplier,pass
1317,prospective_supplier,pass
1318,prospective_supplier,pass
1319,prospective_supplier,pass
1320,prospective_supplier,pass
1321,prospective_supplier,pass
1322,prospective_supplier,pass
1323,prospective_supplier,pass
1324,prospective_supplier,pass
1325,prospective_supplier,pass
1326,prospective_supplier,pass
1327,prospective_supplier,pass
1328,prospective_supplier,pass
1329,prospective_supplier,pass
1330,prospective_supplier,pass
1331,prospective_supplier,pass
1332,prospective_supplier,pass
1333,prospective_supplier,pass
1334,prospective_supplier,pass
1335,prospective_supplier,pass
1336,prospective_supplier,pass
1337,prospective_supplier,pass
1338,prospective_supplier,pass
1339,prospective_supplier,pass
1340,prospective_supplier,pass
1341,prospective_supplier,pass
1342,prospective_supplier,pass
1343,prospective_supplier,pass
1344,prospective_supplier,pass
1345,prospective_supplier,pass
1346,prospective_supplier,pass
1347,prospective_supplier,pass
1348,prospective_supplier,pass
1349,prospective_supplier,pass
1350,prospective_supplier,pass
1351,prospective_supplier,pass
1352,prospective_supplier,pass
1353,prospective_supplier,pass
1354,prospective_supplier,pass
1355,prospective_supplier,pass
1356,prospective_supplier,pass
1357,prospective_supplier,pass
1358,prospective_supplier,pass
1359,prospective_supplier,pass
1360,prospective_supplier,pass
1361,prospective_supplier,pass
1362,prospective_supplier,pass
1363,prospective_supplier,pass
1364,prospective_supplier,pass
1365,prospective_supplier,pass
1366,prospective_supplier,pass
1367,prospective_supplier,pass
1368,prospective_supplier,pass
1369,prospective_supplier,pass
1370,prospective_supplier,pass
1371,prospective_supplier,pass
1372,prospective_supplier,pass
1373,prospective_supplier,pass
1374,prospective_supplier,pass
1375,prospective_supplier,pass
1376,prospective_supplier,pass
1377,prospective_supplier,pass
1378,prospective_supplier,pass
1379,prospective_supplier,pass
1380,prospective_supplier,pass
1381,prospective_supplier,pass
1382,prospective_supplier,pass
1383,prospective_supplier,pass
1384,prospective_supplier,pass
1385,prospective_supplier,pass
1386,prospective_supplier,pass
1387,prospective_supplier,pass
1388,prospective_supplier,pass
1389,prospective_supplier,pass
1390,prospective_supplier,pass
1391,prospective_supplier,pass
1392,prospective_supplier,pass
1393,prospective_supplier,pass
1394,prospective_supplier,pass
1395,prospective_supplier,pass
1396,prospective_supplier,pass
1397,prospective_supplier,pass
1398,prospective_supplier,pass
1399,prospective_supplier,pass
1400,prospective_supplier,pass
1401,prospective_supplier,pass
1402,prospective_supplier,pass
1403,prospective_supplier,pass
1404,prospective_supplier,pass
1405,prospective_supplier,pass
1406,prospective_supplier,pass
1407,prospective_supplier,pass
1408,prospective_supplier,pass
1409,prospective_supplier,pass
1410,prospective_supplier,pass
1411,prospective_supplier,pass
1412,prospective_supplier,pass
1413,prospective_supplier,pass
1414,prospective_supplier,pass
1415,prospective_supplier,pass
1416,prospective_supplier,pass
1417,prospective_supplier,pass
1418,prospective_supplier,pass
1419,prospective_supplier,pass
1420,prospective_supplier,pass
1421,prospective_supplier,pass
1422,prospective_supplier,pass
1423,prospective_supplier,pass
1424,prospective_supplier,pass
1425,prospective_supplier,pass
1426,prospective_supplier,pass
1427,prospective_supplier,pass
1428,prospective_supplier,pass
1429,prospective_supplier,pass
1430,prospective_supplier,pass
1431,prospective_supplier,pass
1432,prospective_supplier,pass
1433,prospective_supplier,pass
1434,prospective_supplier,pass
1435,prospective_supplier,pass
1436,prospective_supplier,pass
1437,prospective_supplier,pass
1438,prospective_supplier,pass
1439,prospective_supplier,pass
1440,prospective_supplier,pass
1441,prospective_supplier,pass
1442,prospective_supplier,pass
1443,prospective_supplier,pass
1444,prospective_supplier,pass
1445,prospective_supplier,pass
1446,prospective_supplier,pass
1447,prospective_supplier,pass
1448,prospective_supplier,pass
1449,prospective_supplier,pass
1450,prospective_supplier,pass
1451,prospective_supplier,pass
1452,prospective_supplier,pass
1453,prospective_supplier,pass
1454,prospective_supplier,pass
1455,prospective_supplier,pass
1456,prospective_supplier,pass
1457,prospective_supplier,pass
1458,prospective_supplier,pass
1459,prospective_supplier,pass
1460,prospective_supplier,pass
1461,prospective_supplier,pass
1462,prospective_supplier,pass
1463,prospective_supplier,pass
1464,prospective_supplier,pass
1465,prospective_supplier,pass
1466,prospective_supplier,pass
1467,prospective_supplier,pass
1468,prospective_supplier,pass
1469,prospective_supplier,pass
1470,prospective_supplier,pass
1471,prospective_supplier,pass
1472,prospective_supplier,pass
1473,prospective_supplier,pass
1474,prospective_supplier,pass
1475,prospective_supplier,pass
1476,prospective_supplier,pass
1477,prospective_supplier,pass
1478,prospective_supplier,pass
1479,prospective_supplier,pass
1480,prospective_supplier,pass
1481,prospective_supplier,pass
1482,prospective_supplier,pass
1483,prospective_supplier,pass
1484,prospective_supplier,pass
1485,prospective_supplier,pass
1486,prospective_supplier,pass
1487,prospective_supplier,pass
1488,prospective_supplier,pass
1489,prospective_supplier,pass
1490,prospective_supplier,pass
1491,prospective_supplier,pass
1492,prospective_supplier,pass
1493,prospective_supplier,pass
1494,prospective_supplier,pass
1495,prospective_supplier,pass
1496,prospective_supplier,pass
1497,prospective_supplier,pass
1498,prospective_supplier,pass
1499,prospective_supplier,pass
1500,prospective_supplier,pass
1501,prospective_supplier,pass
1502,prospective_supplier,pass
1503,prospective_supplier,pass
1504,prospective_supplier,pass
1505,prospective_supplier,pass
1506,prospective_supplier,pass
1507,prospective_supplier,pass
1508,prospective_supplier,pass
1509,prospective_supplier,pass
1510,prospective_supplier,pass
1511,prospective_supplier,pass
1512,prospective_supplier,pass
1513,prospective_supplier,pass
1514,prospective_supplier,pass
1515,prospective_supplier,pass
1516,prospective_supplier,pass
1517,prospective_supplier,pass
1518,prospective_supplier,pass
1519,prospective_supplier,pass
1520,prospective_supplier,pass
1521,prospective_supplier,pass
1522,prospective_supplier,pass
1523,prospective_supplier,pass
1524,prospective_supplier,pass
1525,prospective_supplier,pass
1526,prospective_supplier,pass
1527,prospective_supplier,pass
1528,prospective_supplier,pass
1529,prospective_supplier,pass
1530,prospective_supplier,pass
1531,prospective_supplier,pass
1532,prospective_supplier,pass
1533,prospective_supplier,pass
1534,prospective_supplier,pass
1535,prospective_supplier,pass
1536,prospective_supplier,pass
1537,prospective_supplier,pass
1538,prospective_supplier,pass
1539,prospective_supplier,pass
1540,prospective_supplier,pass
1541,prospective_supplier,pass
1542,prospective_supplier,pass
1543,prospective_supplier,pass
1544,prospective_supplier,pass
1545,prospective_supplier,pass
1546,prospective_supplier,pass
1547,prospective_supplier,pass
1548,prospective_supplier,pass
1549,prospective_supplier,pass
1550,prospective_supplier,pass
1551,prospective_supplier,pass
1552,prospective_supplier,pass
1553,prospective_supplier,pass
1554,prospective_supplier,pass
1555,prospective_supplier,pass
1556,prospective_supplier,pass
1557,prospective_supplier,pass
1558,prospective_supplier,pass
1559,prospective_supplier,pass
1560,prospective_supplier,pass
1561,prospective_supplier,pass
1562,prospective_supplier,pass
1563,prospective_supplier,pass
1564,prospective_supplier,pass
1565,prospective_supplier,pass
1566,prospective_supplier,pass
1567,prospective_supplier,pass
1568,prospective_supplier,pass
1569,prospective_supplier,pass
1570,prospective_supplier,pass
1571,prospective_supplier,pass
1572,prospective_supplier,pass
1573,prospective_supplier,pass
1574,prospective_supplier,pass
1575,prospective_supplier,pass
1576,prospective_supplier,pass
1577,prospective_supplier,pass
1578,prospective_supplier,pass
1579,prospective_supplier,pass
1580,prospective_supplier,pass
1581,prospective_supplier,pass
1582,prospective_supplier,pass
1583,prospective_supplier,pass
1584,prospective_supplier,pass
1585,prospective_supplier,pass
1586,prospective_supplier,pass
1587,prospective_supplier,pass
1588,prospective_supplier,pass
1589,prospective_supplier,pass
1590,prospective_supplier,pass
1591,prospective_supplier,pass
1592,prospective_supplier,pass
1593,prospective_supplier,pass
1594,prospective_supplier,pass
1595,prospective_supplier,pass
1596,prospective_supplier,pass
1597,prospective_supplier,pass
1598,prospective_supplier,pass
1599,prospective_supplier,pass
1600,prospective_supplier,pass
1601,prospective_supplier,pass
1602,prospective_supplier,pass
1603,prospective_supplier,pass
1604,prospective_supplier,pass
1605,prospective_supplier,pass
1606,prospective_supplier,pass
1607,prospective_supplier,pass
1608,prospective_supplier,pass
1609,prospective_supplier,pass
1610,prospective_supplier,pass
1611,prospective_supplier,pass
1612,prospective_supplier,pass
1613,prospective_supplier,pass
1614,prospective_supplier,pass
1615,prospective_supplier,pass
1616,prospective_supplier,pass
1617,prospective_supplier,pass
1618,prospective_supplier,pass
1619,prospective_supplier,pass
1620,prospective_supplier,pass
1621,prospective_supplier,pass
1622,prospective_supplier,pass
1623,prospective_supplier,pass
1624,prospective_supplier,pass
1625,prospective_supplier,pass
1626,prospective_supplier,pass
1627,prospective_supplier,pass
1628,prospective_supplier,pass
1629,prospective_supplier,pass
1630,prospective_supplier,pass
1631,prospective_supplier,pass
1632,prospective_supplier,pass
1633,prospective_supplier,pass
1634,prospective_supplier,pass
1635,prospective_supplier,pass
1636,prospective_supplier,pass
1637,prospective_supplier,pass
1638,prospective_supplier,pass
1639,prospective_supplier,pass
1640,prospective_supplier,pass
1641,prospective_supplier,pass
1642,prospective_supplier,pass
1643,prospective_supplier,pass
1644,prospective_supplier,pass
1645,prospective_supplier,pass
1646,prospective_supplier,pass
1647,prospective_supplier,pass
1648,prospective_supplier,pass
1649,prospective_supplier,pass
1650,prospective_supplier,pass
1651,prospective_supplier,pass
1652,prospective_supplier,pass
1653,prospective_supplier,pass
1654,prospective_supplier,pass
1655,prospective_supplier,pass
1656,prospective_supplier,pass
1657,prospective_supplier,pass
1658,prospective_supplier,pass
1659,prospective_supplier,pass
1660,prospective_supplier,pass
1661,prospective_supplier,pass
1662,prospective_supplier,pass
1663,prospective_supplier,pass
1664,prospective_supplier,pass
1665,prospective_supplier,pass
1666,prospective_supplier,pass
1667,prospective_supplier,pass
1668,prospective_supplier,pass
1669,prospective_supplier,pass
1670,prospective_supplier,pass
1671,prospective_supplier,pass
1672,prospective_supplier,pass
1673,prospective_supplier,pass
1674,prospective_supplier,pass
1675,prospective_supplier,pass
1676,prospective_supplier,pass
1677,prospective_supplier,pass
1678,prospective_supplier,pass
1679,prospective_supplier,pass
1680,prospective_supplier,pass
1681,prospective_supplier,pass
1682,prospective_supplier,pass
1683,prospective_supplier,pass
1684,prospective_supplier,pass
1685,prospective_supplier,pass
1686,prospective_supplier,pass
1687,prospective_supplier,pass
1688,prospective_supplier,pass
1689,prospective_supplier,pass
1690,prospective_supplier,pass
1691,prospective_supplier,pass
1692,prospective_supplier,pass
1693,prospective_supplier,pass
1694,prospective_supplier,pass
1695,prospective_supplier,pass
1696,prospective_supplier,pass
1697,prospective_supplier,pass
1698,prospective_supplier,pass
1699,prospective_supplier,pass
1700,prospective_supplier,pass
1701,prospective_supplier,pass
1702,prospective_supplier,pass
1703,prospective_supplier,pass
1704,prospective_supplier,pass
1705,prospective_supplier,pass
1706,prospective_supplier,pass
1707,prospective_supplier,pass
1708,prospective_supplier,pass
1709,prospective_supplier,pass
1710,prospective_supplier,pass
1711,prospective_supplier,pass
1712,prospective_supplier,pass
1713,prospective_supplier,pass
1714,prospective_supplier,pass
1715,prospective_supplier,pass
1716,prospective_supplier,pass
1717,prospective_supplier,pass
1718,prospective_supplier,pass
1719,prospective_supplier,pass
1720,prospective_supplier,pass
1721,prospective_supplier,pass
1722,prospective_supplier,pass
1723,prospective_supplier,pass
1724,prospective_supplier,pass
1725,prospective_supplier,pass
1726,prospective_supplier,pass
1727,prospective_supplier,pass
1728,prospective_supplier,pass
1729,prospective_supplier,pass
1730,prospective_supplier,pass
1731,prospective_supplier,pass
1732,prospective_supplier,pass
1733,prospective_supplier,pass
1734,prospective_supplier,pass
1735,prospective_supplier,pass
1736,prospective_supplier,pass
1737,prospective_supplier,pass
1738,prospective_supplier,pass
1739,prospective_supplier,pass
1740,prospective_supplier,pass
1741,prospective_supplier,pass
1742,prospective_supplier,pass
1743,prospective_supplier,pass
1744,prospective_supplier,pass
1745,prospective_supplier,pass
1746,prospective_supplier,pass
1747,prospective_supplier,pass
1748,prospective_supplier,pass
1749,prospective_supplier,pass
1750,prospective_supplier,pass
1751,prospective_supplier,pass
1752,prospective_supplier,pass
1753,prospective_supplier,pass
1754,prospective_supplier,pass
1755,prospective_supplier,pass
1756,prospective_supplier,pass
1757,prospective_supplier,pass
1758,prospective_supplier,pass
1759,prospective_supplier,pass
1760,prospective_supplier,pass
1761,prospective_supplier,pass
1762,prospective_supplier,pass
1763,prospective_supplier,pass
1764,prospective_supplier,pass
1765,prospective_supplier,pass
1766,prospective_supplier,pass
1767,prospective_supplier,pass
1768,prospective_supplier,pass
1769,prospective_supplier,pass
1770,prospective_supplier,pass
1771,prospective_supplier,pass
1772,prospective_supplier,pass
1773,prospective_supplier,pass
1774,prospective_supplier,pass
1775,prospective_supplier,pass
1776,prospective_supplier,pass
1777,prospective_supplier,pass
1778,prospective_supplier,pass
1779,prospective_supplier,pass
1780,prospective_supplier,pass
1781,prospective_supplier,pass
1782,prospective_supplier,pass
1783,prospective_supplier,pass
1784,prospective_supplier,pass
1785,prospective_supplier,pass
1786,prospective_supplier,pass
1787,prospective_supplier,pass
1788,prospective_supplier,pass
1789,prospective_supplier,pass
1790,prospective_supplier,pass
1791,prospective_supplier,pass
1792,prospective_supplier,pass
1793,prospective_supplier,pass
1794,prospective_supplier,pass
1795,prospective_supplier,pass
1796,prospective_supplier,pass
1797,prospective_supplier,pass
1798,prospective_supplier,pass
1799,prospective_supplier,pass
1800,prospective_supplier,pass
1801,prospective_supplier,pass
1802,prospective_supplier,pass
1803,prospective_supplier,pass
1804,prospective_supplier,pass
1805,prospective_supplier,pass
1806,prospective_supplier,pass
1807,prospective_supplier,pass
1808,prospective_supplier,pass
1809,prospective_supplier,pass
1810,prospective_supplier,pass
1811,prospective_supplier,pass
1812,prospective_supplier,pass
1813,prospective_supplier,pass
1814,prospective_supplier,pass
1815,prospective_supplier,pass
1816,prospective_supplier,pass
1817,prospective_supplier,pass
1818,prospective_supplier,pass
1819,prospective_supplier,pass
1820,prospective_supplier,pass
1821,prospective_supplier,pass
1822,prospective_supplier,pass
1823,prospective_supplier,pass
1824,prospective_supplier,pass
1825,prospective_supplier,pass
1826,prospective_supplier,pass
1827,prospective_supplier,pass
1828,prospective_supplier,pass
1829,prospective_supplier,pass
1830,prospective_supplier,pass
1831,prospective_supplier,pass
1832,prospective_supplier,pass
1833,prospective_supplier,pass
1834,prospective_supplier,pass
1835,prospective_supplier,pass
1836,prospective_supplier,pass
1837,prospective_supplier,pass
1838,prospective_supplier,pass
1839,prospective_supplier,pass
1840,prospective_supplier,pass
1841,prospective_supplier,pass
1842,prospective_supplier,pass
1843,prospective_supplier,pass
1844,prospective_supplier,pass
1845,prospective_supplier,pass
1846,prospective_supplier,pass
1847,prospective_supplier,pass
1848,prospective_supplier,pass
1849,prospective_supplier,pass
1850,prospective_supplier,pass
1851,prospective_supplier,pass
1852,prospective_supplier,pass
1853,prospective_supplier,pass
1854,prospective_supplier,pass
1855,prospective_supplier,pass
1856,prospective_supplier,pass
1857,prospective_supplier,pass
1858,prospective_supplier,pass
1859,prospective_supplier,pass
1860,prospective_supplier,pass
1861,prospective_supplier,pass
1862,prospective_supplier,pass
1863,prospective_supplier,pass
1864,prospective_supplier,pass
1865,prospective_supplier,pass
1866,prospective_supplier,pass
1867,prospective_supplier,pass
1868,prospective_supplier,pass
1869,prospective_supplier,pass
1870,prospective_supplier,pass
1871,prospective_supplier,pass
1872,prospective_supplier,pass
1873,prospective_supplier,pass
1874,prospective_supplier,pass
1875,prospective_supplier,pass
1876,prospective_supplier,pass
1877,prospective_supplier,pass
1878,prospective_supplier,pass
1879,prospective_supplier,pass
1880,prospective_supplier,pass
1881,prospective_supplier,pass
1882,prospective_supplier,pass
1883,prospective_supplier,pass
1884,prospective_supplier,pass
1885,prospective_supplier,pass
1886,prospective_supplier,pass
1887,prospective_supplier,pass
1888,prospective_supplier,pass
1889,prospective_supplier,pass
1890,prospective_supplier,pass
1891,prospective_supplier,pass
1892,prospective_supplier,pass
1893,prospective_supplier,pass
1894,prospective_supplier,pass
1895,prospective_supplier,pass
1896,prospective_supplier,pass
1897,prospective_supplier,pass
1898,prospective_supplier,pass
1899,prospective_supplier,pass
1900,prospective_supplier,pass
1901,prospective_supplier,pass
1902,prospective_supplier,pass
1903,prospective_supplier,pass
1904,prospective_supplier,pass
1905,prospective_supplier,pass
1906,prospective_supplier,pass
1907,prospective_supplier,pass
1908,prospective_supplier,pass
1909,prospective_supplier,pass
1910,prospective_supplier,pass
1911,prospective_supplier,pass
1912,prospective_supplier,pass
1913,prospective_supplier,pass
1914,prospective_supplier,pass
1915,prospective_supplier,pass
1916,prospective_supplier,pass
1917,prospective_supplier,pass
1918,prospective_supplier,pass
1919,prospective_supplier,pass
1920,prospective_supplier,pass
1921,prospective_supplier,pass
1922,prospective_supplier,pass
1923,prospective_supplier,pass
1924,prospective_supplier,pass
1925,prospective_supplier,pass
1926,prospective_supplier,pass
1927,prospective_supplier,pass
1928,prospective_supplier,pass
1929,prospective_supplier,pass
1930,prospective_supplier,pass
1931,prospective_supplier,pass
1932,prospective_supplier,pass
1933,prospective_supplier,pass
1934,prospective_supplier,pass
1935,prospective_supplier,pass
1936,prospective_supplier,pass
1937,prospective_supplier,pass
1938,prospective_supplier,pass
1939,prospective_supplier,pass
1940,prospective_supplier,pass
1941,prospective_supplier,pass
1942,prospective_supplier,pass
1943,prospective_supplier,pass
1944,prospective_supplier,pass
1945,prospective_supplier,pass
1946,prospective_supplier,pass
1947,prospective_supplier,pass
1948,prospective_supplier,pass
1949,prospective_supplier,pass
1950,prospective_supplier,pass
1951,prospective_supplier,pass
1952,prospective_supplier,pass
1953,prospective_supplier,pass
1954,prospective_supplier,pass
1955,prospective_supplier,pass
1956,prospective_supplier,pass
1957,prospective_supplier,pass
1958,prospective_supplier,pass
1959,prospective_supplier,fail
1960,prospective_supplier,fail
1961,prospective_supplier,fail
1962,prospective_supplier,fail
1963,prospective_supplier,fail
1964,prospective_supplier,fail
1965,prospective_supplier,fail
1966,prospective_supplier,fail
1967,prospective_supplier,fail
1968,prospective_supplier,fail
1969,prospective_supplier,fail
1970,prospective_supplier,fail
1971,prospective_supplier,fail
1972,prospective_supplier,fail
1973,prospective_supplier,fail
1974,prospective_supplier,fail
1975,prospective_supplier,fail
1976,prospective_supplier,fail
1977,prospective_supplier,fail
1978,prospective_supplier,fail
1979,prospective_supplier,fail
1980,prospective_supplier,fail
1981,prospective_supplier,fail
1982,prospective_supplier,fail
1983,prospective_supplier,fail
1984,prospective_supplier,fail
1985,prospective_supplier,fail
1986,prospective_supplier,fail
1987,prospective_supplier,fail
1988,prospective_supplier,fail
1989,prospective_supplier,fail
1990,prospective_supplier,fail
1991,prospective_supplier,fail
1992,prospective_supplier,fail
1993,prospective_supplier,fail
1994,prospective_supplier,fail
1995,prospective_supplier,fail
1996,prospective_supplier,fail
1997,prospective_supplier,fail
1998,prospective_supplier,fail
1999,prospective_supplier,fail
2000,prospective_supplier,fail
