rownames,student,parents
1,uses,used
2,uses,used
3,uses,used
4,uses,used
5,uses,used
6,uses,used
7,uses,used
8,uses,used
9,uses,used
10,uses,used
11,uses,used
12,uses,used
13,uses,used
14,uses,used
15,uses,used
16,uses,used
17,uses,used
18,uses,used
19,uses,used
20,uses,used
21,uses,used
22,uses,used
23,uses,used
24,uses,used
25,uses,used
26,uses,used
27,uses,used
28,uses,used
29,uses,used
30,uses,used
31,uses,used
32,uses,used
33,uses,used
34,uses,used
35,uses,used
36,uses,used
37,uses,used
38,uses,used
39,uses,used
40,uses,used
41,uses,used
42,uses,used
43,uses,used
44,uses,used
45,uses,used
46,uses,used
47,uses,used
48,uses,used
49,uses,used
50,uses,used
51,uses,used
52,uses,used
53,uses,used
54,uses,used
55,uses,used
56,uses,used
57,uses,used
58,uses,used
59,uses,used
60,uses,used
61,uses,used
62,uses,used
63,uses,used
64,uses,used
65,uses,used
66,uses,used
67,uses,used
68,uses,used
69,uses,used
70,uses,used
71,uses,used
72,uses,used
73,uses,used
74,uses,used
75,uses,used
76,uses,used
77,uses,used
78,uses,used
79,uses,used
80,uses,used
81,uses,used
82,uses,used
83,uses,used
84,uses,used
85,uses,used
86,uses,used
87,uses,used
88,uses,used
89,uses,used
90,uses,used
91,uses,used
92,uses,used
93,uses,used
94,uses,used
95,uses,used
96,uses,used
97,uses,used
98,uses,used
99,uses,used
100,uses,used
101,uses,used
102,uses,used
103,uses,used
104,uses,used
105,uses,used
106,uses,used
107,uses,used
108,uses,used
109,uses,used
110,uses,used
111,uses,used
112,uses,used
113,uses,used
114,uses,used
115,uses,used
116,uses,used
117,uses,used
118,uses,used
119,uses,used
120,uses,used
121,uses,used
122,uses,used
123,uses,used
124,uses,used
125,uses,used
126,uses,not
127,uses,not
128,uses,not
129,uses,not
130,uses,not
131,uses,not
132,uses,not
133,uses,not
134,uses,not
135,uses,not
136,uses,not
137,uses,not
138,uses,not
139,uses,not
140,uses,not
141,uses,not
142,uses,not
143,uses,not
144,uses,not
145,uses,not
146,uses,not
147,uses,not
148,uses,not
149,uses,not
150,uses,not
151,uses,not
152,uses,not
153,uses,not
154,uses,not
155,uses,not
156,uses,not
157,uses,not
158,uses,not
159,uses,not
160,uses,not
161,uses,not
162,uses,not
163,uses,not
164,uses,not
165,uses,not
166,uses,not
167,uses,not
168,uses,not
169,uses,not
170,uses,not
171,uses,not
172,uses,not
173,uses,not
174,uses,not
175,uses,not
176,uses,not
177,uses,not
178,uses,not
179,uses,not
180,uses,not
181,uses,not
182,uses,not
183,uses,not
184,uses,not
185,uses,not
186,uses,not
187,uses,not
188,uses,not
189,uses,not
190,uses,not
191,uses,not
192,uses,not
193,uses,not
194,uses,not
195,uses,not
196,uses,not
197,uses,not
198,uses,not
199,uses,not
200,uses,not
201,uses,not
202,uses,not
203,uses,not
204,uses,not
205,uses,not
206,uses,not
207,uses,not
208,uses,not
209,uses,not
210,uses,not
211,uses,not
212,uses,not
213,uses,not
214,uses,not
215,uses,not
216,uses,not
217,uses,not
218,uses,not
219,uses,not
220,not,used
221,not,used
222,not,used
223,not,used
224,not,used
225,not,used
226,not,used
227,not,used
228,not,used
229,not,used
230,not,used
231,not,used
232,not,used
233,not,used
234,not,used
235,not,used
236,not,used
237,not,used
238,not,used
239,not,used
240,not,used
241,not,used
242,not,used
243,not,used
244,not,used
245,not,used
246,not,used
247,not,used
248,not,used
249,not,used
250,not,used
251,not,used
252,not,used
253,not,used
254,not,used
255,not,used
256,not,used
257,not,used
258,not,used
259,not,used
260,not,used
261,not,used
262,not,used
263,not,used
264,not,used
265,not,used
266,not,used
267,not,used
268,not,used
269,not,used
270,not,used
271,not,used
272,not,used
273,not,used
274,not,used
275,not,used
276,not,used
277,not,used
278,not,used
279,not,used
280,not,used
281,not,used
282,not,used
283,not,used
284,not,used
285,not,used
286,not,used
287,not,used
288,not,used
289,not,used
290,not,used
291,not,used
292,not,used
293,not,used
294,not,used
295,not,used
296,not,used
297,not,used
298,not,used
299,not,used
300,not,used
301,not,used
302,not,used
303,not,used
304,not,used
305,not,not
306,not,not
307,not,not
308,not,not
309,not,not
310,not,not
311,not,not
312,not,not
313,not,not
314,not,not
315,not,not
316,not,not
317,not,not
318,not,not
319,not,not
320,not,not
321,not,not
322,not,not
323,not,not
324,not,not
325,not,not
326,not,not
327,not,not
328,not,not
329,not,not
330,not,not
331,not,not
332,not,not
333,not,not
334,not,not
335,not,not
336,not,not
337,not,not
338,not,not
339,not,not
340,not,not
341,not,not
342,not,not
343,not,not
344,not,not
345,not,not
346,not,not
347,not,not
348,not,not
349,not,not
350,not,not
351,not,not
352,not,not
353,not,not
354,not,not
355,not,not
356,not,not
357,not,not
358,not,not
359,not,not
360,not,not
361,not,not
362,not,not
363,not,not
364,not,not
365,not,not
366,not,not
367,not,not
368,not,not
369,not,not
370,not,not
371,not,not
372,not,not
373,not,not
374,not,not
375,not,not
376,not,not
377,not,not
378,not,not
379,not,not
380,not,not
381,not,not
382,not,not
383,not,not
384,not,not
385,not,not
386,not,not
387,not,not
388,not,not
389,not,not
390,not,not
391,not,not
392,not,not
393,not,not
394,not,not
395,not,not
396,not,not
397,not,not
398,not,not
399,not,not
400,not,not
401,not,not
402,not,not
403,not,not
404,not,not
405,not,not
406,not,not
407,not,not
408,not,not
409,not,not
410,not,not
411,not,not
412,not,not
413,not,not
414,not,not
415,not,not
416,not,not
417,not,not
418,not,not
419,not,not
420,not,not
421,not,not
422,not,not
423,not,not
424,not,not
425,not,not
426,not,not
427,not,not
428,not,not
429,not,not
430,not,not
431,not,not
432,not,not
433,not,not
434,not,not
435,not,not
436,not,not
437,not,not
438,not,not
439,not,not
440,not,not
441,not,not
442,not,not
443,not,not
444,not,not
445,not,not
