rownames,treatment,regress
1,pure_ethanol_16x,yes
2,pure_ethanol_16x,yes
3,pure_ethanol_16x,yes
4,pure_ethanol_16x,yes
5,pure_ethanol_16x,no
6,pure_ethanol_16x,no
7,pure_ethanol_16x,no
8,pure_ethanol_16x,no
9,pure_ethanol_16x,no
10,pure_ethanol_16x,no
11,pure_ethanol_16x,no
12,pure_ethanol_16x,no
13,pure_ethanol,no
14,pure_ethanol,no
15,pure_ethanol,no
16,pure_ethanol,no
17,pure_ethanol,no
18,ethyl_cellulose,yes
19,ethyl_cellulose,yes
20,ethyl_cellulose,yes
21,ethyl_cellulose,yes
22,ethyl_cellulose,yes
23,ethyl_cellulose,yes
24,ethyl_cellulose,no
