rownames,company,outcome
1,current,pass
2,current,pass
3,current,pass
4,current,pass
5,current,pass
6,current,pass
7,current,pass
8,current,pass
9,current,pass
10,current,pass
11,current,pass
12,current,pass
13,current,pass
14,current,pass
15,current,pass
16,current,pass
17,current,pass
18,current,pass
19,current,pass
20,current,pass
21,current,pass
22,current,pass
23,current,pass
24,current,pass
25,current,pass
26,current,pass
27,current,pass
28,current,pass
29,current,pass
30,current,pass
31,current,pass
32,current,pass
33,current,pass
34,current,pass
35,current,pass
36,current,pass
37,current,pass
38,current,pass
39,current,pass
40,current,pass
41,current,pass
42,current,pass
43,current,pass
44,current,pass
45,current,pass
46,current,pass
47,current,pass
48,current,pass
49,current,pass
50,current,pass
51,current,pass
52,current,pass
53,current,pass
54,current,pass
55,current,pass
56,current,pass
57,current,pass
58,current,pass
59,current,pass
60,current,pass
61,current,pass
62,current,pass
63,current,pass
64,current,pass
65,current,pass
66,current,pass
67,current,pass
68,current,pass
69,current,pass
70,current,pass
71,current,pass
72,current,pass
73,current,pass
74,current,pass
75,current,pass
76,current,pass
77,current,pass
78,current,pass
79,current,pass
80,current,pass
81,current,pass
82,current,pass
83,current,pass
84,current,pass
85,current,pass
86,current,pass
87,current,pass
88,current,pass
89,current,pass
90,current,pass
91,current,pass
92,current,pass
93,current,pass
94,current,pass
95,current,pass
96,current,pass
97,current,pass
98,current,pass
99,current,pass
100,current,pass
101,current,pass
102,current,pass
103,current,pass
104,current,pass
105,current,pass
106,current,pass
107,current,pass
108,current,pass
109,current,pass
110,current,pass
111,current,pass
112,current,pass
113,current,pass
114,current,pass
115,current,pass
116,current,pass
117,current,pass
118,current,pass
119,current,pass
120,current,pass
121,current,pass
122,current,pass
123,current,pass
124,current,pass
125,current,pass
126,current,pass
127,current,pass
128,current,pass
129,current,pass
130,current,pass
131,current,pass
132,current,pass
133,current,pass
134,current,pass
135,current,pass
136,current,pass
137,current,pass
138,current,pass
139,current,pass
140,current,pass
141,current,pass
142,current,pass
143,current,pass
144,current,pass
145,current,pass
146,current,pass
147,current,pass
148,current,pass
149,current,pass
150,current,pass
151,current,pass
152,current,pass
153,current,pass
154,current,pass
155,current,pass
156,current,pass
157,current,pass
158,current,pass
159,current,pass
160,current,pass
161,current,pass
162,current,pass
163,current,pass
164,current,pass
165,current,pass
166,current,pass
167,current,pass
168,current,pass
169,current,pass
170,current,pass
171,current,pass
172,current,pass
173,current,pass
174,current,pass
175,current,pass
176,current,pass
177,current,pass
178,current,pass
179,current,pass
180,current,pass
181,current,pass
182,current,pass
183,current,pass
184,current,pass
185,current,pass
186,current,pass
187,current,pass
188,current,pass
189,current,pass
190,current,pass
191,current,pass
192,current,pass
193,current,pass
194,current,pass
195,current,pass
196,current,pass
197,current,pass
198,current,pass
199,current,pass
200,current,pass
201,current,pass
202,current,pass
203,current,pass
204,current,pass
205,current,pass
206,current,pass
207,current,pass
208,current,pass
209,current,pass
210,current,pass
211,current,pass
212,current,pass
213,current,pass
214,current,pass
215,current,pass
216,current,pass
217,current,pass
218,current,pass
219,current,pass
220,current,pass
221,current,pass
222,current,pass
223,current,pass
224,current,pass
225,current,pass
226,current,pass
227,current,pass
228,current,pass
229,current,pass
230,current,pass
231,current,pass
232,current,pass
233,current,pass
234,current,pass
235,current,pass
236,current,pass
237,current,pass
238,current,pass
239,current,pass
240,current,pass
241,current,pass
242,current,pass
243,current,pass
244,current,pass
245,current,pass
246,current,pass
247,current,pass
248,current,pass
249,current,pass
250,current,pass
251,current,pass
252,current,pass
253,current,pass
254,current,pass
255,current,pass
256,current,pass
257,current,pass
258,current,pass
259,current,pass
260,current,pass
261,current,pass
262,current,pass
263,current,pass
264,current,pass
265,current,pass
266,current,pass
267,current,pass
268,current,pass
269,current,pass
270,current,pass
271,current,pass
272,current,pass
273,current,pass
274,current,pass
275,current,pass
276,current,pass
277,current,pass
278,current,pass
279,current,pass
280,current,pass
281,current,pass
282,current,pass
283,current,pass
284,current,pass
285,current,pass
286,current,pass
287,current,pass
288,current,pass
289,current,pass
290,current,pass
291,current,pass
292,current,pass
293,current,pass
294,current,pass
295,current,pass
296,current,pass
297,current,pass
298,current,pass
299,current,pass
300,current,pass
301,current,pass
302,current,pass
303,current,pass
304,current,pass
305,current,pass
306,current,pass
307,current,pass
308,current,pass
309,current,pass
310,current,pass
311,current,pass
312,current,pass
313,current,pass
314,current,pass
315,current,pass
316,current,pass
317,current,pass
318,current,pass
319,current,pass
320,current,pass
321,current,pass
322,current,pass
323,current,pass
324,current,pass
325,current,pass
326,current,pass
327,current,pass
328,current,pass
329,current,pass
330,current,pass
331,current,pass
332,current,pass
333,current,pass
334,current,pass
335,current,pass
336,current,pass
337,current,pass
338,current,pass
339,current,pass
340,current,pass
341,current,pass
342,current,pass
343,current,pass
344,current,pass
345,current,pass
346,current,pass
347,current,pass
348,current,pass
349,current,pass
350,current,pass
351,current,pass
352,current,pass
353,current,pass
354,current,pass
355,current,pass
356,current,pass
357,current,pass
358,current,pass
359,current,pass
360,current,pass
361,current,pass
362,current,pass
363,current,pass
364,current,pass
365,current,pass
366,current,pass
367,current,pass
368,current,pass
369,current,pass
370,current,pass
371,current,pass
372,current,pass
373,current,pass
374,current,pass
375,current,pass
376,current,pass
377,current,pass
378,current,pass
379,current,pass
380,current,pass
381,current,pass
382,current,pass
383,current,pass
384,current,pass
385,current,pass
386,current,pass
387,current,pass
388,current,pass
389,current,pass
390,current,pass
391,current,pass
392,current,pass
393,current,pass
394,current,pass
395,current,pass
396,current,pass
397,current,pass
398,current,pass
399,current,pass
400,current,pass
401,current,pass
402,current,pass
403,current,pass
404,current,pass
405,current,pass
406,current,pass
407,current,pass
408,current,pass
409,current,pass
410,current,pass
411,current,pass
412,current,pass
413,current,pass
414,current,pass
415,current,pass
416,current,pass
417,current,pass
418,current,pass
419,current,pass
420,current,pass
421,current,pass
422,current,pass
423,current,pass
424,current,pass
425,current,pass
426,current,pass
427,current,pass
428,current,pass
429,current,pass
430,current,pass
431,current,pass
432,current,pass
433,current,pass
434,current,pass
435,current,pass
436,current,pass
437,current,pass
438,current,pass
439,current,pass
440,current,pass
441,current,pass
442,current,pass
443,current,pass
444,current,pass
445,current,pass
446,current,pass
447,current,pass
448,current,pass
449,current,pass
450,current,pass
451,current,pass
452,current,pass
453,current,pass
454,current,pass
455,current,pass
456,current,pass
457,current,pass
458,current,pass
459,current,pass
460,current,pass
461,current,pass
462,current,pass
463,current,pass
464,current,pass
465,current,pass
466,current,pass
467,current,pass
468,current,pass
469,current,pass
470,current,pass
471,current,pass
472,current,pass
473,current,pass
474,current,pass
475,current,pass
476,current,pass
477,current,pass
478,current,pass
479,current,pass
480,current,pass
481,current,pass
482,current,pass
483,current,pass
484,current,pass
485,current,pass
486,current,pass
487,current,pass
488,current,pass
489,current,pass
490,current,pass
491,current,pass
492,current,pass
493,current,pass
494,current,pass
495,current,pass
496,current,pass
497,current,pass
498,current,pass
499,current,pass
500,current,pass
501,current,pass
502,current,pass
503,current,pass
504,current,pass
505,current,pass
506,current,pass
507,current,pass
508,current,pass
509,current,pass
510,current,pass
511,current,pass
512,current,pass
513,current,pass
514,current,pass
515,current,pass
516,current,pass
517,current,pass
518,current,pass
519,current,pass
520,current,pass
521,current,pass
522,current,pass
523,current,pass
524,current,pass
525,current,pass
526,current,pass
527,current,pass
528,current,pass
529,current,pass
530,current,pass
531,current,pass
532,current,pass
533,current,pass
534,current,pass
535,current,pass
536,current,pass
537,current,pass
538,current,pass
539,current,pass
540,current,pass
541,current,pass
542,current,pass
543,current,pass
544,current,pass
545,current,pass
546,current,pass
547,current,pass
548,current,pass
549,current,pass
550,current,pass
551,current,pass
552,current,pass
553,current,pass
554,current,pass
555,current,pass
556,current,pass
557,current,pass
558,current,pass
559,current,pass
560,current,pass
561,current,pass
562,current,pass
563,current,pass
564,current,pass
565,current,pass
566,current,pass
567,current,pass
568,current,pass
569,current,pass
570,current,pass
571,current,pass
572,current,pass
573,current,pass
574,current,pass
575,current,pass
576,current,pass
577,current,pass
578,current,pass
579,current,pass
580,current,pass
581,current,pass
582,current,pass
583,current,pass
584,current,pass
585,current,pass
586,current,pass
587,current,pass
588,current,pass
589,current,pass
590,current,pass
591,current,pass
592,current,pass
593,current,pass
594,current,pass
595,current,pass
596,current,pass
597,current,pass
598,current,pass
599,current,pass
600,current,pass
601,current,pass
602,current,pass
603,current,pass
604,current,pass
605,current,pass
606,current,pass
607,current,pass
608,current,pass
609,current,pass
610,current,pass
611,current,pass
612,current,pass
613,current,pass
614,current,pass
615,current,pass
616,current,pass
617,current,pass
618,current,pass
619,current,pass
620,current,pass
621,current,pass
622,current,pass
623,current,pass
624,current,pass
625,current,pass
626,current,pass
627,current,pass
628,current,pass
629,current,pass
630,current,pass
631,current,pass
632,current,pass
633,current,pass
634,current,pass
635,current,pass
636,current,pass
637,current,pass
638,current,pass
639,current,pass
640,current,pass
641,current,pass
642,current,pass
643,current,pass
644,current,pass
645,current,pass
646,current,pass
647,current,pass
648,current,pass
649,current,pass
650,current,pass
651,current,pass
652,current,pass
653,current,pass
654,current,pass
655,current,pass
656,current,pass
657,current,pass
658,current,pass
659,current,pass
660,current,pass
661,current,pass
662,current,pass
663,current,pass
664,current,pass
665,current,pass
666,current,pass
667,current,pass
668,current,pass
669,current,pass
670,current,pass
671,current,pass
672,current,pass
673,current,pass
674,current,pass
675,current,pass
676,current,pass
677,current,pass
678,current,pass
679,current,pass
680,current,pass
681,current,pass
682,current,pass
683,current,pass
684,current,pass
685,current,pass
686,current,pass
687,current,pass
688,current,pass
689,current,pass
690,current,pass
691,current,pass
692,current,pass
693,current,pass
694,current,pass
695,current,pass
696,current,pass
697,current,pass
698,current,pass
699,current,pass
700,current,pass
701,current,pass
702,current,pass
703,current,pass
704,current,pass
705,current,pass
706,current,pass
707,current,pass
708,current,pass
709,current,pass
710,current,pass
711,current,pass
712,current,pass
713,current,pass
714,current,pass
715,current,pass
716,current,pass
717,current,pass
718,current,pass
719,current,pass
720,current,pass
721,current,pass
722,current,pass
723,current,pass
724,current,pass
725,current,pass
726,current,pass
727,current,pass
728,current,pass
729,current,pass
730,current,pass
731,current,pass
732,current,pass
733,current,pass
734,current,pass
735,current,pass
736,current,pass
737,current,pass
738,current,pass
739,current,pass
740,current,pass
741,current,pass
742,current,pass
743,current,pass
744,current,pass
745,current,pass
746,current,pass
747,current,pass
748,current,pass
749,current,pass
750,current,pass
751,current,pass
752,current,pass
753,current,pass
754,current,pass
755,current,pass
756,current,pass
757,current,pass
758,current,pass
759,current,pass
760,current,pass
761,current,pass
762,current,pass
763,current,pass
764,current,pass
765,current,pass
766,current,pass
767,current,pass
768,current,pass
769,current,pass
770,current,pass
771,current,pass
772,current,pass
773,current,pass
774,current,pass
775,current,pass
776,current,pass
777,current,pass
778,current,pass
779,current,pass
780,current,pass
781,current,pass
782,current,pass
783,current,pass
784,current,pass
785,current,pass
786,current,pass
787,current,pass
788,current,pass
789,current,pass
790,current,pass
791,current,pass
792,current,pass
793,current,pass
794,current,pass
795,current,pass
796,current,pass
797,current,pass
798,current,pass
799,current,pass
800,current,pass
801,current,pass
802,current,pass
803,current,pass
804,current,pass
805,current,pass
806,current,pass
807,current,pass
808,current,pass
809,current,pass
810,current,pass
811,current,pass
812,current,pass
813,current,pass
814,current,pass
815,current,pass
816,current,pass
817,current,pass
818,current,pass
819,current,pass
820,current,pass
821,current,pass
822,current,pass
823,current,pass
824,current,pass
825,current,pass
826,current,pass
827,current,pass
828,current,pass
829,current,pass
830,current,pass
831,current,pass
832,current,pass
833,current,pass
834,current,pass
835,current,pass
836,current,pass
837,current,pass
838,current,pass
839,current,pass
840,current,pass
841,current,pass
842,current,pass
843,current,pass
844,current,pass
845,current,pass
846,current,pass
847,current,pass
848,current,pass
849,current,pass
850,current,pass
851,current,pass
852,current,pass
853,current,pass
854,current,pass
855,current,pass
856,current,pass
857,current,pass
858,current,pass
859,current,pass
860,current,pass
861,current,pass
862,current,pass
863,current,pass
864,current,pass
865,current,pass
866,current,pass
867,current,pass
868,current,pass
869,current,pass
870,current,pass
871,current,pass
872,current,pass
873,current,pass
874,current,pass
875,current,pass
876,current,pass
877,current,pass
878,current,pass
879,current,pass
880,current,pass
881,current,pass
882,current,pass
883,current,pass
884,current,pass
885,current,pass
886,current,pass
887,current,pass
888,current,pass
889,current,pass
890,current,pass
891,current,pass
892,current,pass
893,current,pass
894,current,pass
895,current,pass
896,current,pass
897,current,pass
898,current,pass
899,current,pass
900,current,not
901,current,not
902,current,not
903,current,not
904,current,not
905,current,not
906,current,not
907,current,not
908,current,not
909,current,not
910,current,not
911,current,not
912,current,not
913,current,not
914,current,not
915,current,not
916,current,not
917,current,not
918,current,not
919,current,not
920,current,not
921,current,not
922,current,not
923,current,not
924,current,not
925,current,not
926,current,not
927,current,not
928,current,not
929,current,not
930,current,not
931,current,not
932,current,not
933,current,not
934,current,not
935,current,not
936,current,not
937,current,not
938,current,not
939,current,not
940,current,not
941,current,not
942,current,not
943,current,not
944,current,not
945,current,not
946,current,not
947,current,not
948,current,not
949,current,not
950,current,not
951,current,not
952,current,not
953,current,not
954,current,not
955,current,not
956,current,not
957,current,not
958,current,not
959,current,not
960,current,not
961,current,not
962,current,not
963,current,not
964,current,not
965,current,not
966,current,not
967,current,not
968,current,not
969,current,not
970,current,not
971,current,not
972,current,not
973,current,not
974,current,not
975,current,not
976,current,not
977,current,not
978,current,not
979,current,not
980,current,not
981,current,not
982,current,not
983,current,not
984,current,not
985,current,not
986,current,not
987,current,not
988,current,not
989,current,not
990,current,not
991,current,not
992,current,not
993,current,not
994,current,not
995,current,not
996,current,not
997,current,not
998,current,not
999,current,not
1000,current,not
1001,prospective,pass
1002,prospective,pass
1003,prospective,pass
1004,prospective,pass
1005,prospective,pass
1006,prospective,pass
1007,prospective,pass
1008,prospective,pass
1009,prospective,pass
1010,prospective,pass
1011,prospective,pass
1012,prospective,pass
1013,prospective,pass
1014,prospective,pass
1015,prospective,pass
1016,prospective,pass
1017,prospective,pass
1018,prospective,pass
1019,prospective,pass
1020,prospective,pass
1021,prospective,pass
1022,prospective,pass
1023,prospective,pass
1024,prospective,pass
1025,prospective,pass
1026,prospective,pass
1027,prospective,pass
1028,prospective,pass
1029,prospective,pass
1030,prospective,pass
1031,prospective,pass
1032,prospective,pass
1033,prospective,pass
1034,prospective,pass
1035,prospective,pass
1036,prospective,pass
1037,prospective,pass
1038,prospective,pass
1039,prospective,pass
1040,prospective,pass
1041,prospective,pass
1042,prospective,pass
1043,prospective,pass
1044,prospective,pass
1045,prospective,pass
1046,prospective,pass
1047,prospective,pass
1048,prospective,pass
1049,prospective,pass
1050,prospective,pass
1051,prospective,pass
1052,prospective,pass
1053,prospective,pass
1054,prospective,pass
1055,prospective,pass
1056,prospective,pass
1057,prospective,pass
1058,prospective,pass
1059,prospective,pass
1060,prospective,pass
1061,prospective,pass
1062,prospective,pass
1063,prospective,pass
1064,prospective,pass
1065,prospective,pass
1066,prospective,pass
1067,prospective,pass
1068,prospective,pass
1069,prospective,pass
1070,prospective,pass
1071,prospective,pass
1072,prospective,pass
1073,prospective,pass
1074,prospective,pass
1075,prospective,pass
1076,prospective,pass
1077,prospective,pass
1078,prospective,pass
1079,prospective,pass
1080,prospective,pass
1081,prospective,pass
1082,prospective,pass
1083,prospective,pass
1084,prospective,pass
1085,prospective,pass
1086,prospective,pass
1087,prospective,pass
1088,prospective,pass
1089,prospective,pass
1090,prospective,pass
1091,prospective,pass
1092,prospective,pass
1093,prospective,pass
1094,prospective,pass
1095,prospective,pass
1096,prospective,pass
1097,prospective,pass
1098,prospective,pass
1099,prospective,pass
1100,prospective,pass
1101,prospective,pass
1102,prospective,pass
1103,prospective,pass
1104,prospective,pass
1105,prospective,pass
1106,prospective,pass
1107,prospective,pass
1108,prospective,pass
1109,prospective,pass
1110,prospective,pass
1111,prospective,pass
1112,prospective,pass
1113,prospective,pass
1114,prospective,pass
1115,prospective,pass
1116,prospective,pass
1117,prospective,pass
1118,prospective,pass
1119,prospective,pass
1120,prospective,pass
1121,prospective,pass
1122,prospective,pass
1123,prospective,pass
1124,prospective,pass
1125,prospective,pass
1126,prospective,pass
1127,prospective,pass
1128,prospective,pass
1129,prospective,pass
1130,prospective,pass
1131,prospective,pass
1132,prospective,pass
1133,prospective,pass
1134,prospective,pass
1135,prospective,pass
1136,prospective,pass
1137,prospective,pass
1138,prospective,pass
1139,prospective,pass
1140,prospective,pass
1141,prospective,pass
1142,prospective,pass
1143,prospective,pass
1144,prospective,pass
1145,prospective,pass
1146,prospective,pass
1147,prospective,pass
1148,prospective,pass
1149,prospective,pass
1150,prospective,pass
1151,prospective,pass
1152,prospective,pass
1153,prospective,pass
1154,prospective,pass
1155,prospective,pass
1156,prospective,pass
1157,prospective,pass
1158,prospective,pass
1159,prospective,pass
1160,prospective,pass
1161,prospective,pass
1162,prospective,pass
1163,prospective,pass
1164,prospective,pass
1165,prospective,pass
1166,prospective,pass
1167,prospective,pass
1168,prospective,pass
1169,prospective,pass
1170,prospective,pass
1171,prospective,pass
1172,prospective,pass
1173,prospective,pass
1174,prospective,pass
1175,prospective,pass
1176,prospective,pass
1177,prospective,pass
1178,prospective,pass
1179,prospective,pass
1180,prospective,pass
1181,prospective,pass
1182,prospective,pass
1183,prospective,pass
1184,prospective,pass
1185,prospective,pass
1186,prospective,pass
1187,prospective,pass
1188,prospective,pass
1189,prospective,pass
1190,prospective,pass
1191,prospective,pass
1192,prospective,pass
1193,prospective,pass
1194,prospective,pass
1195,prospective,pass
1196,prospective,pass
1197,prospective,pass
1198,prospective,pass
1199,prospective,pass
1200,prospective,pass
1201,prospective,pass
1202,prospective,pass
1203,prospective,pass
1204,prospective,pass
1205,prospective,pass
1206,prospective,pass
1207,prospective,pass
1208,prospective,pass
1209,prospective,pass
1210,prospective,pass
1211,prospective,pass
1212,prospective,pass
1213,prospective,pass
1214,prospective,pass
1215,prospective,pass
1216,prospective,pass
1217,prospective,pass
1218,prospective,pass
1219,prospective,pass
1220,prospective,pass
1221,prospective,pass
1222,prospective,pass
1223,prospective,pass
1224,prospective,pass
1225,prospective,pass
1226,prospective,pass
1227,prospective,pass
1228,prospective,pass
1229,prospective,pass
1230,prospective,pass
1231,prospective,pass
1232,prospective,pass
1233,prospective,pass
1234,prospective,pass
1235,prospective,pass
1236,prospective,pass
1237,prospective,pass
1238,prospective,pass
1239,prospective,pass
1240,prospective,pass
1241,prospective,pass
1242,prospective,pass
1243,prospective,pass
1244,prospective,pass
1245,prospective,pass
1246,prospective,pass
1247,prospective,pass
1248,prospective,pass
1249,prospective,pass
1250,prospective,pass
1251,prospective,pass
1252,prospective,pass
1253,prospective,pass
1254,prospective,pass
1255,prospective,pass
1256,prospective,pass
1257,prospective,pass
1258,prospective,pass
1259,prospective,pass
1260,prospective,pass
1261,prospective,pass
1262,prospective,pass
1263,prospective,pass
1264,prospective,pass
1265,prospective,pass
1266,prospective,pass
1267,prospective,pass
1268,prospective,pass
1269,prospective,pass
1270,prospective,pass
1271,prospective,pass
1272,prospective,pass
1273,prospective,pass
1274,prospective,pass
1275,prospective,pass
1276,prospective,pass
1277,prospective,pass
1278,prospective,pass
1279,prospective,pass
1280,prospective,pass
1281,prospective,pass
1282,prospective,pass
1283,prospective,pass
1284,prospective,pass
1285,prospective,pass
1286,prospective,pass
1287,prospective,pass
1288,prospective,pass
1289,prospective,pass
1290,prospective,pass
1291,prospective,pass
1292,prospective,pass
1293,prospective,pass
1294,prospective,pass
1295,prospective,pass
1296,prospective,pass
1297,prospective,pass
1298,prospective,pass
1299,prospective,pass
1300,prospective,pass
1301,prospective,pass
1302,prospective,pass
1303,prospective,pass
1304,prospective,pass
1305,prospective,pass
1306,prospective,pass
1307,prospective,pass
1308,prospective,pass
1309,prospective,pass
1310,prospective,pass
1311,prospective,pass
1312,prospective,pass
1313,prospective,pass
1314,prospective,pass
1315,prospective,pass
1316,prospective,pass
1317,prospective,pass
1318,prospective,pass
1319,prospective,pass
1320,prospective,pass
1321,prospective,pass
1322,prospective,pass
1323,prospective,pass
1324,prospective,pass
1325,prospective,pass
1326,prospective,pass
1327,prospective,pass
1328,prospective,pass
1329,prospective,pass
1330,prospective,pass
1331,prospective,pass
1332,prospective,pass
1333,prospective,pass
1334,prospective,pass
1335,prospective,pass
1336,prospective,pass
1337,prospective,pass
1338,prospective,pass
1339,prospective,pass
1340,prospective,pass
1341,prospective,pass
1342,prospective,pass
1343,prospective,pass
1344,prospective,pass
1345,prospective,pass
1346,prospective,pass
1347,prospective,pass
1348,prospective,pass
1349,prospective,pass
1350,prospective,pass
1351,prospective,pass
1352,prospective,pass
1353,prospective,pass
1354,prospective,pass
1355,prospective,pass
1356,prospective,pass
1357,prospective,pass
1358,prospective,pass
1359,prospective,pass
1360,prospective,pass
1361,prospective,pass
1362,prospective,pass
1363,prospective,pass
1364,prospective,pass
1365,prospective,pass
1366,prospective,pass
1367,prospective,pass
1368,prospective,pass
1369,prospective,pass
1370,prospective,pass
1371,prospective,pass
1372,prospective,pass
1373,prospective,pass
1374,prospective,pass
1375,prospective,pass
1376,prospective,pass
1377,prospective,pass
1378,prospective,pass
1379,prospective,pass
1380,prospective,pass
1381,prospective,pass
1382,prospective,pass
1383,prospective,pass
1384,prospective,pass
1385,prospective,pass
1386,prospective,pass
1387,prospective,pass
1388,prospective,pass
1389,prospective,pass
1390,prospective,pass
1391,prospective,pass
1392,prospective,pass
1393,prospective,pass
1394,prospective,pass
1395,prospective,pass
1396,prospective,pass
1397,prospective,pass
1398,prospective,pass
1399,prospective,pass
1400,prospective,pass
1401,prospective,pass
1402,prospective,pass
1403,prospective,pass
1404,prospective,pass
1405,prospective,pass
1406,prospective,pass
1407,prospective,pass
1408,prospective,pass
1409,prospective,pass
1410,prospective,pass
1411,prospective,pass
1412,prospective,pass
1413,prospective,pass
1414,prospective,pass
1415,prospective,pass
1416,prospective,pass
1417,prospective,pass
1418,prospective,pass
1419,prospective,pass
1420,prospective,pass
1421,prospective,pass
1422,prospective,pass
1423,prospective,pass
1424,prospective,pass
1425,prospective,pass
1426,prospective,pass
1427,prospective,pass
1428,prospective,pass
1429,prospective,pass
1430,prospective,pass
1431,prospective,pass
1432,prospective,pass
1433,prospective,pass
1434,prospective,pass
1435,prospective,pass
1436,prospective,pass
1437,prospective,pass
1438,prospective,pass
1439,prospective,pass
1440,prospective,pass
1441,prospective,pass
1442,prospective,pass
1443,prospective,pass
1444,prospective,pass
1445,prospective,pass
1446,prospective,pass
1447,prospective,pass
1448,prospective,pass
1449,prospective,pass
1450,prospective,pass
1451,prospective,pass
1452,prospective,pass
1453,prospective,pass
1454,prospective,pass
1455,prospective,pass
1456,prospective,pass
1457,prospective,pass
1458,prospective,pass
1459,prospective,pass
1460,prospective,pass
1461,prospective,pass
1462,prospective,pass
1463,prospective,pass
1464,prospective,pass
1465,prospective,pass
1466,prospective,pass
1467,prospective,pass
1468,prospective,pass
1469,prospective,pass
1470,prospective,pass
1471,prospective,pass
1472,prospective,pass
1473,prospective,pass
1474,prospective,pass
1475,prospective,pass
1476,prospective,pass
1477,prospective,pass
1478,prospective,pass
1479,prospective,pass
1480,prospective,pass
1481,prospective,pass
1482,prospective,pass
1483,prospective,pass
1484,prospective,pass
1485,prospective,pass
1486,prospective,pass
1487,prospective,pass
1488,prospective,pass
1489,prospective,pass
1490,prospective,pass
1491,prospective,pass
1492,prospective,pass
1493,prospective,pass
1494,prospective,pass
1495,prospective,pass
1496,prospective,pass
1497,prospective,pass
1498,prospective,pass
1499,prospective,pass
1500,prospective,pass
1501,prospective,pass
1502,prospective,pass
1503,prospective,pass
1504,prospective,pass
1505,prospective,pass
1506,prospective,pass
1507,prospective,pass
1508,prospective,pass
1509,prospective,pass
1510,prospective,pass
1511,prospective,pass
1512,prospective,pass
1513,prospective,pass
1514,prospective,pass
1515,prospective,pass
1516,prospective,pass
1517,prospective,pass
1518,prospective,pass
1519,prospective,pass
1520,prospective,pass
1521,prospective,pass
1522,prospective,pass
1523,prospective,pass
1524,prospective,pass
1525,prospective,pass
1526,prospective,pass
1527,prospective,pass
1528,prospective,pass
1529,prospective,pass
1530,prospective,pass
1531,prospective,pass
1532,prospective,pass
1533,prospective,pass
1534,prospective,pass
1535,prospective,pass
1536,prospective,pass
1537,prospective,pass
1538,prospective,pass
1539,prospective,pass
1540,prospective,pass
1541,prospective,pass
1542,prospective,pass
1543,prospective,pass
1544,prospective,pass
1545,prospective,pass
1546,prospective,pass
1547,prospective,pass
1548,prospective,pass
1549,prospective,pass
1550,prospective,pass
1551,prospective,pass
1552,prospective,pass
1553,prospective,pass
1554,prospective,pass
1555,prospective,pass
1556,prospective,pass
1557,prospective,pass
1558,prospective,pass
1559,prospective,pass
1560,prospective,pass
1561,prospective,pass
1562,prospective,pass
1563,prospective,pass
1564,prospective,pass
1565,prospective,pass
1566,prospective,pass
1567,prospective,pass
1568,prospective,pass
1569,prospective,pass
1570,prospective,pass
1571,prospective,pass
1572,prospective,pass
1573,prospective,pass
1574,prospective,pass
1575,prospective,pass
1576,prospective,pass
1577,prospective,pass
1578,prospective,pass
1579,prospective,pass
1580,prospective,pass
1581,prospective,pass
1582,prospective,pass
1583,prospective,pass
1584,prospective,pass
1585,prospective,pass
1586,prospective,pass
1587,prospective,pass
1588,prospective,pass
1589,prospective,pass
1590,prospective,pass
1591,prospective,pass
1592,prospective,pass
1593,prospective,pass
1594,prospective,pass
1595,prospective,pass
1596,prospective,pass
1597,prospective,pass
1598,prospective,pass
1599,prospective,pass
1600,prospective,pass
1601,prospective,pass
1602,prospective,pass
1603,prospective,pass
1604,prospective,pass
1605,prospective,pass
1606,prospective,pass
1607,prospective,pass
1608,prospective,pass
1609,prospective,pass
1610,prospective,pass
1611,prospective,pass
1612,prospective,pass
1613,prospective,pass
1614,prospective,pass
1615,prospective,pass
1616,prospective,pass
1617,prospective,pass
1618,prospective,pass
1619,prospective,pass
1620,prospective,pass
1621,prospective,pass
1622,prospective,pass
1623,prospective,pass
1624,prospective,pass
1625,prospective,pass
1626,prospective,pass
1627,prospective,pass
1628,prospective,pass
1629,prospective,pass
1630,prospective,pass
1631,prospective,pass
1632,prospective,pass
1633,prospective,pass
1634,prospective,pass
1635,prospective,pass
1636,prospective,pass
1637,prospective,pass
1638,prospective,pass
1639,prospective,pass
1640,prospective,pass
1641,prospective,pass
1642,prospective,pass
1643,prospective,pass
1644,prospective,pass
1645,prospective,pass
1646,prospective,pass
1647,prospective,pass
1648,prospective,pass
1649,prospective,pass
1650,prospective,pass
1651,prospective,pass
1652,prospective,pass
1653,prospective,pass
1654,prospective,pass
1655,prospective,pass
1656,prospective,pass
1657,prospective,pass
1658,prospective,pass
1659,prospective,pass
1660,prospective,pass
1661,prospective,pass
1662,prospective,pass
1663,prospective,pass
1664,prospective,pass
1665,prospective,pass
1666,prospective,pass
1667,prospective,pass
1668,prospective,pass
1669,prospective,pass
1670,prospective,pass
1671,prospective,pass
1672,prospective,pass
1673,prospective,pass
1674,prospective,pass
1675,prospective,pass
1676,prospective,pass
1677,prospective,pass
1678,prospective,pass
1679,prospective,pass
1680,prospective,pass
1681,prospective,pass
1682,prospective,pass
1683,prospective,pass
1684,prospective,pass
1685,prospective,pass
1686,prospective,pass
1687,prospective,pass
1688,prospective,pass
1689,prospective,pass
1690,prospective,pass
1691,prospective,pass
1692,prospective,pass
1693,prospective,pass
1694,prospective,pass
1695,prospective,pass
1696,prospective,pass
1697,prospective,pass
1698,prospective,pass
1699,prospective,pass
1700,prospective,pass
1701,prospective,pass
1702,prospective,pass
1703,prospective,pass
1704,prospective,pass
1705,prospective,pass
1706,prospective,pass
1707,prospective,pass
1708,prospective,pass
1709,prospective,pass
1710,prospective,pass
1711,prospective,pass
1712,prospective,pass
1713,prospective,pass
1714,prospective,pass
1715,prospective,pass
1716,prospective,pass
1717,prospective,pass
1718,prospective,pass
1719,prospective,pass
1720,prospective,pass
1721,prospective,pass
1722,prospective,pass
1723,prospective,pass
1724,prospective,pass
1725,prospective,pass
1726,prospective,pass
1727,prospective,pass
1728,prospective,pass
1729,prospective,pass
1730,prospective,pass
1731,prospective,pass
1732,prospective,pass
1733,prospective,pass
1734,prospective,pass
1735,prospective,pass
1736,prospective,pass
1737,prospective,pass
1738,prospective,pass
1739,prospective,pass
1740,prospective,pass
1741,prospective,pass
1742,prospective,pass
1743,prospective,pass
1744,prospective,pass
1745,prospective,pass
1746,prospective,pass
1747,prospective,pass
1748,prospective,pass
1749,prospective,pass
1750,prospective,pass
1751,prospective,pass
1752,prospective,pass
1753,prospective,pass
1754,prospective,pass
1755,prospective,pass
1756,prospective,pass
1757,prospective,pass
1758,prospective,pass
1759,prospective,pass
1760,prospective,pass
1761,prospective,pass
1762,prospective,pass
1763,prospective,pass
1764,prospective,pass
1765,prospective,pass
1766,prospective,pass
1767,prospective,pass
1768,prospective,pass
1769,prospective,pass
1770,prospective,pass
1771,prospective,pass
1772,prospective,pass
1773,prospective,pass
1774,prospective,pass
1775,prospective,pass
1776,prospective,pass
1777,prospective,pass
1778,prospective,pass
1779,prospective,pass
1780,prospective,pass
1781,prospective,pass
1782,prospective,pass
1783,prospective,pass
1784,prospective,pass
1785,prospective,pass
1786,prospective,pass
1787,prospective,pass
1788,prospective,pass
1789,prospective,pass
1790,prospective,pass
1791,prospective,pass
1792,prospective,pass
1793,prospective,pass
1794,prospective,pass
1795,prospective,pass
1796,prospective,pass
1797,prospective,pass
1798,prospective,pass
1799,prospective,pass
1800,prospective,pass
1801,prospective,pass
1802,prospective,pass
1803,prospective,pass
1804,prospective,pass
1805,prospective,pass
1806,prospective,pass
1807,prospective,pass
1808,prospective,pass
1809,prospective,pass
1810,prospective,pass
1811,prospective,pass
1812,prospective,pass
1813,prospective,pass
1814,prospective,pass
1815,prospective,pass
1816,prospective,pass
1817,prospective,pass
1818,prospective,pass
1819,prospective,pass
1820,prospective,pass
1821,prospective,pass
1822,prospective,pass
1823,prospective,pass
1824,prospective,pass
1825,prospective,pass
1826,prospective,pass
1827,prospective,pass
1828,prospective,pass
1829,prospective,pass
1830,prospective,pass
1831,prospective,pass
1832,prospective,pass
1833,prospective,pass
1834,prospective,pass
1835,prospective,pass
1836,prospective,pass
1837,prospective,pass
1838,prospective,pass
1839,prospective,pass
1840,prospective,pass
1841,prospective,pass
1842,prospective,pass
1843,prospective,pass
1844,prospective,pass
1845,prospective,pass
1846,prospective,pass
1847,prospective,pass
1848,prospective,pass
1849,prospective,pass
1850,prospective,pass
1851,prospective,pass
1852,prospective,pass
1853,prospective,pass
1854,prospective,pass
1855,prospective,pass
1856,prospective,pass
1857,prospective,pass
1858,prospective,pass
1859,prospective,pass
1860,prospective,pass
1861,prospective,pass
1862,prospective,pass
1863,prospective,pass
1864,prospective,pass
1865,prospective,pass
1866,prospective,pass
1867,prospective,pass
1868,prospective,pass
1869,prospective,pass
1870,prospective,pass
1871,prospective,pass
1872,prospective,pass
1873,prospective,pass
1874,prospective,pass
1875,prospective,pass
1876,prospective,pass
1877,prospective,pass
1878,prospective,pass
1879,prospective,pass
1880,prospective,pass
1881,prospective,pass
1882,prospective,pass
1883,prospective,pass
1884,prospective,pass
1885,prospective,pass
1886,prospective,pass
1887,prospective,pass
1888,prospective,pass
1889,prospective,pass
1890,prospective,pass
1891,prospective,pass
1892,prospective,pass
1893,prospective,pass
1894,prospective,pass
1895,prospective,pass
1896,prospective,pass
1897,prospective,pass
1898,prospective,pass
1899,prospective,pass
1900,prospective,pass
1901,prospective,pass
1902,prospective,pass
1903,prospective,pass
1904,prospective,pass
1905,prospective,pass
1906,prospective,pass
1907,prospective,pass
1908,prospective,pass
1909,prospective,pass
1910,prospective,pass
1911,prospective,pass
1912,prospective,pass
1913,prospective,pass
1914,prospective,pass
1915,prospective,pass
1916,prospective,pass
1917,prospective,pass
1918,prospective,pass
1919,prospective,pass
1920,prospective,pass
1921,prospective,pass
1922,prospective,pass
1923,prospective,pass
1924,prospective,pass
1925,prospective,pass
1926,prospective,pass
1927,prospective,pass
1928,prospective,pass
1929,prospective,pass
1930,prospective,pass
1931,prospective,pass
1932,prospective,pass
1933,prospective,pass
1934,prospective,pass
1935,prospective,pass
1936,prospective,pass
1937,prospective,pass
1938,prospective,pass
1939,prospective,pass
1940,prospective,pass
1941,prospective,pass
1942,prospective,pass
1943,prospective,pass
1944,prospective,pass
1945,prospective,pass
1946,prospective,pass
1947,prospective,pass
1948,prospective,pass
1949,prospective,pass
1950,prospective,pass
1951,prospective,pass
1952,prospective,pass
1953,prospective,pass
1954,prospective,pass
1955,prospective,pass
1956,prospective,pass
1957,prospective,pass
1958,prospective,pass
1959,prospective,not
1960,prospective,not
1961,prospective,not
1962,prospective,not
1963,prospective,not
1964,prospective,not
1965,prospective,not
1966,prospective,not
1967,prospective,not
1968,prospective,not
1969,prospective,not
1970,prospective,not
1971,prospective,not
1972,prospective,not
1973,prospective,not
1974,prospective,not
1975,prospective,not
1976,prospective,not
1977,prospective,not
1978,prospective,not
1979,prospective,not
1980,prospective,not
1981,prospective,not
1982,prospective,not
1983,prospective,not
1984,prospective,not
1985,prospective,not
1986,prospective,not
1987,prospective,not
1988,prospective,not
1989,prospective,not
1990,prospective,not
1991,prospective,not
1992,prospective,not
1993,prospective,not
1994,prospective,not
1995,prospective,not
1996,prospective,not
1997,prospective,not
1998,prospective,not
1999,prospective,not
2000,prospective,not
