rownames,poll,eval
1,approve,Obama
2,approve,Obama
3,approve,Obama
4,approve,Obama
5,approve,Obama
6,approve,Obama
7,approve,Obama
8,approve,Obama
9,approve,Obama
10,approve,Obama
11,approve,Obama
12,approve,Obama
13,approve,Obama
14,approve,Obama
15,approve,Obama
16,approve,Obama
17,approve,Obama
18,approve,Obama
19,approve,Obama
20,approve,Obama
21,approve,Obama
22,approve,Obama
23,approve,Obama
24,approve,Obama
25,approve,Obama
26,approve,Obama
27,approve,Obama
28,approve,Obama
29,approve,Obama
30,approve,Obama
31,approve,Obama
32,approve,Obama
33,approve,Obama
34,approve,Obama
35,approve,Obama
36,approve,Obama
37,approve,Obama
38,approve,Obama
39,approve,Obama
40,approve,Obama
41,approve,Obama
42,approve,Obama
43,approve,Obama
44,approve,Obama
45,approve,Obama
46,approve,Obama
47,approve,Obama
48,approve,Obama
49,approve,Obama
50,approve,Obama
51,approve,Obama
52,approve,Obama
53,approve,Obama
54,approve,Obama
55,approve,Obama
56,approve,Obama
57,approve,Obama
58,approve,Obama
59,approve,Obama
60,approve,Obama
61,approve,Obama
62,approve,Obama
63,approve,Obama
64,approve,Obama
65,approve,Obama
66,approve,Obama
67,approve,Obama
68,approve,Obama
69,approve,Obama
70,approve,Obama
71,approve,Obama
72,approve,Obama
73,approve,Obama
74,approve,Obama
75,approve,Obama
76,approve,Obama
77,approve,Obama
78,approve,Obama
79,approve,Obama
80,approve,Obama
81,approve,Obama
82,approve,Obama
83,approve,Obama
84,approve,Obama
85,approve,Obama
86,approve,Obama
87,approve,Obama
88,approve,Obama
89,approve,Obama
90,approve,Obama
91,approve,Obama
92,approve,Obama
93,approve,Obama
94,approve,Obama
95,approve,Obama
96,approve,Obama
97,approve,Obama
98,approve,Obama
99,approve,Obama
100,approve,Obama
101,approve,Obama
102,approve,Obama
103,approve,Obama
104,approve,Obama
105,approve,Obama
106,approve,Obama
107,approve,Obama
108,approve,Obama
109,approve,Obama
110,approve,Obama
111,approve,Obama
112,approve,Obama
113,approve,Obama
114,approve,Obama
115,approve,Obama
116,approve,Obama
117,approve,Obama
118,approve,Obama
119,approve,Obama
120,approve,Obama
121,approve,Obama
122,approve,Obama
123,approve,Obama
124,approve,Obama
125,approve,Obama
126,approve,Obama
127,approve,Obama
128,approve,Obama
129,approve,Obama
130,approve,Obama
131,approve,Obama
132,approve,Obama
133,approve,Obama
134,approve,Obama
135,approve,Obama
136,approve,Obama
137,approve,Obama
138,approve,Obama
139,approve,Obama
140,approve,Obama
141,approve,Obama
142,approve,Obama
143,approve,Obama
144,approve,Obama
145,approve,Obama
146,approve,Obama
147,approve,Obama
148,approve,Obama
149,approve,Obama
150,approve,Obama
151,approve,Obama
152,approve,Obama
153,approve,Obama
154,approve,Obama
155,approve,Obama
156,approve,Obama
157,approve,Obama
158,approve,Obama
159,approve,Obama
160,approve,Obama
161,approve,Obama
162,approve,Obama
163,approve,Obama
164,approve,Obama
165,approve,Obama
166,approve,Obama
167,approve,Obama
168,approve,Obama
169,approve,Obama
170,approve,Obama
171,approve,Obama
172,approve,Obama
173,approve,Obama
174,approve,Obama
175,approve,Obama
176,approve,Obama
177,approve,Obama
178,approve,Obama
179,approve,Obama
180,approve,Obama
181,approve,Obama
182,approve,Obama
183,approve,Obama
184,approve,Obama
185,approve,Obama
186,approve,Obama
187,approve,Obama
188,approve,Obama
189,approve,Obama
190,approve,Obama
191,approve,Obama
192,approve,Obama
193,approve,Obama
194,approve,Obama
195,approve,Obama
196,approve,Obama
197,approve,Obama
198,approve,Obama
199,approve,Obama
200,approve,Obama
201,approve,Obama
202,approve,Obama
203,approve,Obama
204,approve,Obama
205,approve,Obama
206,approve,Obama
207,approve,Obama
208,approve,Obama
209,approve,Obama
210,approve,Obama
211,approve,Obama
212,approve,Obama
213,approve,Obama
214,approve,Obama
215,approve,Obama
216,approve,Obama
217,approve,Obama
218,approve,Obama
219,approve,Obama
220,approve,Obama
221,approve,Obama
222,approve,Obama
223,approve,Obama
224,approve,Obama
225,approve,Obama
226,approve,Obama
227,approve,Obama
228,approve,Obama
229,approve,Obama
230,approve,Obama
231,approve,Obama
232,approve,Obama
233,approve,Obama
234,approve,Obama
235,approve,Obama
236,approve,Obama
237,approve,Obama
238,approve,Obama
239,approve,Obama
240,approve,Obama
241,approve,Obama
242,approve,Obama
243,approve,Obama
244,approve,Obama
245,approve,Obama
246,approve,Obama
247,approve,Obama
248,approve,Obama
249,approve,Obama
250,approve,Obama
251,approve,Obama
252,approve,Obama
253,approve,Obama
254,approve,Obama
255,approve,Obama
256,approve,Obama
257,approve,Obama
258,approve,Obama
259,approve,Obama
260,approve,Obama
261,approve,Obama
262,approve,Obama
263,approve,Obama
264,approve,Obama
265,approve,Obama
266,approve,Obama
267,approve,Obama
268,approve,Obama
269,approve,Obama
270,approve,Obama
271,approve,Obama
272,approve,Obama
273,approve,Obama
274,approve,Obama
275,approve,Obama
276,approve,Obama
277,approve,Obama
278,approve,Obama
279,approve,Obama
280,approve,Obama
281,approve,Obama
282,approve,Obama
283,approve,Obama
284,approve,Obama
285,approve,Obama
286,approve,Obama
287,approve,Obama
288,approve,Obama
289,approve,Obama
290,approve,Obama
291,approve,Obama
292,approve,Obama
293,approve,Obama
294,approve,Obama
295,approve,Obama
296,approve,Obama
297,approve,Obama
298,approve,Obama
299,approve,Obama
300,approve,Obama
301,approve,Obama
302,approve,Obama
303,approve,Obama
304,approve,Obama
305,approve,Obama
306,approve,Obama
307,approve,Obama
308,approve,Obama
309,approve,Obama
310,approve,Obama
311,approve,Obama
312,approve,Obama
313,approve,Obama
314,approve,Obama
315,approve,Obama
316,approve,Obama
317,approve,Obama
318,approve,Obama
319,approve,Obama
320,approve,Obama
321,approve,Obama
322,approve,Obama
323,approve,Obama
324,approve,Obama
325,approve,Obama
326,approve,Obama
327,approve,Obama
328,approve,Obama
329,approve,Obama
330,approve,Obama
331,approve,Obama
332,approve,Obama
333,approve,Obama
334,approve,Obama
335,approve,Obama
336,approve,Obama
337,approve,Obama
338,approve,Obama
339,approve,Obama
340,approve,Obama
341,approve,Obama
342,approve,Obama
343,approve,Obama
344,approve,Obama
345,approve,Obama
346,approve,Obama
347,approve,Obama
348,approve,Obama
349,approve,Obama
350,approve,Obama
351,approve,Obama
352,approve,Obama
353,approve,Obama
354,approve,Obama
355,approve,Obama
356,approve,Obama
357,approve,Obama
358,approve,Obama
359,approve,Obama
360,approve,Obama
361,approve,Obama
362,approve,Obama
363,approve,Obama
364,approve,Obama
365,approve,Obama
366,approve,Obama
367,approve,Obama
368,approve,Obama
369,approve,Obama
370,approve,Obama
371,approve,Obama
372,approve,Obama
373,approve,Obama
374,approve,Obama
375,approve,Obama
376,approve,Obama
377,approve,Obama
378,approve,Obama
379,approve,Obama
380,approve,Obama
381,approve,Obama
382,approve,Obama
383,approve,Obama
384,approve,Obama
385,approve,Obama
386,approve,Obama
387,approve,Obama
388,approve,Obama
389,approve,Obama
390,approve,Obama
391,approve,Obama
392,approve,Obama
393,approve,Obama
394,approve,Obama
395,approve,Obama
396,approve,Obama
397,approve,Obama
398,approve,Obama
399,approve,Obama
400,approve,Obama
401,approve,Obama
402,approve,Obama
403,approve,Obama
404,approve,Obama
405,approve,Obama
406,approve,Obama
407,approve,Obama
408,approve,Obama
409,approve,Obama
410,approve,Obama
411,approve,Obama
412,approve,Obama
413,approve,Obama
414,approve,Obama
415,approve,Obama
416,approve,Obama
417,approve,Obama
418,approve,Obama
419,approve,Obama
420,approve,Obama
421,approve,Obama
422,approve,Obama
423,approve,Obama
424,approve,Obama
425,approve,Obama
426,approve,Obama
427,approve,Obama
428,approve,Obama
429,approve,Obama
430,approve,Obama
431,approve,Obama
432,approve,Obama
433,approve,Obama
434,approve,Obama
435,approve,Obama
436,approve,Obama
437,approve,Obama
438,approve,Obama
439,approve,Obama
440,approve,Obama
441,approve,Obama
442,approve,Obama
443,approve,Obama
444,approve,Obama
445,approve,Obama
446,approve,Obama
447,approve,Obama
448,approve,Obama
449,approve,Obama
450,approve,Obama
451,approve,Obama
452,approve,Obama
453,approve,Obama
454,approve,Obama
455,approve,Obama
456,approve,Obama
457,approve,Obama
458,approve,Obama
459,approve,Obama
460,approve,Obama
461,approve,Obama
462,approve,Obama
463,approve,Obama
464,approve,Obama
465,approve,Obama
466,approve,Obama
467,approve,Obama
468,approve,Obama
469,approve,Obama
470,approve,Obama
471,approve,Obama
472,approve,Obama
473,approve,Obama
474,approve,Obama
475,approve,Obama
476,approve,Obama
477,approve,Obama
478,approve,Obama
479,approve,Obama
480,approve,Obama
481,approve,Obama
482,approve,Obama
483,approve,Obama
484,approve,Obama
485,approve,Obama
486,approve,Obama
487,approve,Obama
488,approve,Obama
489,approve,Obama
490,approve,Obama
491,approve,Obama
492,approve,Obama
493,approve,Obama
494,approve,Obama
495,approve,Obama
496,approve,Obama
497,approve,Obama
498,approve,Obama
499,approve,Obama
500,approve,Obama
501,approve,Obama
502,approve,Obama
503,approve,Obama
504,approve,Obama
505,approve,Obama
506,approve,Obama
507,approve,Obama
508,approve,Obama
509,approve,Obama
510,approve,Obama
511,approve,Obama
512,approve,Obama
513,approve,Obama
514,approve,Obama
515,approve,Obama
516,approve,Obama
517,approve,Obama
518,approve,Obama
519,approve,Obama
520,approve,Obama
521,approve,Obama
522,approve,Obama
523,approve,Obama
524,approve,Obama
525,approve,Obama
526,approve,Obama
527,approve,Obama
528,approve,Obama
529,approve,Obama
530,approve,Obama
531,approve,Obama
532,approve,Obama
533,approve,Obama
534,approve,Obama
535,approve,Obama
536,approve,Obama
537,approve,Obama
538,approve,Obama
539,approve,Obama
540,approve,Obama
541,approve,Obama
542,approve,Obama
543,approve,Obama
544,approve,Obama
545,approve,Obama
546,approve,Obama
547,approve,Obama
548,approve,Obama
549,approve,Obama
550,approve,Obama
551,approve,Obama
552,approve,Obama
553,approve,Obama
554,approve,Obama
555,approve,Obama
556,approve,Obama
557,approve,Obama
558,approve,Obama
559,approve,Obama
560,approve,Obama
561,approve,Obama
562,approve,Obama
563,approve,Obama
564,approve,Obama
565,approve,Obama
566,approve,Obama
567,approve,Obama
568,approve,Obama
569,approve,Obama
570,approve,Obama
571,approve,Obama
572,approve,Obama
573,approve,Obama
574,approve,Obama
575,approve,Obama
576,approve,Obama
577,approve,Obama
578,approve,Obama
579,approve,Obama
580,approve,Obama
581,approve,Obama
582,approve,Obama
583,approve,Obama
584,approve,Obama
585,approve,Obama
586,approve,Obama
587,approve,Obama
588,approve,Obama
589,approve,Obama
590,approve,Obama
591,approve,Obama
592,approve,Obama
593,approve,Obama
594,approve,Obama
595,approve,Obama
596,approve,Obama
597,approve,Obama
598,approve,Obama
599,approve,Obama
600,approve,Obama
601,approve,Obama
602,approve,Obama
603,approve,Obama
604,approve,Obama
605,approve,Obama
606,approve,Obama
607,approve,Obama
608,approve,Obama
609,approve,Obama
610,approve,Obama
611,approve,Obama
612,approve,Obama
613,approve,Obama
614,approve,Obama
615,approve,Obama
616,approve,Obama
617,approve,Obama
618,approve,Obama
619,approve,Obama
620,approve,Obama
621,approve,Obama
622,approve,Obama
623,approve,Obama
624,approve,Obama
625,approve,Obama
626,approve,Obama
627,approve,Obama
628,approve,Obama
629,approve,Obama
630,approve,Obama
631,approve,Obama
632,approve,Obama
633,approve,Obama
634,approve,Obama
635,approve,Obama
636,approve,Obama
637,approve,Obama
638,approve,Obama
639,approve,Obama
640,approve,Obama
641,approve,Obama
642,approve,Obama
643,approve,Obama
644,approve,Obama
645,approve,Obama
646,approve,Obama
647,approve,Obama
648,approve,Obama
649,approve,Obama
650,approve,Obama
651,approve,Obama
652,approve,Obama
653,approve,Obama
654,approve,Obama
655,approve,Obama
656,approve,Obama
657,approve,Obama
658,approve,Obama
659,approve,Obama
660,approve,Obama
661,approve,Obama
662,approve,Obama
663,approve,Obama
664,approve,Obama
665,approve,Obama
666,approve,Obama
667,approve,Obama
668,approve,Obama
669,approve,Obama
670,approve,Obama
671,approve,Obama
672,approve,Obama
673,approve,Obama
674,approve,Obama
675,approve,Obama
676,approve,Obama
677,approve,Obama
678,approve,Obama
679,approve,Obama
680,approve,Obama
681,approve,Obama
682,approve,Obama
683,approve,Obama
684,approve,Obama
685,approve,Obama
686,approve,Obama
687,approve,Obama
688,approve,Obama
689,approve,Obama
690,approve,Obama
691,approve,Obama
692,approve,Obama
693,approve,Obama
694,approve,Obama
695,approve,Obama
696,approve,Obama
697,approve,Obama
698,approve,Obama
699,approve,Obama
700,approve,Obama
701,approve,Obama
702,approve,Obama
703,approve,Obama
704,approve,Obama
705,approve,Obama
706,approve,Obama
707,approve,Obama
708,approve,Obama
709,approve,Obama
710,approve,Obama
711,approve,Obama
712,approve,Obama
713,approve,Obama
714,approve,Obama
715,approve,Obama
716,approve,Obama
717,approve,Obama
718,approve,Obama
719,approve,Obama
720,approve,Obama
721,approve,Obama
722,approve,Obama
723,approve,Obama
724,approve,Obama
725,approve,Obama
726,approve,Obama
727,approve,Obama
728,approve,Obama
729,approve,Obama
730,approve,Obama
731,approve,Obama
732,approve,Obama
733,approve,Obama
734,approve,Obama
735,approve,Obama
736,approve,Obama
737,approve,Obama
738,approve,Obama
739,approve,Obama
740,approve,Obama
741,approve,Obama
742,approve,Obama
743,approve,Obama
744,approve,Obama
745,approve,Obama
746,approve,Obama
747,approve,Obama
748,approve,Obama
749,approve,Obama
750,approve,Obama
751,approve,Obama
752,approve,Obama
753,approve,Obama
754,approve,Obama
755,approve,Obama
756,approve,Obama
757,approve,Obama
758,approve,Obama
759,approve,Obama
760,approve,Obama
761,approve,Obama
762,approve,Obama
763,approve,Obama
764,approve,Obama
765,approve,Obama
766,approve,Obama
767,approve,Obama
768,approve,Obama
769,approve,Obama
770,approve,Obama
771,approve,Obama
772,approve,Obama
773,approve,Obama
774,approve,Obama
775,approve,Obama
776,approve,Obama
777,approve,Obama
778,approve,Obama
779,approve,Obama
780,approve,Obama
781,approve,Obama
782,approve,Obama
783,approve,Obama
784,approve,Obama
785,approve,Obama
786,approve,Obama
787,approve,Obama
788,approve,Obama
789,approve,Obama
790,approve,Obama
791,approve,Obama
792,approve,Obama
793,approve,Obama
794,approve,Obama
795,approve,Obama
796,approve,Obama
797,approve,Obama
798,approve,Obama
799,approve,Obama
800,approve,Obama
801,approve,Obama
802,approve,Obama
803,approve,Obama
804,approve,Obama
805,approve,Obama
806,approve,Obama
807,approve,Obama
808,approve,Obama
809,approve,Obama
810,approve,Obama
811,approve,Obama
812,approve,Obama
813,approve,Obama
814,approve,Obama
815,approve,Obama
816,approve,Obama
817,approve,Obama
818,approve,Obama
819,approve,Obama
820,approve,Obama
821,approve,Obama
822,approve,Obama
823,approve,Obama
824,approve,Obama
825,approve,Obama
826,approve,Obama
827,approve,Obama
828,approve,Obama
829,approve,Obama
830,approve,Obama
831,approve,Obama
832,approve,Obama
833,approve,Obama
834,approve,Obama
835,approve,Obama
836,approve,Obama
837,approve,Obama
838,approve,Obama
839,approve,Obama
840,approve,Obama
841,approve,Obama
842,approve,Obama
843,approve,Democrats
844,approve,Democrats
845,approve,Democrats
846,approve,Democrats
847,approve,Democrats
848,approve,Democrats
849,approve,Democrats
850,approve,Democrats
851,approve,Democrats
852,approve,Democrats
853,approve,Democrats
854,approve,Democrats
855,approve,Democrats
856,approve,Democrats
857,approve,Democrats
858,approve,Democrats
859,approve,Democrats
860,approve,Democrats
861,approve,Democrats
862,approve,Democrats
863,approve,Democrats
864,approve,Democrats
865,approve,Democrats
866,approve,Democrats
867,approve,Democrats
868,approve,Democrats
869,approve,Democrats
870,approve,Democrats
871,approve,Democrats
872,approve,Democrats
873,approve,Democrats
874,approve,Democrats
875,approve,Democrats
876,approve,Democrats
877,approve,Democrats
878,approve,Democrats
879,approve,Democrats
880,approve,Democrats
881,approve,Democrats
882,approve,Democrats
883,approve,Democrats
884,approve,Democrats
885,approve,Democrats
886,approve,Democrats
887,approve,Democrats
888,approve,Democrats
889,approve,Democrats
890,approve,Democrats
891,approve,Democrats
892,approve,Democrats
893,approve,Democrats
894,approve,Democrats
895,approve,Democrats
896,approve,Democrats
897,approve,Democrats
898,approve,Democrats
899,approve,Democrats
900,approve,Democrats
901,approve,Democrats
902,approve,Democrats
903,approve,Democrats
904,approve,Democrats
905,approve,Democrats
906,approve,Democrats
907,approve,Democrats
908,approve,Democrats
909,approve,Democrats
910,approve,Democrats
911,approve,Democrats
912,approve,Democrats
913,approve,Democrats
914,approve,Democrats
915,approve,Democrats
916,approve,Democrats
917,approve,Democrats
918,approve,Democrats
919,approve,Democrats
920,approve,Democrats
921,approve,Democrats
922,approve,Democrats
923,approve,Democrats
924,approve,Democrats
925,approve,Democrats
926,approve,Democrats
927,approve,Democrats
928,approve,Democrats
929,approve,Democrats
930,approve,Democrats
931,approve,Democrats
932,approve,Democrats
933,approve,Democrats
934,approve,Democrats
935,approve,Democrats
936,approve,Democrats
937,approve,Democrats
938,approve,Democrats
939,approve,Democrats
940,approve,Democrats
941,approve,Democrats
942,approve,Democrats
943,approve,Democrats
944,approve,Democrats
945,approve,Democrats
946,approve,Democrats
947,approve,Democrats
948,approve,Democrats
949,approve,Democrats
950,approve,Democrats
951,approve,Democrats
952,approve,Democrats
953,approve,Democrats
954,approve,Democrats
955,approve,Democrats
956,approve,Democrats
957,approve,Democrats
958,approve,Democrats
959,approve,Democrats
960,approve,Democrats
961,approve,Democrats
962,approve,Democrats
963,approve,Democrats
964,approve,Democrats
965,approve,Democrats
966,approve,Democrats
967,approve,Democrats
968,approve,Democrats
969,approve,Democrats
970,approve,Democrats
971,approve,Democrats
972,approve,Democrats
973,approve,Democrats
974,approve,Democrats
975,approve,Democrats
976,approve,Democrats
977,approve,Democrats
978,approve,Democrats
979,approve,Democrats
980,approve,Democrats
981,approve,Democrats
982,approve,Democrats
983,approve,Democrats
984,approve,Democrats
985,approve,Democrats
986,approve,Democrats
987,approve,Democrats
988,approve,Democrats
989,approve,Democrats
990,approve,Democrats
991,approve,Democrats
992,approve,Democrats
993,approve,Democrats
994,approve,Democrats
995,approve,Democrats
996,approve,Democrats
997,approve,Democrats
998,approve,Democrats
999,approve,Democrats
1000,approve,Democrats
1001,approve,Democrats
1002,approve,Democrats
1003,approve,Democrats
1004,approve,Democrats
1005,approve,Democrats
1006,approve,Democrats
1007,approve,Democrats
1008,approve,Democrats
1009,approve,Democrats
1010,approve,Democrats
1011,approve,Democrats
1012,approve,Democrats
1013,approve,Democrats
1014,approve,Democrats
1015,approve,Democrats
1016,approve,Democrats
1017,approve,Democrats
1018,approve,Democrats
1019,approve,Democrats
1020,approve,Democrats
1021,approve,Democrats
1022,approve,Democrats
1023,approve,Democrats
1024,approve,Democrats
1025,approve,Democrats
1026,approve,Democrats
1027,approve,Democrats
1028,approve,Democrats
1029,approve,Democrats
1030,approve,Democrats
1031,approve,Democrats
1032,approve,Democrats
1033,approve,Democrats
1034,approve,Democrats
1035,approve,Democrats
1036,approve,Democrats
1037,approve,Democrats
1038,approve,Democrats
1039,approve,Democrats
1040,approve,Democrats
1041,approve,Democrats
1042,approve,Democrats
1043,approve,Democrats
1044,approve,Democrats
1045,approve,Democrats
1046,approve,Democrats
1047,approve,Democrats
1048,approve,Democrats
1049,approve,Democrats
1050,approve,Democrats
1051,approve,Democrats
1052,approve,Democrats
1053,approve,Democrats
1054,approve,Democrats
1055,approve,Democrats
1056,approve,Democrats
1057,approve,Democrats
1058,approve,Democrats
1059,approve,Democrats
1060,approve,Democrats
1061,approve,Democrats
1062,approve,Democrats
1063,approve,Democrats
1064,approve,Democrats
1065,approve,Democrats
1066,approve,Democrats
1067,approve,Democrats
1068,approve,Democrats
1069,approve,Democrats
1070,approve,Democrats
1071,approve,Democrats
1072,approve,Democrats
1073,approve,Democrats
1074,approve,Democrats
1075,approve,Democrats
1076,approve,Democrats
1077,approve,Democrats
1078,approve,Democrats
1079,approve,Democrats
1080,approve,Democrats
1081,approve,Democrats
1082,approve,Democrats
1083,approve,Democrats
1084,approve,Democrats
1085,approve,Democrats
1086,approve,Democrats
1087,approve,Democrats
1088,approve,Democrats
1089,approve,Democrats
1090,approve,Democrats
1091,approve,Democrats
1092,approve,Democrats
1093,approve,Democrats
1094,approve,Democrats
1095,approve,Democrats
1096,approve,Democrats
1097,approve,Democrats
1098,approve,Democrats
1099,approve,Democrats
1100,approve,Democrats
1101,approve,Democrats
1102,approve,Democrats
1103,approve,Democrats
1104,approve,Democrats
1105,approve,Democrats
1106,approve,Democrats
1107,approve,Democrats
1108,approve,Democrats
1109,approve,Democrats
1110,approve,Democrats
1111,approve,Democrats
1112,approve,Democrats
1113,approve,Democrats
1114,approve,Democrats
1115,approve,Democrats
1116,approve,Democrats
1117,approve,Democrats
1118,approve,Democrats
1119,approve,Democrats
1120,approve,Democrats
1121,approve,Democrats
1122,approve,Democrats
1123,approve,Democrats
1124,approve,Democrats
1125,approve,Democrats
1126,approve,Democrats
1127,approve,Democrats
1128,approve,Democrats
1129,approve,Democrats
1130,approve,Democrats
1131,approve,Democrats
1132,approve,Democrats
1133,approve,Democrats
1134,approve,Democrats
1135,approve,Democrats
1136,approve,Democrats
1137,approve,Democrats
1138,approve,Democrats
1139,approve,Democrats
1140,approve,Democrats
1141,approve,Democrats
1142,approve,Democrats
1143,approve,Democrats
1144,approve,Democrats
1145,approve,Democrats
1146,approve,Democrats
1147,approve,Democrats
1148,approve,Democrats
1149,approve,Democrats
1150,approve,Democrats
1151,approve,Democrats
1152,approve,Democrats
1153,approve,Democrats
1154,approve,Democrats
1155,approve,Democrats
1156,approve,Democrats
1157,approve,Democrats
1158,approve,Democrats
1159,approve,Democrats
1160,approve,Democrats
1161,approve,Democrats
1162,approve,Democrats
1163,approve,Democrats
1164,approve,Democrats
1165,approve,Democrats
1166,approve,Democrats
1167,approve,Democrats
1168,approve,Democrats
1169,approve,Democrats
1170,approve,Democrats
1171,approve,Democrats
1172,approve,Democrats
1173,approve,Democrats
1174,approve,Democrats
1175,approve,Democrats
1176,approve,Democrats
1177,approve,Democrats
1178,approve,Democrats
1179,approve,Democrats
1180,approve,Democrats
1181,approve,Democrats
1182,approve,Democrats
1183,approve,Democrats
1184,approve,Democrats
1185,approve,Democrats
1186,approve,Democrats
1187,approve,Democrats
1188,approve,Democrats
1189,approve,Democrats
1190,approve,Democrats
1191,approve,Democrats
1192,approve,Democrats
1193,approve,Democrats
1194,approve,Democrats
1195,approve,Democrats
1196,approve,Democrats
1197,approve,Democrats
1198,approve,Democrats
1199,approve,Democrats
1200,approve,Democrats
1201,approve,Democrats
1202,approve,Democrats
1203,approve,Democrats
1204,approve,Democrats
1205,approve,Democrats
1206,approve,Democrats
1207,approve,Democrats
1208,approve,Democrats
1209,approve,Democrats
1210,approve,Democrats
1211,approve,Democrats
1212,approve,Democrats
1213,approve,Democrats
1214,approve,Democrats
1215,approve,Democrats
1216,approve,Democrats
1217,approve,Democrats
1218,approve,Democrats
1219,approve,Democrats
1220,approve,Democrats
1221,approve,Democrats
1222,approve,Democrats
1223,approve,Democrats
1224,approve,Democrats
1225,approve,Democrats
1226,approve,Democrats
1227,approve,Democrats
1228,approve,Democrats
1229,approve,Democrats
1230,approve,Democrats
1231,approve,Democrats
1232,approve,Democrats
1233,approve,Democrats
1234,approve,Democrats
1235,approve,Democrats
1236,approve,Democrats
1237,approve,Democrats
1238,approve,Democrats
1239,approve,Democrats
1240,approve,Democrats
1241,approve,Democrats
1242,approve,Democrats
1243,approve,Democrats
1244,approve,Democrats
1245,approve,Democrats
1246,approve,Democrats
1247,approve,Democrats
1248,approve,Democrats
1249,approve,Democrats
1250,approve,Democrats
1251,approve,Democrats
1252,approve,Democrats
1253,approve,Democrats
1254,approve,Democrats
1255,approve,Democrats
1256,approve,Democrats
1257,approve,Democrats
1258,approve,Democrats
1259,approve,Democrats
1260,approve,Democrats
1261,approve,Democrats
1262,approve,Democrats
1263,approve,Democrats
1264,approve,Democrats
1265,approve,Democrats
1266,approve,Democrats
1267,approve,Democrats
1268,approve,Democrats
1269,approve,Democrats
1270,approve,Democrats
1271,approve,Democrats
1272,approve,Democrats
1273,approve,Democrats
1274,approve,Democrats
1275,approve,Democrats
1276,approve,Democrats
1277,approve,Democrats
1278,approve,Democrats
1279,approve,Democrats
1280,approve,Democrats
1281,approve,Democrats
1282,approve,Democrats
1283,approve,Democrats
1284,approve,Democrats
1285,approve,Democrats
1286,approve,Democrats
1287,approve,Democrats
1288,approve,Democrats
1289,approve,Democrats
1290,approve,Democrats
1291,approve,Democrats
1292,approve,Democrats
1293,approve,Democrats
1294,approve,Democrats
1295,approve,Democrats
1296,approve,Democrats
1297,approve,Democrats
1298,approve,Democrats
1299,approve,Democrats
1300,approve,Democrats
1301,approve,Democrats
1302,approve,Democrats
1303,approve,Democrats
1304,approve,Democrats
1305,approve,Democrats
1306,approve,Democrats
1307,approve,Democrats
1308,approve,Democrats
1309,approve,Democrats
1310,approve,Democrats
1311,approve,Democrats
1312,approve,Democrats
1313,approve,Democrats
1314,approve,Democrats
1315,approve,Democrats
1316,approve,Democrats
1317,approve,Democrats
1318,approve,Democrats
1319,approve,Democrats
1320,approve,Democrats
1321,approve,Democrats
1322,approve,Democrats
1323,approve,Democrats
1324,approve,Democrats
1325,approve,Democrats
1326,approve,Democrats
1327,approve,Democrats
1328,approve,Democrats
1329,approve,Democrats
1330,approve,Democrats
1331,approve,Democrats
1332,approve,Democrats
1333,approve,Democrats
1334,approve,Democrats
1335,approve,Democrats
1336,approve,Democrats
1337,approve,Democrats
1338,approve,Democrats
1339,approve,Democrats
1340,approve,Democrats
1341,approve,Democrats
1342,approve,Democrats
1343,approve,Democrats
1344,approve,Democrats
1345,approve,Democrats
1346,approve,Democrats
1347,approve,Democrats
1348,approve,Democrats
1349,approve,Democrats
1350,approve,Democrats
1351,approve,Democrats
1352,approve,Democrats
1353,approve,Democrats
1354,approve,Democrats
1355,approve,Democrats
1356,approve,Democrats
1357,approve,Democrats
1358,approve,Democrats
1359,approve,Democrats
1360,approve,Democrats
1361,approve,Democrats
1362,approve,Democrats
1363,approve,Democrats
1364,approve,Democrats
1365,approve,Democrats
1366,approve,Democrats
1367,approve,Democrats
1368,approve,Democrats
1369,approve,Democrats
1370,approve,Democrats
1371,approve,Democrats
1372,approve,Democrats
1373,approve,Democrats
1374,approve,Democrats
1375,approve,Democrats
1376,approve,Democrats
1377,approve,Democrats
1378,approve,Democrats
1379,approve,Democrats
1380,approve,Democrats
1381,approve,Democrats
1382,approve,Democrats
1383,approve,Democrats
1384,approve,Democrats
1385,approve,Democrats
1386,approve,Democrats
1387,approve,Democrats
1388,approve,Democrats
1389,approve,Democrats
1390,approve,Democrats
1391,approve,Democrats
1392,approve,Democrats
1393,approve,Democrats
1394,approve,Democrats
1395,approve,Democrats
1396,approve,Democrats
1397,approve,Democrats
1398,approve,Democrats
1399,approve,Democrats
1400,approve,Democrats
1401,approve,Democrats
1402,approve,Democrats
1403,approve,Democrats
1404,approve,Democrats
1405,approve,Democrats
1406,approve,Democrats
1407,approve,Democrats
1408,approve,Democrats
1409,approve,Democrats
1410,approve,Democrats
1411,approve,Democrats
1412,approve,Democrats
1413,approve,Democrats
1414,approve,Democrats
1415,approve,Democrats
1416,approve,Democrats
1417,approve,Democrats
1418,approve,Democrats
1419,approve,Democrats
1420,approve,Democrats
1421,approve,Democrats
1422,approve,Democrats
1423,approve,Democrats
1424,approve,Democrats
1425,approve,Democrats
1426,approve,Democrats
1427,approve,Democrats
1428,approve,Democrats
1429,approve,Democrats
1430,approve,Democrats
1431,approve,Democrats
1432,approve,Democrats
1433,approve,Democrats
1434,approve,Democrats
1435,approve,Democrats
1436,approve,Democrats
1437,approve,Democrats
1438,approve,Democrats
1439,approve,Democrats
1440,approve,Democrats
1441,approve,Democrats
1442,approve,Democrats
1443,approve,Democrats
1444,approve,Democrats
1445,approve,Democrats
1446,approve,Democrats
1447,approve,Democrats
1448,approve,Democrats
1449,approve,Democrats
1450,approve,Democrats
1451,approve,Democrats
1452,approve,Democrats
1453,approve,Democrats
1454,approve,Democrats
1455,approve,Democrats
1456,approve,Democrats
1457,approve,Democrats
1458,approve,Democrats
1459,approve,Democrats
1460,approve,Democrats
1461,approve,Democrats
1462,approve,Democrats
1463,approve,Democrats
1464,approve,Democrats
1465,approve,Democrats
1466,approve,Democrats
1467,approve,Democrats
1468,approve,Democrats
1469,approve,Democrats
1470,approve,Democrats
1471,approve,Democrats
1472,approve,Democrats
1473,approve,Democrats
1474,approve,Democrats
1475,approve,Democrats
1476,approve,Democrats
1477,approve,Democrats
1478,approve,Democrats
1479,approve,Democrats
1480,approve,Democrats
1481,approve,Democrats
1482,approve,Democrats
1483,approve,Democrats
1484,approve,Democrats
1485,approve,Democrats
1486,approve,Democrats
1487,approve,Democrats
1488,approve,Democrats
1489,approve,Democrats
1490,approve,Democrats
1491,approve,Democrats
1492,approve,Democrats
1493,approve,Democrats
1494,approve,Democrats
1495,approve,Democrats
1496,approve,Democrats
1497,approve,Democrats
1498,approve,Democrats
1499,approve,Democrats
1500,approve,Democrats
1501,approve,Democrats
1502,approve,Democrats
1503,approve,Democrats
1504,approve,Democrats
1505,approve,Democrats
1506,approve,Democrats
1507,approve,Democrats
1508,approve,Democrats
1509,approve,Democrats
1510,approve,Democrats
1511,approve,Democrats
1512,approve,Democrats
1513,approve,Democrats
1514,approve,Democrats
1515,approve,Democrats
1516,approve,Democrats
1517,approve,Democrats
1518,approve,Democrats
1519,approve,Democrats
1520,approve,Democrats
1521,approve,Democrats
1522,approve,Democrats
1523,approve,Democrats
1524,approve,Democrats
1525,approve,Democrats
1526,approve,Democrats
1527,approve,Democrats
1528,approve,Democrats
1529,approve,Democrats
1530,approve,Democrats
1531,approve,Democrats
1532,approve,Democrats
1533,approve,Democrats
1534,approve,Democrats
1535,approve,Democrats
1536,approve,Democrats
1537,approve,Democrats
1538,approve,Democrats
1539,approve,Democrats
1540,approve,Democrats
1541,approve,Democrats
1542,approve,Democrats
1543,approve,Democrats
1544,approve,Democrats
1545,approve,Democrats
1546,approve,Democrats
1547,approve,Democrats
1548,approve,Democrats
1549,approve,Democrats
1550,approve,Democrats
1551,approve,Democrats
1552,approve,Democrats
1553,approve,Democrats
1554,approve,Democrats
1555,approve,Democrats
1556,approve,Democrats
1557,approve,Democrats
1558,approve,Democrats
1559,approve,Democrats
1560,approve,Democrats
1561,approve,Democrats
1562,approve,Democrats
1563,approve,Democrats
1564,approve,Democrats
1565,approve,Democrats
1566,approve,Democrats
1567,approve,Democrats
1568,approve,Democrats
1569,approve,Democrats
1570,approve,Democrats
1571,approve,Democrats
1572,approve,Democrats
1573,approve,Democrats
1574,approve,Democrats
1575,approve,Democrats
1576,approve,Democrats
1577,approve,Democrats
1578,approve,Democrats
1579,approve,Republicans
1580,approve,Republicans
1581,approve,Republicans
1582,approve,Republicans
1583,approve,Republicans
1584,approve,Republicans
1585,approve,Republicans
1586,approve,Republicans
1587,approve,Republicans
1588,approve,Republicans
1589,approve,Republicans
1590,approve,Republicans
1591,approve,Republicans
1592,approve,Republicans
1593,approve,Republicans
1594,approve,Republicans
1595,approve,Republicans
1596,approve,Republicans
1597,approve,Republicans
1598,approve,Republicans
1599,approve,Republicans
1600,approve,Republicans
1601,approve,Republicans
1602,approve,Republicans
1603,approve,Republicans
1604,approve,Republicans
1605,approve,Republicans
1606,approve,Republicans
1607,approve,Republicans
1608,approve,Republicans
1609,approve,Republicans
1610,approve,Republicans
1611,approve,Republicans
1612,approve,Republicans
1613,approve,Republicans
1614,approve,Republicans
1615,approve,Republicans
1616,approve,Republicans
1617,approve,Republicans
1618,approve,Republicans
1619,approve,Republicans
1620,approve,Republicans
1621,approve,Republicans
1622,approve,Republicans
1623,approve,Republicans
1624,approve,Republicans
1625,approve,Republicans
1626,approve,Republicans
1627,approve,Republicans
1628,approve,Republicans
1629,approve,Republicans
1630,approve,Republicans
1631,approve,Republicans
1632,approve,Republicans
1633,approve,Republicans
1634,approve,Republicans
1635,approve,Republicans
1636,approve,Republicans
1637,approve,Republicans
1638,approve,Republicans
1639,approve,Republicans
1640,approve,Republicans
1641,approve,Republicans
1642,approve,Republicans
1643,approve,Republicans
1644,approve,Republicans
1645,approve,Republicans
1646,approve,Republicans
1647,approve,Republicans
1648,approve,Republicans
1649,approve,Republicans
1650,approve,Republicans
1651,approve,Republicans
1652,approve,Republicans
1653,approve,Republicans
1654,approve,Republicans
1655,approve,Republicans
1656,approve,Republicans
1657,approve,Republicans
1658,approve,Republicans
1659,approve,Republicans
1660,approve,Republicans
1661,approve,Republicans
1662,approve,Republicans
1663,approve,Republicans
1664,approve,Republicans
1665,approve,Republicans
1666,approve,Republicans
1667,approve,Republicans
1668,approve,Republicans
1669,approve,Republicans
1670,approve,Republicans
1671,approve,Republicans
1672,approve,Republicans
1673,approve,Republicans
1674,approve,Republicans
1675,approve,Republicans
1676,approve,Republicans
1677,approve,Republicans
1678,approve,Republicans
1679,approve,Republicans
1680,approve,Republicans
1681,approve,Republicans
1682,approve,Republicans
1683,approve,Republicans
1684,approve,Republicans
1685,approve,Republicans
1686,approve,Republicans
1687,approve,Republicans
1688,approve,Republicans
1689,approve,Republicans
1690,approve,Republicans
1691,approve,Republicans
1692,approve,Republicans
1693,approve,Republicans
1694,approve,Republicans
1695,approve,Republicans
1696,approve,Republicans
1697,approve,Republicans
1698,approve,Republicans
1699,approve,Republicans
1700,approve,Republicans
1701,approve,Republicans
1702,approve,Republicans
1703,approve,Republicans
1704,approve,Republicans
1705,approve,Republicans
1706,approve,Republicans
1707,approve,Republicans
1708,approve,Republicans
1709,approve,Republicans
1710,approve,Republicans
1711,approve,Republicans
1712,approve,Republicans
1713,approve,Republicans
1714,approve,Republicans
1715,approve,Republicans
1716,approve,Republicans
1717,approve,Republicans
1718,approve,Republicans
1719,approve,Republicans
1720,approve,Republicans
1721,approve,Republicans
1722,approve,Republicans
1723,approve,Republicans
1724,approve,Republicans
1725,approve,Republicans
1726,approve,Republicans
1727,approve,Republicans
1728,approve,Republicans
1729,approve,Republicans
1730,approve,Republicans
1731,approve,Republicans
1732,approve,Republicans
1733,approve,Republicans
1734,approve,Republicans
1735,approve,Republicans
1736,approve,Republicans
1737,approve,Republicans
1738,approve,Republicans
1739,approve,Republicans
1740,approve,Republicans
1741,approve,Republicans
1742,approve,Republicans
1743,approve,Republicans
1744,approve,Republicans
1745,approve,Republicans
1746,approve,Republicans
1747,approve,Republicans
1748,approve,Republicans
1749,approve,Republicans
1750,approve,Republicans
1751,approve,Republicans
1752,approve,Republicans
1753,approve,Republicans
1754,approve,Republicans
1755,approve,Republicans
1756,approve,Republicans
1757,approve,Republicans
1758,approve,Republicans
1759,approve,Republicans
1760,approve,Republicans
1761,approve,Republicans
1762,approve,Republicans
1763,approve,Republicans
1764,approve,Republicans
1765,approve,Republicans
1766,approve,Republicans
1767,approve,Republicans
1768,approve,Republicans
1769,approve,Republicans
1770,approve,Republicans
1771,approve,Republicans
1772,approve,Republicans
1773,approve,Republicans
1774,approve,Republicans
1775,approve,Republicans
1776,approve,Republicans
1777,approve,Republicans
1778,approve,Republicans
1779,approve,Republicans
1780,approve,Republicans
1781,approve,Republicans
1782,approve,Republicans
1783,approve,Republicans
1784,approve,Republicans
1785,approve,Republicans
1786,approve,Republicans
1787,approve,Republicans
1788,approve,Republicans
1789,approve,Republicans
1790,approve,Republicans
1791,approve,Republicans
1792,approve,Republicans
1793,approve,Republicans
1794,approve,Republicans
1795,approve,Republicans
1796,approve,Republicans
1797,approve,Republicans
1798,approve,Republicans
1799,approve,Republicans
1800,approve,Republicans
1801,approve,Republicans
1802,approve,Republicans
1803,approve,Republicans
1804,approve,Republicans
1805,approve,Republicans
1806,approve,Republicans
1807,approve,Republicans
1808,approve,Republicans
1809,approve,Republicans
1810,approve,Republicans
1811,approve,Republicans
1812,approve,Republicans
1813,approve,Republicans
1814,approve,Republicans
1815,approve,Republicans
1816,approve,Republicans
1817,approve,Republicans
1818,approve,Republicans
1819,approve,Republicans
1820,approve,Republicans
1821,approve,Republicans
1822,approve,Republicans
1823,approve,Republicans
1824,approve,Republicans
1825,approve,Republicans
1826,approve,Republicans
1827,approve,Republicans
1828,approve,Republicans
1829,approve,Republicans
1830,approve,Republicans
1831,approve,Republicans
1832,approve,Republicans
1833,approve,Republicans
1834,approve,Republicans
1835,approve,Republicans
1836,approve,Republicans
1837,approve,Republicans
1838,approve,Republicans
1839,approve,Republicans
1840,approve,Republicans
1841,approve,Republicans
1842,approve,Republicans
1843,approve,Republicans
1844,approve,Republicans
1845,approve,Republicans
1846,approve,Republicans
1847,approve,Republicans
1848,approve,Republicans
1849,approve,Republicans
1850,approve,Republicans
1851,approve,Republicans
1852,approve,Republicans
1853,approve,Republicans
1854,approve,Republicans
1855,approve,Republicans
1856,approve,Republicans
1857,approve,Republicans
1858,approve,Republicans
1859,approve,Republicans
1860,approve,Republicans
1861,approve,Republicans
1862,approve,Republicans
1863,approve,Republicans
1864,approve,Republicans
1865,approve,Republicans
1866,approve,Republicans
1867,approve,Republicans
1868,approve,Republicans
1869,approve,Republicans
1870,approve,Republicans
1871,approve,Republicans
1872,approve,Republicans
1873,approve,Republicans
1874,approve,Republicans
1875,approve,Republicans
1876,approve,Republicans
1877,approve,Republicans
1878,approve,Republicans
1879,approve,Republicans
1880,approve,Republicans
1881,approve,Republicans
1882,approve,Republicans
1883,approve,Republicans
1884,approve,Republicans
1885,approve,Republicans
1886,approve,Republicans
1887,approve,Republicans
1888,approve,Republicans
1889,approve,Republicans
1890,approve,Republicans
1891,approve,Republicans
1892,approve,Republicans
1893,approve,Republicans
1894,approve,Republicans
1895,approve,Republicans
1896,approve,Republicans
1897,approve,Republicans
1898,approve,Republicans
1899,approve,Republicans
1900,approve,Republicans
1901,approve,Republicans
1902,approve,Republicans
1903,approve,Republicans
1904,approve,Republicans
1905,approve,Republicans
1906,approve,Republicans
1907,approve,Republicans
1908,approve,Republicans
1909,approve,Republicans
1910,approve,Republicans
1911,approve,Republicans
1912,approve,Republicans
1913,approve,Republicans
1914,approve,Republicans
1915,approve,Republicans
1916,approve,Republicans
1917,approve,Republicans
1918,approve,Republicans
1919,approve,Republicans
1920,approve,Republicans
1921,approve,Republicans
1922,approve,Republicans
1923,approve,Republicans
1924,approve,Republicans
1925,approve,Republicans
1926,approve,Republicans
1927,approve,Republicans
1928,approve,Republicans
1929,approve,Republicans
1930,approve,Republicans
1931,approve,Republicans
1932,approve,Republicans
1933,approve,Republicans
1934,approve,Republicans
1935,approve,Republicans
1936,approve,Republicans
1937,approve,Republicans
1938,approve,Republicans
1939,approve,Republicans
1940,approve,Republicans
1941,approve,Republicans
1942,approve,Republicans
1943,approve,Republicans
1944,approve,Republicans
1945,approve,Republicans
1946,approve,Republicans
1947,approve,Republicans
1948,approve,Republicans
1949,approve,Republicans
1950,approve,Republicans
1951,approve,Republicans
1952,approve,Republicans
1953,approve,Republicans
1954,approve,Republicans
1955,approve,Republicans
1956,approve,Republicans
1957,approve,Republicans
1958,approve,Republicans
1959,approve,Republicans
1960,approve,Republicans
1961,approve,Republicans
1962,approve,Republicans
1963,approve,Republicans
1964,approve,Republicans
1965,approve,Republicans
1966,approve,Republicans
1967,approve,Republicans
1968,approve,Republicans
1969,approve,Republicans
1970,approve,Republicans
1971,approve,Republicans
1972,approve,Republicans
1973,approve,Republicans
1974,approve,Republicans
1975,approve,Republicans
1976,approve,Republicans
1977,approve,Republicans
1978,approve,Republicans
1979,approve,Republicans
1980,approve,Republicans
1981,approve,Republicans
1982,approve,Republicans
1983,approve,Republicans
1984,approve,Republicans
1985,approve,Republicans
1986,approve,Republicans
1987,approve,Republicans
1988,approve,Republicans
1989,approve,Republicans
1990,approve,Republicans
1991,approve,Republicans
1992,approve,Republicans
1993,approve,Republicans
1994,approve,Republicans
1995,approve,Republicans
1996,approve,Republicans
1997,approve,Republicans
1998,approve,Republicans
1999,approve,Republicans
2000,approve,Republicans
2001,approve,Republicans
2002,approve,Republicans
2003,approve,Republicans
2004,approve,Republicans
2005,approve,Republicans
2006,approve,Republicans
2007,approve,Republicans
2008,approve,Republicans
2009,approve,Republicans
2010,approve,Republicans
2011,approve,Republicans
2012,approve,Republicans
2013,approve,Republicans
2014,approve,Republicans
2015,approve,Republicans
2016,approve,Republicans
2017,approve,Republicans
2018,approve,Republicans
2019,approve,Republicans
2020,approve,Republicans
2021,approve,Republicans
2022,approve,Republicans
2023,approve,Republicans
2024,approve,Republicans
2025,approve,Republicans
2026,approve,Republicans
2027,approve,Republicans
2028,approve,Republicans
2029,approve,Republicans
2030,approve,Republicans
2031,approve,Republicans
2032,approve,Republicans
2033,approve,Republicans
2034,approve,Republicans
2035,approve,Republicans
2036,approve,Republicans
2037,approve,Republicans
2038,approve,Republicans
2039,approve,Republicans
2040,approve,Republicans
2041,approve,Republicans
2042,approve,Republicans
2043,approve,Republicans
2044,approve,Republicans
2045,approve,Republicans
2046,approve,Republicans
2047,approve,Republicans
2048,approve,Republicans
2049,approve,Republicans
2050,approve,Republicans
2051,approve,Republicans
2052,approve,Republicans
2053,approve,Republicans
2054,approve,Republicans
2055,approve,Republicans
2056,approve,Republicans
2057,approve,Republicans
2058,approve,Republicans
2059,approve,Republicans
2060,approve,Republicans
2061,approve,Republicans
2062,approve,Republicans
2063,approve,Republicans
2064,approve,Republicans
2065,approve,Republicans
2066,approve,Republicans
2067,approve,Republicans
2068,approve,Republicans
2069,approve,Republicans
2070,approve,Republicans
2071,approve,Republicans
2072,approve,Republicans
2073,approve,Republicans
2074,approve,Republicans
2075,approve,Republicans
2076,approve,Republicans
2077,approve,Republicans
2078,approve,Republicans
2079,approve,Republicans
2080,approve,Republicans
2081,approve,Republicans
2082,approve,Republicans
2083,approve,Republicans
2084,approve,Republicans
2085,approve,Republicans
2086,approve,Republicans
2087,approve,Republicans
2088,approve,Republicans
2089,approve,Republicans
2090,approve,Republicans
2091,approve,Republicans
2092,approve,Republicans
2093,approve,Republicans
2094,approve,Republicans
2095,approve,Republicans
2096,approve,Republicans
2097,approve,Republicans
2098,approve,Republicans
2099,approve,Republicans
2100,approve,Republicans
2101,approve,Republicans
2102,approve,Republicans
2103,approve,Republicans
2104,approve,Republicans
2105,approve,Republicans
2106,approve,Republicans
2107,approve,Republicans
2108,approve,Republicans
2109,approve,Republicans
2110,approve,Republicans
2111,approve,Republicans
2112,approve,Republicans
2113,approve,Republicans
2114,approve,Republicans
2115,approve,Republicans
2116,approve,Republicans
2117,approve,Republicans
2118,approve,Republicans
2119,approve,Republicans
2120,disapprove,Obama
2121,disapprove,Obama
2122,disapprove,Obama
2123,disapprove,Obama
2124,disapprove,Obama
2125,disapprove,Obama
2126,disapprove,Obama
2127,disapprove,Obama
2128,disapprove,Obama
2129,disapprove,Obama
2130,disapprove,Obama
2131,disapprove,Obama
2132,disapprove,Obama
2133,disapprove,Obama
2134,disapprove,Obama
2135,disapprove,Obama
2136,disapprove,Obama
2137,disapprove,Obama
2138,disapprove,Obama
2139,disapprove,Obama
2140,disapprove,Obama
2141,disapprove,Obama
2142,disapprove,Obama
2143,disapprove,Obama
2144,disapprove,Obama
2145,disapprove,Obama
2146,disapprove,Obama
2147,disapprove,Obama
2148,disapprove,Obama
2149,disapprove,Obama
2150,disapprove,Obama
2151,disapprove,Obama
2152,disapprove,Obama
2153,disapprove,Obama
2154,disapprove,Obama
2155,disapprove,Obama
2156,disapprove,Obama
2157,disapprove,Obama
2158,disapprove,Obama
2159,disapprove,Obama
2160,disapprove,Obama
2161,disapprove,Obama
2162,disapprove,Obama
2163,disapprove,Obama
2164,disapprove,Obama
2165,disapprove,Obama
2166,disapprove,Obama
2167,disapprove,Obama
2168,disapprove,Obama
2169,disapprove,Obama
2170,disapprove,Obama
2171,disapprove,Obama
2172,disapprove,Obama
2173,disapprove,Obama
2174,disapprove,Obama
2175,disapprove,Obama
2176,disapprove,Obama
2177,disapprove,Obama
2178,disapprove,Obama
2179,disapprove,Obama
2180,disapprove,Obama
2181,disapprove,Obama
2182,disapprove,Obama
2183,disapprove,Obama
2184,disapprove,Obama
2185,disapprove,Obama
2186,disapprove,Obama
2187,disapprove,Obama
2188,disapprove,Obama
2189,disapprove,Obama
2190,disapprove,Obama
2191,disapprove,Obama
2192,disapprove,Obama
2193,disapprove,Obama
2194,disapprove,Obama
2195,disapprove,Obama
2196,disapprove,Obama
2197,disapprove,Obama
2198,disapprove,Obama
2199,disapprove,Obama
2200,disapprove,Obama
2201,disapprove,Obama
2202,disapprove,Obama
2203,disapprove,Obama
2204,disapprove,Obama
2205,disapprove,Obama
2206,disapprove,Obama
2207,disapprove,Obama
2208,disapprove,Obama
2209,disapprove,Obama
2210,disapprove,Obama
2211,disapprove,Obama
2212,disapprove,Obama
2213,disapprove,Obama
2214,disapprove,Obama
2215,disapprove,Obama
2216,disapprove,Obama
2217,disapprove,Obama
2218,disapprove,Obama
2219,disapprove,Obama
2220,disapprove,Obama
2221,disapprove,Obama
2222,disapprove,Obama
2223,disapprove,Obama
2224,disapprove,Obama
2225,disapprove,Obama
2226,disapprove,Obama
2227,disapprove,Obama
2228,disapprove,Obama
2229,disapprove,Obama
2230,disapprove,Obama
2231,disapprove,Obama
2232,disapprove,Obama
2233,disapprove,Obama
2234,disapprove,Obama
2235,disapprove,Obama
2236,disapprove,Obama
2237,disapprove,Obama
2238,disapprove,Obama
2239,disapprove,Obama
2240,disapprove,Obama
2241,disapprove,Obama
2242,disapprove,Obama
2243,disapprove,Obama
2244,disapprove,Obama
2245,disapprove,Obama
2246,disapprove,Obama
2247,disapprove,Obama
2248,disapprove,Obama
2249,disapprove,Obama
2250,disapprove,Obama
2251,disapprove,Obama
2252,disapprove,Obama
2253,disapprove,Obama
2254,disapprove,Obama
2255,disapprove,Obama
2256,disapprove,Obama
2257,disapprove,Obama
2258,disapprove,Obama
2259,disapprove,Obama
2260,disapprove,Obama
2261,disapprove,Obama
2262,disapprove,Obama
2263,disapprove,Obama
2264,disapprove,Obama
2265,disapprove,Obama
2266,disapprove,Obama
2267,disapprove,Obama
2268,disapprove,Obama
2269,disapprove,Obama
2270,disapprove,Obama
2271,disapprove,Obama
2272,disapprove,Obama
2273,disapprove,Obama
2274,disapprove,Obama
2275,disapprove,Obama
2276,disapprove,Obama
2277,disapprove,Obama
2278,disapprove,Obama
2279,disapprove,Obama
2280,disapprove,Obama
2281,disapprove,Obama
2282,disapprove,Obama
2283,disapprove,Obama
2284,disapprove,Obama
2285,disapprove,Obama
2286,disapprove,Obama
2287,disapprove,Obama
2288,disapprove,Obama
2289,disapprove,Obama
2290,disapprove,Obama
2291,disapprove,Obama
2292,disapprove,Obama
2293,disapprove,Obama
2294,disapprove,Obama
2295,disapprove,Obama
2296,disapprove,Obama
2297,disapprove,Obama
2298,disapprove,Obama
2299,disapprove,Obama
2300,disapprove,Obama
2301,disapprove,Obama
2302,disapprove,Obama
2303,disapprove,Obama
2304,disapprove,Obama
2305,disapprove,Obama
2306,disapprove,Obama
2307,disapprove,Obama
2308,disapprove,Obama
2309,disapprove,Obama
2310,disapprove,Obama
2311,disapprove,Obama
2312,disapprove,Obama
2313,disapprove,Obama
2314,disapprove,Obama
2315,disapprove,Obama
2316,disapprove,Obama
2317,disapprove,Obama
2318,disapprove,Obama
2319,disapprove,Obama
2320,disapprove,Obama
2321,disapprove,Obama
2322,disapprove,Obama
2323,disapprove,Obama
2324,disapprove,Obama
2325,disapprove,Obama
2326,disapprove,Obama
2327,disapprove,Obama
2328,disapprove,Obama
2329,disapprove,Obama
2330,disapprove,Obama
2331,disapprove,Obama
2332,disapprove,Obama
2333,disapprove,Obama
2334,disapprove,Obama
2335,disapprove,Obama
2336,disapprove,Obama
2337,disapprove,Obama
2338,disapprove,Obama
2339,disapprove,Obama
2340,disapprove,Obama
2341,disapprove,Obama
2342,disapprove,Obama
2343,disapprove,Obama
2344,disapprove,Obama
2345,disapprove,Obama
2346,disapprove,Obama
2347,disapprove,Obama
2348,disapprove,Obama
2349,disapprove,Obama
2350,disapprove,Obama
2351,disapprove,Obama
2352,disapprove,Obama
2353,disapprove,Obama
2354,disapprove,Obama
2355,disapprove,Obama
2356,disapprove,Obama
2357,disapprove,Obama
2358,disapprove,Obama
2359,disapprove,Obama
2360,disapprove,Obama
2361,disapprove,Obama
2362,disapprove,Obama
2363,disapprove,Obama
2364,disapprove,Obama
2365,disapprove,Obama
2366,disapprove,Obama
2367,disapprove,Obama
2368,disapprove,Obama
2369,disapprove,Obama
2370,disapprove,Obama
2371,disapprove,Obama
2372,disapprove,Obama
2373,disapprove,Obama
2374,disapprove,Obama
2375,disapprove,Obama
2376,disapprove,Obama
2377,disapprove,Obama
2378,disapprove,Obama
2379,disapprove,Obama
2380,disapprove,Obama
2381,disapprove,Obama
2382,disapprove,Obama
2383,disapprove,Obama
2384,disapprove,Obama
2385,disapprove,Obama
2386,disapprove,Obama
2387,disapprove,Obama
2388,disapprove,Obama
2389,disapprove,Obama
2390,disapprove,Obama
2391,disapprove,Obama
2392,disapprove,Obama
2393,disapprove,Obama
2394,disapprove,Obama
2395,disapprove,Obama
2396,disapprove,Obama
2397,disapprove,Obama
2398,disapprove,Obama
2399,disapprove,Obama
2400,disapprove,Obama
2401,disapprove,Obama
2402,disapprove,Obama
2403,disapprove,Obama
2404,disapprove,Obama
2405,disapprove,Obama
2406,disapprove,Obama
2407,disapprove,Obama
2408,disapprove,Obama
2409,disapprove,Obama
2410,disapprove,Obama
2411,disapprove,Obama
2412,disapprove,Obama
2413,disapprove,Obama
2414,disapprove,Obama
2415,disapprove,Obama
2416,disapprove,Obama
2417,disapprove,Obama
2418,disapprove,Obama
2419,disapprove,Obama
2420,disapprove,Obama
2421,disapprove,Obama
2422,disapprove,Obama
2423,disapprove,Obama
2424,disapprove,Obama
2425,disapprove,Obama
2426,disapprove,Obama
2427,disapprove,Obama
2428,disapprove,Obama
2429,disapprove,Obama
2430,disapprove,Obama
2431,disapprove,Obama
2432,disapprove,Obama
2433,disapprove,Obama
2434,disapprove,Obama
2435,disapprove,Obama
2436,disapprove,Obama
2437,disapprove,Obama
2438,disapprove,Obama
2439,disapprove,Obama
2440,disapprove,Obama
2441,disapprove,Obama
2442,disapprove,Obama
2443,disapprove,Obama
2444,disapprove,Obama
2445,disapprove,Obama
2446,disapprove,Obama
2447,disapprove,Obama
2448,disapprove,Obama
2449,disapprove,Obama
2450,disapprove,Obama
2451,disapprove,Obama
2452,disapprove,Obama
2453,disapprove,Obama
2454,disapprove,Obama
2455,disapprove,Obama
2456,disapprove,Obama
2457,disapprove,Obama
2458,disapprove,Obama
2459,disapprove,Obama
2460,disapprove,Obama
2461,disapprove,Obama
2462,disapprove,Obama
2463,disapprove,Obama
2464,disapprove,Obama
2465,disapprove,Obama
2466,disapprove,Obama
2467,disapprove,Obama
2468,disapprove,Obama
2469,disapprove,Obama
2470,disapprove,Obama
2471,disapprove,Obama
2472,disapprove,Obama
2473,disapprove,Obama
2474,disapprove,Obama
2475,disapprove,Obama
2476,disapprove,Obama
2477,disapprove,Obama
2478,disapprove,Obama
2479,disapprove,Obama
2480,disapprove,Obama
2481,disapprove,Obama
2482,disapprove,Obama
2483,disapprove,Obama
2484,disapprove,Obama
2485,disapprove,Obama
2486,disapprove,Obama
2487,disapprove,Obama
2488,disapprove,Obama
2489,disapprove,Obama
2490,disapprove,Obama
2491,disapprove,Obama
2492,disapprove,Obama
2493,disapprove,Obama
2494,disapprove,Obama
2495,disapprove,Obama
2496,disapprove,Obama
2497,disapprove,Obama
2498,disapprove,Obama
2499,disapprove,Obama
2500,disapprove,Obama
2501,disapprove,Obama
2502,disapprove,Obama
2503,disapprove,Obama
2504,disapprove,Obama
2505,disapprove,Obama
2506,disapprove,Obama
2507,disapprove,Obama
2508,disapprove,Obama
2509,disapprove,Obama
2510,disapprove,Obama
2511,disapprove,Obama
2512,disapprove,Obama
2513,disapprove,Obama
2514,disapprove,Obama
2515,disapprove,Obama
2516,disapprove,Obama
2517,disapprove,Obama
2518,disapprove,Obama
2519,disapprove,Obama
2520,disapprove,Obama
2521,disapprove,Obama
2522,disapprove,Obama
2523,disapprove,Obama
2524,disapprove,Obama
2525,disapprove,Obama
2526,disapprove,Obama
2527,disapprove,Obama
2528,disapprove,Obama
2529,disapprove,Obama
2530,disapprove,Obama
2531,disapprove,Obama
2532,disapprove,Obama
2533,disapprove,Obama
2534,disapprove,Obama
2535,disapprove,Obama
2536,disapprove,Obama
2537,disapprove,Obama
2538,disapprove,Obama
2539,disapprove,Obama
2540,disapprove,Obama
2541,disapprove,Obama
2542,disapprove,Obama
2543,disapprove,Obama
2544,disapprove,Obama
2545,disapprove,Obama
2546,disapprove,Obama
2547,disapprove,Obama
2548,disapprove,Obama
2549,disapprove,Obama
2550,disapprove,Obama
2551,disapprove,Obama
2552,disapprove,Obama
2553,disapprove,Obama
2554,disapprove,Obama
2555,disapprove,Obama
2556,disapprove,Obama
2557,disapprove,Obama
2558,disapprove,Obama
2559,disapprove,Obama
2560,disapprove,Obama
2561,disapprove,Obama
2562,disapprove,Obama
2563,disapprove,Obama
2564,disapprove,Obama
2565,disapprove,Obama
2566,disapprove,Obama
2567,disapprove,Obama
2568,disapprove,Obama
2569,disapprove,Obama
2570,disapprove,Obama
2571,disapprove,Obama
2572,disapprove,Obama
2573,disapprove,Obama
2574,disapprove,Obama
2575,disapprove,Obama
2576,disapprove,Obama
2577,disapprove,Obama
2578,disapprove,Obama
2579,disapprove,Obama
2580,disapprove,Obama
2581,disapprove,Obama
2582,disapprove,Obama
2583,disapprove,Obama
2584,disapprove,Obama
2585,disapprove,Obama
2586,disapprove,Obama
2587,disapprove,Obama
2588,disapprove,Obama
2589,disapprove,Obama
2590,disapprove,Obama
2591,disapprove,Obama
2592,disapprove,Obama
2593,disapprove,Obama
2594,disapprove,Obama
2595,disapprove,Obama
2596,disapprove,Obama
2597,disapprove,Obama
2598,disapprove,Obama
2599,disapprove,Obama
2600,disapprove,Obama
2601,disapprove,Obama
2602,disapprove,Obama
2603,disapprove,Obama
2604,disapprove,Obama
2605,disapprove,Obama
2606,disapprove,Obama
2607,disapprove,Obama
2608,disapprove,Obama
2609,disapprove,Obama
2610,disapprove,Obama
2611,disapprove,Obama
2612,disapprove,Obama
2613,disapprove,Obama
2614,disapprove,Obama
2615,disapprove,Obama
2616,disapprove,Obama
2617,disapprove,Obama
2618,disapprove,Obama
2619,disapprove,Obama
2620,disapprove,Obama
2621,disapprove,Obama
2622,disapprove,Obama
2623,disapprove,Obama
2624,disapprove,Obama
2625,disapprove,Obama
2626,disapprove,Obama
2627,disapprove,Obama
2628,disapprove,Obama
2629,disapprove,Obama
2630,disapprove,Obama
2631,disapprove,Obama
2632,disapprove,Obama
2633,disapprove,Obama
2634,disapprove,Obama
2635,disapprove,Obama
2636,disapprove,Obama
2637,disapprove,Obama
2638,disapprove,Obama
2639,disapprove,Obama
2640,disapprove,Obama
2641,disapprove,Obama
2642,disapprove,Obama
2643,disapprove,Obama
2644,disapprove,Obama
2645,disapprove,Obama
2646,disapprove,Obama
2647,disapprove,Obama
2648,disapprove,Obama
2649,disapprove,Obama
2650,disapprove,Obama
2651,disapprove,Obama
2652,disapprove,Obama
2653,disapprove,Obama
2654,disapprove,Obama
2655,disapprove,Obama
2656,disapprove,Obama
2657,disapprove,Obama
2658,disapprove,Obama
2659,disapprove,Obama
2660,disapprove,Obama
2661,disapprove,Obama
2662,disapprove,Obama
2663,disapprove,Obama
2664,disapprove,Obama
2665,disapprove,Obama
2666,disapprove,Obama
2667,disapprove,Obama
2668,disapprove,Obama
2669,disapprove,Obama
2670,disapprove,Obama
2671,disapprove,Obama
2672,disapprove,Obama
2673,disapprove,Obama
2674,disapprove,Obama
2675,disapprove,Obama
2676,disapprove,Obama
2677,disapprove,Obama
2678,disapprove,Obama
2679,disapprove,Obama
2680,disapprove,Obama
2681,disapprove,Obama
2682,disapprove,Obama
2683,disapprove,Obama
2684,disapprove,Obama
2685,disapprove,Obama
2686,disapprove,Obama
2687,disapprove,Obama
2688,disapprove,Obama
2689,disapprove,Obama
2690,disapprove,Obama
2691,disapprove,Obama
2692,disapprove,Obama
2693,disapprove,Obama
2694,disapprove,Obama
2695,disapprove,Obama
2696,disapprove,Obama
2697,disapprove,Obama
2698,disapprove,Obama
2699,disapprove,Obama
2700,disapprove,Obama
2701,disapprove,Obama
2702,disapprove,Obama
2703,disapprove,Obama
2704,disapprove,Obama
2705,disapprove,Obama
2706,disapprove,Obama
2707,disapprove,Obama
2708,disapprove,Obama
2709,disapprove,Obama
2710,disapprove,Obama
2711,disapprove,Obama
2712,disapprove,Obama
2713,disapprove,Obama
2714,disapprove,Obama
2715,disapprove,Obama
2716,disapprove,Obama
2717,disapprove,Obama
2718,disapprove,Obama
2719,disapprove,Obama
2720,disapprove,Obama
2721,disapprove,Obama
2722,disapprove,Obama
2723,disapprove,Obama
2724,disapprove,Obama
2725,disapprove,Obama
2726,disapprove,Obama
2727,disapprove,Obama
2728,disapprove,Obama
2729,disapprove,Obama
2730,disapprove,Obama
2731,disapprove,Obama
2732,disapprove,Obama
2733,disapprove,Obama
2734,disapprove,Obama
2735,disapprove,Obama
2736,disapprove,Democrats
2737,disapprove,Democrats
2738,disapprove,Democrats
2739,disapprove,Democrats
2740,disapprove,Democrats
2741,disapprove,Democrats
2742,disapprove,Democrats
2743,disapprove,Democrats
2744,disapprove,Democrats
2745,disapprove,Democrats
2746,disapprove,Democrats
2747,disapprove,Democrats
2748,disapprove,Democrats
2749,disapprove,Democrats
2750,disapprove,Democrats
2751,disapprove,Democrats
2752,disapprove,Democrats
2753,disapprove,Democrats
2754,disapprove,Democrats
2755,disapprove,Democrats
2756,disapprove,Democrats
2757,disapprove,Democrats
2758,disapprove,Democrats
2759,disapprove,Democrats
2760,disapprove,Democrats
2761,disapprove,Democrats
2762,disapprove,Democrats
2763,disapprove,Democrats
2764,disapprove,Democrats
2765,disapprove,Democrats
2766,disapprove,Democrats
2767,disapprove,Democrats
2768,disapprove,Democrats
2769,disapprove,Democrats
2770,disapprove,Democrats
2771,disapprove,Democrats
2772,disapprove,Democrats
2773,disapprove,Democrats
2774,disapprove,Democrats
2775,disapprove,Democrats
2776,disapprove,Democrats
2777,disapprove,Democrats
2778,disapprove,Democrats
2779,disapprove,Democrats
2780,disapprove,Democrats
2781,disapprove,Democrats
2782,disapprove,Democrats
2783,disapprove,Democrats
2784,disapprove,Democrats
2785,disapprove,Democrats
2786,disapprove,Democrats
2787,disapprove,Democrats
2788,disapprove,Democrats
2789,disapprove,Democrats
2790,disapprove,Democrats
2791,disapprove,Democrats
2792,disapprove,Democrats
2793,disapprove,Democrats
2794,disapprove,Democrats
2795,disapprove,Democrats
2796,disapprove,Democrats
2797,disapprove,Democrats
2798,disapprove,Democrats
2799,disapprove,Democrats
2800,disapprove,Democrats
2801,disapprove,Democrats
2802,disapprove,Democrats
2803,disapprove,Democrats
2804,disapprove,Democrats
2805,disapprove,Democrats
2806,disapprove,Democrats
2807,disapprove,Democrats
2808,disapprove,Democrats
2809,disapprove,Democrats
2810,disapprove,Democrats
2811,disapprove,Democrats
2812,disapprove,Democrats
2813,disapprove,Democrats
2814,disapprove,Democrats
2815,disapprove,Democrats
2816,disapprove,Democrats
2817,disapprove,Democrats
2818,disapprove,Democrats
2819,disapprove,Democrats
2820,disapprove,Democrats
2821,disapprove,Democrats
2822,disapprove,Democrats
2823,disapprove,Democrats
2824,disapprove,Democrats
2825,disapprove,Democrats
2826,disapprove,Democrats
2827,disapprove,Democrats
2828,disapprove,Democrats
2829,disapprove,Democrats
2830,disapprove,Democrats
2831,disapprove,Democrats
2832,disapprove,Democrats
2833,disapprove,Democrats
2834,disapprove,Democrats
2835,disapprove,Democrats
2836,disapprove,Democrats
2837,disapprove,Democrats
2838,disapprove,Democrats
2839,disapprove,Democrats
2840,disapprove,Democrats
2841,disapprove,Democrats
2842,disapprove,Democrats
2843,disapprove,Democrats
2844,disapprove,Democrats
2845,disapprove,Democrats
2846,disapprove,Democrats
2847,disapprove,Democrats
2848,disapprove,Democrats
2849,disapprove,Democrats
2850,disapprove,Democrats
2851,disapprove,Democrats
2852,disapprove,Democrats
2853,disapprove,Democrats
2854,disapprove,Democrats
2855,disapprove,Democrats
2856,disapprove,Democrats
2857,disapprove,Democrats
2858,disapprove,Democrats
2859,disapprove,Democrats
2860,disapprove,Democrats
2861,disapprove,Democrats
2862,disapprove,Democrats
2863,disapprove,Democrats
2864,disapprove,Democrats
2865,disapprove,Democrats
2866,disapprove,Democrats
2867,disapprove,Democrats
2868,disapprove,Democrats
2869,disapprove,Democrats
2870,disapprove,Democrats
2871,disapprove,Democrats
2872,disapprove,Democrats
2873,disapprove,Democrats
2874,disapprove,Democrats
2875,disapprove,Democrats
2876,disapprove,Democrats
2877,disapprove,Democrats
2878,disapprove,Democrats
2879,disapprove,Democrats
2880,disapprove,Democrats
2881,disapprove,Democrats
2882,disapprove,Democrats
2883,disapprove,Democrats
2884,disapprove,Democrats
2885,disapprove,Democrats
2886,disapprove,Democrats
2887,disapprove,Democrats
2888,disapprove,Democrats
2889,disapprove,Democrats
2890,disapprove,Democrats
2891,disapprove,Democrats
2892,disapprove,Democrats
2893,disapprove,Democrats
2894,disapprove,Democrats
2895,disapprove,Democrats
2896,disapprove,Democrats
2897,disapprove,Democrats
2898,disapprove,Democrats
2899,disapprove,Democrats
2900,disapprove,Democrats
2901,disapprove,Democrats
2902,disapprove,Democrats
2903,disapprove,Democrats
2904,disapprove,Democrats
2905,disapprove,Democrats
2906,disapprove,Democrats
2907,disapprove,Democrats
2908,disapprove,Democrats
2909,disapprove,Democrats
2910,disapprove,Democrats
2911,disapprove,Democrats
2912,disapprove,Democrats
2913,disapprove,Democrats
2914,disapprove,Democrats
2915,disapprove,Democrats
2916,disapprove,Democrats
2917,disapprove,Democrats
2918,disapprove,Democrats
2919,disapprove,Democrats
2920,disapprove,Democrats
2921,disapprove,Democrats
2922,disapprove,Democrats
2923,disapprove,Democrats
2924,disapprove,Democrats
2925,disapprove,Democrats
2926,disapprove,Democrats
2927,disapprove,Democrats
2928,disapprove,Democrats
2929,disapprove,Democrats
2930,disapprove,Democrats
2931,disapprove,Democrats
2932,disapprove,Democrats
2933,disapprove,Democrats
2934,disapprove,Democrats
2935,disapprove,Democrats
2936,disapprove,Democrats
2937,disapprove,Democrats
2938,disapprove,Democrats
2939,disapprove,Democrats
2940,disapprove,Democrats
2941,disapprove,Democrats
2942,disapprove,Democrats
2943,disapprove,Democrats
2944,disapprove,Democrats
2945,disapprove,Democrats
2946,disapprove,Democrats
2947,disapprove,Democrats
2948,disapprove,Democrats
2949,disapprove,Democrats
2950,disapprove,Democrats
2951,disapprove,Democrats
2952,disapprove,Democrats
2953,disapprove,Democrats
2954,disapprove,Democrats
2955,disapprove,Democrats
2956,disapprove,Democrats
2957,disapprove,Democrats
2958,disapprove,Democrats
2959,disapprove,Democrats
2960,disapprove,Democrats
2961,disapprove,Democrats
2962,disapprove,Democrats
2963,disapprove,Democrats
2964,disapprove,Democrats
2965,disapprove,Democrats
2966,disapprove,Democrats
2967,disapprove,Democrats
2968,disapprove,Democrats
2969,disapprove,Democrats
2970,disapprove,Democrats
2971,disapprove,Democrats
2972,disapprove,Democrats
2973,disapprove,Democrats
2974,disapprove,Democrats
2975,disapprove,Democrats
2976,disapprove,Democrats
2977,disapprove,Democrats
2978,disapprove,Democrats
2979,disapprove,Democrats
2980,disapprove,Democrats
2981,disapprove,Democrats
2982,disapprove,Democrats
2983,disapprove,Democrats
2984,disapprove,Democrats
2985,disapprove,Democrats
2986,disapprove,Democrats
2987,disapprove,Democrats
2988,disapprove,Democrats
2989,disapprove,Democrats
2990,disapprove,Democrats
2991,disapprove,Democrats
2992,disapprove,Democrats
2993,disapprove,Democrats
2994,disapprove,Democrats
2995,disapprove,Democrats
2996,disapprove,Democrats
2997,disapprove,Democrats
2998,disapprove,Democrats
2999,disapprove,Democrats
3000,disapprove,Democrats
3001,disapprove,Democrats
3002,disapprove,Democrats
3003,disapprove,Democrats
3004,disapprove,Democrats
3005,disapprove,Democrats
3006,disapprove,Democrats
3007,disapprove,Democrats
3008,disapprove,Democrats
3009,disapprove,Democrats
3010,disapprove,Democrats
3011,disapprove,Democrats
3012,disapprove,Democrats
3013,disapprove,Democrats
3014,disapprove,Democrats
3015,disapprove,Democrats
3016,disapprove,Democrats
3017,disapprove,Democrats
3018,disapprove,Democrats
3019,disapprove,Democrats
3020,disapprove,Democrats
3021,disapprove,Democrats
3022,disapprove,Democrats
3023,disapprove,Democrats
3024,disapprove,Democrats
3025,disapprove,Democrats
3026,disapprove,Democrats
3027,disapprove,Democrats
3028,disapprove,Democrats
3029,disapprove,Democrats
3030,disapprove,Democrats
3031,disapprove,Democrats
3032,disapprove,Democrats
3033,disapprove,Democrats
3034,disapprove,Democrats
3035,disapprove,Democrats
3036,disapprove,Democrats
3037,disapprove,Democrats
3038,disapprove,Democrats
3039,disapprove,Democrats
3040,disapprove,Democrats
3041,disapprove,Democrats
3042,disapprove,Democrats
3043,disapprove,Democrats
3044,disapprove,Democrats
3045,disapprove,Democrats
3046,disapprove,Democrats
3047,disapprove,Democrats
3048,disapprove,Democrats
3049,disapprove,Democrats
3050,disapprove,Democrats
3051,disapprove,Democrats
3052,disapprove,Democrats
3053,disapprove,Democrats
3054,disapprove,Democrats
3055,disapprove,Democrats
3056,disapprove,Democrats
3057,disapprove,Democrats
3058,disapprove,Democrats
3059,disapprove,Democrats
3060,disapprove,Democrats
3061,disapprove,Democrats
3062,disapprove,Democrats
3063,disapprove,Democrats
3064,disapprove,Democrats
3065,disapprove,Democrats
3066,disapprove,Democrats
3067,disapprove,Democrats
3068,disapprove,Democrats
3069,disapprove,Democrats
3070,disapprove,Democrats
3071,disapprove,Democrats
3072,disapprove,Democrats
3073,disapprove,Democrats
3074,disapprove,Democrats
3075,disapprove,Democrats
3076,disapprove,Democrats
3077,disapprove,Democrats
3078,disapprove,Democrats
3079,disapprove,Democrats
3080,disapprove,Democrats
3081,disapprove,Democrats
3082,disapprove,Democrats
3083,disapprove,Democrats
3084,disapprove,Democrats
3085,disapprove,Democrats
3086,disapprove,Democrats
3087,disapprove,Democrats
3088,disapprove,Democrats
3089,disapprove,Democrats
3090,disapprove,Democrats
3091,disapprove,Democrats
3092,disapprove,Democrats
3093,disapprove,Democrats
3094,disapprove,Democrats
3095,disapprove,Democrats
3096,disapprove,Democrats
3097,disapprove,Democrats
3098,disapprove,Democrats
3099,disapprove,Democrats
3100,disapprove,Democrats
3101,disapprove,Democrats
3102,disapprove,Democrats
3103,disapprove,Democrats
3104,disapprove,Democrats
3105,disapprove,Democrats
3106,disapprove,Democrats
3107,disapprove,Democrats
3108,disapprove,Democrats
3109,disapprove,Democrats
3110,disapprove,Democrats
3111,disapprove,Democrats
3112,disapprove,Democrats
3113,disapprove,Democrats
3114,disapprove,Democrats
3115,disapprove,Democrats
3116,disapprove,Democrats
3117,disapprove,Democrats
3118,disapprove,Democrats
3119,disapprove,Democrats
3120,disapprove,Democrats
3121,disapprove,Democrats
3122,disapprove,Democrats
3123,disapprove,Democrats
3124,disapprove,Democrats
3125,disapprove,Democrats
3126,disapprove,Democrats
3127,disapprove,Democrats
3128,disapprove,Democrats
3129,disapprove,Democrats
3130,disapprove,Democrats
3131,disapprove,Democrats
3132,disapprove,Democrats
3133,disapprove,Democrats
3134,disapprove,Democrats
3135,disapprove,Democrats
3136,disapprove,Democrats
3137,disapprove,Democrats
3138,disapprove,Democrats
3139,disapprove,Democrats
3140,disapprove,Democrats
3141,disapprove,Democrats
3142,disapprove,Democrats
3143,disapprove,Democrats
3144,disapprove,Democrats
3145,disapprove,Democrats
3146,disapprove,Democrats
3147,disapprove,Democrats
3148,disapprove,Democrats
3149,disapprove,Democrats
3150,disapprove,Democrats
3151,disapprove,Democrats
3152,disapprove,Democrats
3153,disapprove,Democrats
3154,disapprove,Democrats
3155,disapprove,Democrats
3156,disapprove,Democrats
3157,disapprove,Democrats
3158,disapprove,Democrats
3159,disapprove,Democrats
3160,disapprove,Democrats
3161,disapprove,Democrats
3162,disapprove,Democrats
3163,disapprove,Democrats
3164,disapprove,Democrats
3165,disapprove,Democrats
3166,disapprove,Democrats
3167,disapprove,Democrats
3168,disapprove,Democrats
3169,disapprove,Democrats
3170,disapprove,Democrats
3171,disapprove,Democrats
3172,disapprove,Democrats
3173,disapprove,Democrats
3174,disapprove,Democrats
3175,disapprove,Democrats
3176,disapprove,Democrats
3177,disapprove,Democrats
3178,disapprove,Democrats
3179,disapprove,Democrats
3180,disapprove,Democrats
3181,disapprove,Democrats
3182,disapprove,Democrats
3183,disapprove,Democrats
3184,disapprove,Democrats
3185,disapprove,Democrats
3186,disapprove,Democrats
3187,disapprove,Democrats
3188,disapprove,Democrats
3189,disapprove,Democrats
3190,disapprove,Democrats
3191,disapprove,Democrats
3192,disapprove,Democrats
3193,disapprove,Democrats
3194,disapprove,Democrats
3195,disapprove,Democrats
3196,disapprove,Democrats
3197,disapprove,Democrats
3198,disapprove,Democrats
3199,disapprove,Democrats
3200,disapprove,Democrats
3201,disapprove,Democrats
3202,disapprove,Democrats
3203,disapprove,Democrats
3204,disapprove,Democrats
3205,disapprove,Democrats
3206,disapprove,Democrats
3207,disapprove,Democrats
3208,disapprove,Democrats
3209,disapprove,Democrats
3210,disapprove,Democrats
3211,disapprove,Democrats
3212,disapprove,Democrats
3213,disapprove,Democrats
3214,disapprove,Democrats
3215,disapprove,Democrats
3216,disapprove,Democrats
3217,disapprove,Democrats
3218,disapprove,Democrats
3219,disapprove,Democrats
3220,disapprove,Democrats
3221,disapprove,Democrats
3222,disapprove,Democrats
3223,disapprove,Democrats
3224,disapprove,Democrats
3225,disapprove,Democrats
3226,disapprove,Democrats
3227,disapprove,Democrats
3228,disapprove,Democrats
3229,disapprove,Democrats
3230,disapprove,Democrats
3231,disapprove,Democrats
3232,disapprove,Democrats
3233,disapprove,Democrats
3234,disapprove,Democrats
3235,disapprove,Democrats
3236,disapprove,Democrats
3237,disapprove,Democrats
3238,disapprove,Democrats
3239,disapprove,Democrats
3240,disapprove,Democrats
3241,disapprove,Democrats
3242,disapprove,Democrats
3243,disapprove,Democrats
3244,disapprove,Democrats
3245,disapprove,Democrats
3246,disapprove,Democrats
3247,disapprove,Democrats
3248,disapprove,Democrats
3249,disapprove,Democrats
3250,disapprove,Democrats
3251,disapprove,Democrats
3252,disapprove,Democrats
3253,disapprove,Democrats
3254,disapprove,Democrats
3255,disapprove,Democrats
3256,disapprove,Democrats
3257,disapprove,Democrats
3258,disapprove,Democrats
3259,disapprove,Democrats
3260,disapprove,Democrats
3261,disapprove,Democrats
3262,disapprove,Democrats
3263,disapprove,Democrats
3264,disapprove,Democrats
3265,disapprove,Democrats
3266,disapprove,Democrats
3267,disapprove,Democrats
3268,disapprove,Democrats
3269,disapprove,Democrats
3270,disapprove,Democrats
3271,disapprove,Democrats
3272,disapprove,Democrats
3273,disapprove,Democrats
3274,disapprove,Democrats
3275,disapprove,Democrats
3276,disapprove,Democrats
3277,disapprove,Democrats
3278,disapprove,Democrats
3279,disapprove,Democrats
3280,disapprove,Democrats
3281,disapprove,Democrats
3282,disapprove,Democrats
3283,disapprove,Democrats
3284,disapprove,Democrats
3285,disapprove,Democrats
3286,disapprove,Democrats
3287,disapprove,Democrats
3288,disapprove,Democrats
3289,disapprove,Democrats
3290,disapprove,Democrats
3291,disapprove,Democrats
3292,disapprove,Democrats
3293,disapprove,Democrats
3294,disapprove,Democrats
3295,disapprove,Democrats
3296,disapprove,Democrats
3297,disapprove,Democrats
3298,disapprove,Democrats
3299,disapprove,Democrats
3300,disapprove,Democrats
3301,disapprove,Democrats
3302,disapprove,Democrats
3303,disapprove,Democrats
3304,disapprove,Democrats
3305,disapprove,Democrats
3306,disapprove,Democrats
3307,disapprove,Democrats
3308,disapprove,Democrats
3309,disapprove,Democrats
3310,disapprove,Democrats
3311,disapprove,Democrats
3312,disapprove,Democrats
3313,disapprove,Democrats
3314,disapprove,Democrats
3315,disapprove,Democrats
3316,disapprove,Democrats
3317,disapprove,Democrats
3318,disapprove,Democrats
3319,disapprove,Democrats
3320,disapprove,Democrats
3321,disapprove,Democrats
3322,disapprove,Democrats
3323,disapprove,Democrats
3324,disapprove,Democrats
3325,disapprove,Democrats
3326,disapprove,Democrats
3327,disapprove,Democrats
3328,disapprove,Democrats
3329,disapprove,Democrats
3330,disapprove,Democrats
3331,disapprove,Democrats
3332,disapprove,Democrats
3333,disapprove,Democrats
3334,disapprove,Democrats
3335,disapprove,Democrats
3336,disapprove,Democrats
3337,disapprove,Democrats
3338,disapprove,Democrats
3339,disapprove,Democrats
3340,disapprove,Democrats
3341,disapprove,Democrats
3342,disapprove,Democrats
3343,disapprove,Democrats
3344,disapprove,Democrats
3345,disapprove,Democrats
3346,disapprove,Democrats
3347,disapprove,Democrats
3348,disapprove,Democrats
3349,disapprove,Democrats
3350,disapprove,Democrats
3351,disapprove,Democrats
3352,disapprove,Democrats
3353,disapprove,Democrats
3354,disapprove,Democrats
3355,disapprove,Democrats
3356,disapprove,Democrats
3357,disapprove,Democrats
3358,disapprove,Democrats
3359,disapprove,Democrats
3360,disapprove,Democrats
3361,disapprove,Democrats
3362,disapprove,Democrats
3363,disapprove,Democrats
3364,disapprove,Democrats
3365,disapprove,Democrats
3366,disapprove,Democrats
3367,disapprove,Democrats
3368,disapprove,Democrats
3369,disapprove,Democrats
3370,disapprove,Democrats
3371,disapprove,Democrats
3372,disapprove,Democrats
3373,disapprove,Democrats
3374,disapprove,Democrats
3375,disapprove,Democrats
3376,disapprove,Democrats
3377,disapprove,Democrats
3378,disapprove,Democrats
3379,disapprove,Democrats
3380,disapprove,Democrats
3381,disapprove,Democrats
3382,disapprove,Republicans
3383,disapprove,Republicans
3384,disapprove,Republicans
3385,disapprove,Republicans
3386,disapprove,Republicans
3387,disapprove,Republicans
3388,disapprove,Republicans
3389,disapprove,Republicans
3390,disapprove,Republicans
3391,disapprove,Republicans
3392,disapprove,Republicans
3393,disapprove,Republicans
3394,disapprove,Republicans
3395,disapprove,Republicans
3396,disapprove,Republicans
3397,disapprove,Republicans
3398,disapprove,Republicans
3399,disapprove,Republicans
3400,disapprove,Republicans
3401,disapprove,Republicans
3402,disapprove,Republicans
3403,disapprove,Republicans
3404,disapprove,Republicans
3405,disapprove,Republicans
3406,disapprove,Republicans
3407,disapprove,Republicans
3408,disapprove,Republicans
3409,disapprove,Republicans
3410,disapprove,Republicans
3411,disapprove,Republicans
3412,disapprove,Republicans
3413,disapprove,Republicans
3414,disapprove,Republicans
3415,disapprove,Republicans
3416,disapprove,Republicans
3417,disapprove,Republicans
3418,disapprove,Republicans
3419,disapprove,Republicans
3420,disapprove,Republicans
3421,disapprove,Republicans
3422,disapprove,Republicans
3423,disapprove,Republicans
3424,disapprove,Republicans
3425,disapprove,Republicans
3426,disapprove,Republicans
3427,disapprove,Republicans
3428,disapprove,Republicans
3429,disapprove,Republicans
3430,disapprove,Republicans
3431,disapprove,Republicans
3432,disapprove,Republicans
3433,disapprove,Republicans
3434,disapprove,Republicans
3435,disapprove,Republicans
3436,disapprove,Republicans
3437,disapprove,Republicans
3438,disapprove,Republicans
3439,disapprove,Republicans
3440,disapprove,Republicans
3441,disapprove,Republicans
3442,disapprove,Republicans
3443,disapprove,Republicans
3444,disapprove,Republicans
3445,disapprove,Republicans
3446,disapprove,Republicans
3447,disapprove,Republicans
3448,disapprove,Republicans
3449,disapprove,Republicans
3450,disapprove,Republicans
3451,disapprove,Republicans
3452,disapprove,Republicans
3453,disapprove,Republicans
3454,disapprove,Republicans
3455,disapprove,Republicans
3456,disapprove,Republicans
3457,disapprove,Republicans
3458,disapprove,Republicans
3459,disapprove,Republicans
3460,disapprove,Republicans
3461,disapprove,Republicans
3462,disapprove,Republicans
3463,disapprove,Republicans
3464,disapprove,Republicans
3465,disapprove,Republicans
3466,disapprove,Republicans
3467,disapprove,Republicans
3468,disapprove,Republicans
3469,disapprove,Republicans
3470,disapprove,Republicans
3471,disapprove,Republicans
3472,disapprove,Republicans
3473,disapprove,Republicans
3474,disapprove,Republicans
3475,disapprove,Republicans
3476,disapprove,Republicans
3477,disapprove,Republicans
3478,disapprove,Republicans
3479,disapprove,Republicans
3480,disapprove,Republicans
3481,disapprove,Republicans
3482,disapprove,Republicans
3483,disapprove,Republicans
3484,disapprove,Republicans
3485,disapprove,Republicans
3486,disapprove,Republicans
3487,disapprove,Republicans
3488,disapprove,Republicans
3489,disapprove,Republicans
3490,disapprove,Republicans
3491,disapprove,Republicans
3492,disapprove,Republicans
3493,disapprove,Republicans
3494,disapprove,Republicans
3495,disapprove,Republicans
3496,disapprove,Republicans
3497,disapprove,Republicans
3498,disapprove,Republicans
3499,disapprove,Republicans
3500,disapprove,Republicans
3501,disapprove,Republicans
3502,disapprove,Republicans
3503,disapprove,Republicans
3504,disapprove,Republicans
3505,disapprove,Republicans
3506,disapprove,Republicans
3507,disapprove,Republicans
3508,disapprove,Republicans
3509,disapprove,Republicans
3510,disapprove,Republicans
3511,disapprove,Republicans
3512,disapprove,Republicans
3513,disapprove,Republicans
3514,disapprove,Republicans
3515,disapprove,Republicans
3516,disapprove,Republicans
3517,disapprove,Republicans
3518,disapprove,Republicans
3519,disapprove,Republicans
3520,disapprove,Republicans
3521,disapprove,Republicans
3522,disapprove,Republicans
3523,disapprove,Republicans
3524,disapprove,Republicans
3525,disapprove,Republicans
3526,disapprove,Republicans
3527,disapprove,Republicans
3528,disapprove,Republicans
3529,disapprove,Republicans
3530,disapprove,Republicans
3531,disapprove,Republicans
3532,disapprove,Republicans
3533,disapprove,Republicans
3534,disapprove,Republicans
3535,disapprove,Republicans
3536,disapprove,Republicans
3537,disapprove,Republicans
3538,disapprove,Republicans
3539,disapprove,Republicans
3540,disapprove,Republicans
3541,disapprove,Republicans
3542,disapprove,Republicans
3543,disapprove,Republicans
3544,disapprove,Republicans
3545,disapprove,Republicans
3546,disapprove,Republicans
3547,disapprove,Republicans
3548,disapprove,Republicans
3549,disapprove,Republicans
3550,disapprove,Republicans
3551,disapprove,Republicans
3552,disapprove,Republicans
3553,disapprove,Republicans
3554,disapprove,Republicans
3555,disapprove,Republicans
3556,disapprove,Republicans
3557,disapprove,Republicans
3558,disapprove,Republicans
3559,disapprove,Republicans
3560,disapprove,Republicans
3561,disapprove,Republicans
3562,disapprove,Republicans
3563,disapprove,Republicans
3564,disapprove,Republicans
3565,disapprove,Republicans
3566,disapprove,Republicans
3567,disapprove,Republicans
3568,disapprove,Republicans
3569,disapprove,Republicans
3570,disapprove,Republicans
3571,disapprove,Republicans
3572,disapprove,Republicans
3573,disapprove,Republicans
3574,disapprove,Republicans
3575,disapprove,Republicans
3576,disapprove,Republicans
3577,disapprove,Republicans
3578,disapprove,Republicans
3579,disapprove,Republicans
3580,disapprove,Republicans
3581,disapprove,Republicans
3582,disapprove,Republicans
3583,disapprove,Republicans
3584,disapprove,Republicans
3585,disapprove,Republicans
3586,disapprove,Republicans
3587,disapprove,Republicans
3588,disapprove,Republicans
3589,disapprove,Republicans
3590,disapprove,Republicans
3591,disapprove,Republicans
3592,disapprove,Republicans
3593,disapprove,Republicans
3594,disapprove,Republicans
3595,disapprove,Republicans
3596,disapprove,Republicans
3597,disapprove,Republicans
3598,disapprove,Republicans
3599,disapprove,Republicans
3600,disapprove,Republicans
3601,disapprove,Republicans
3602,disapprove,Republicans
3603,disapprove,Republicans
3604,disapprove,Republicans
3605,disapprove,Republicans
3606,disapprove,Republicans
3607,disapprove,Republicans
3608,disapprove,Republicans
3609,disapprove,Republicans
3610,disapprove,Republicans
3611,disapprove,Republicans
3612,disapprove,Republicans
3613,disapprove,Republicans
3614,disapprove,Republicans
3615,disapprove,Republicans
3616,disapprove,Republicans
3617,disapprove,Republicans
3618,disapprove,Republicans
3619,disapprove,Republicans
3620,disapprove,Republicans
3621,disapprove,Republicans
3622,disapprove,Republicans
3623,disapprove,Republicans
3624,disapprove,Republicans
3625,disapprove,Republicans
3626,disapprove,Republicans
3627,disapprove,Republicans
3628,disapprove,Republicans
3629,disapprove,Republicans
3630,disapprove,Republicans
3631,disapprove,Republicans
3632,disapprove,Republicans
3633,disapprove,Republicans
3634,disapprove,Republicans
3635,disapprove,Republicans
3636,disapprove,Republicans
3637,disapprove,Republicans
3638,disapprove,Republicans
3639,disapprove,Republicans
3640,disapprove,Republicans
3641,disapprove,Republicans
3642,disapprove,Republicans
3643,disapprove,Republicans
3644,disapprove,Republicans
3645,disapprove,Republicans
3646,disapprove,Republicans
3647,disapprove,Republicans
3648,disapprove,Republicans
3649,disapprove,Republicans
3650,disapprove,Republicans
3651,disapprove,Republicans
3652,disapprove,Republicans
3653,disapprove,Republicans
3654,disapprove,Republicans
3655,disapprove,Republicans
3656,disapprove,Republicans
3657,disapprove,Republicans
3658,disapprove,Republicans
3659,disapprove,Republicans
3660,disapprove,Republicans
3661,disapprove,Republicans
3662,disapprove,Republicans
3663,disapprove,Republicans
3664,disapprove,Republicans
3665,disapprove,Republicans
3666,disapprove,Republicans
3667,disapprove,Republicans
3668,disapprove,Republicans
3669,disapprove,Republicans
3670,disapprove,Republicans
3671,disapprove,Republicans
3672,disapprove,Republicans
3673,disapprove,Republicans
3674,disapprove,Republicans
3675,disapprove,Republicans
3676,disapprove,Republicans
3677,disapprove,Republicans
3678,disapprove,Republicans
3679,disapprove,Republicans
3680,disapprove,Republicans
3681,disapprove,Republicans
3682,disapprove,Republicans
3683,disapprove,Republicans
3684,disapprove,Republicans
3685,disapprove,Republicans
3686,disapprove,Republicans
3687,disapprove,Republicans
3688,disapprove,Republicans
3689,disapprove,Republicans
3690,disapprove,Republicans
3691,disapprove,Republicans
3692,disapprove,Republicans
3693,disapprove,Republicans
3694,disapprove,Republicans
3695,disapprove,Republicans
3696,disapprove,Republicans
3697,disapprove,Republicans
3698,disapprove,Republicans
3699,disapprove,Republicans
3700,disapprove,Republicans
3701,disapprove,Republicans
3702,disapprove,Republicans
3703,disapprove,Republicans
3704,disapprove,Republicans
3705,disapprove,Republicans
3706,disapprove,Republicans
3707,disapprove,Republicans
3708,disapprove,Republicans
3709,disapprove,Republicans
3710,disapprove,Republicans
3711,disapprove,Republicans
3712,disapprove,Republicans
3713,disapprove,Republicans
3714,disapprove,Republicans
3715,disapprove,Republicans
3716,disapprove,Republicans
3717,disapprove,Republicans
3718,disapprove,Republicans
3719,disapprove,Republicans
3720,disapprove,Republicans
3721,disapprove,Republicans
3722,disapprove,Republicans
3723,disapprove,Republicans
3724,disapprove,Republicans
3725,disapprove,Republicans
3726,disapprove,Republicans
3727,disapprove,Republicans
3728,disapprove,Republicans
3729,disapprove,Republicans
3730,disapprove,Republicans
3731,disapprove,Republicans
3732,disapprove,Republicans
3733,disapprove,Republicans
3734,disapprove,Republicans
3735,disapprove,Republicans
3736,disapprove,Republicans
3737,disapprove,Republicans
3738,disapprove,Republicans
3739,disapprove,Republicans
3740,disapprove,Republicans
3741,disapprove,Republicans
3742,disapprove,Republicans
3743,disapprove,Republicans
3744,disapprove,Republicans
3745,disapprove,Republicans
3746,disapprove,Republicans
3747,disapprove,Republicans
3748,disapprove,Republicans
3749,disapprove,Republicans
3750,disapprove,Republicans
3751,disapprove,Republicans
3752,disapprove,Republicans
3753,disapprove,Republicans
3754,disapprove,Republicans
3755,disapprove,Republicans
3756,disapprove,Republicans
3757,disapprove,Republicans
3758,disapprove,Republicans
3759,disapprove,Republicans
3760,disapprove,Republicans
3761,disapprove,Republicans
3762,disapprove,Republicans
3763,disapprove,Republicans
3764,disapprove,Republicans
3765,disapprove,Republicans
3766,disapprove,Republicans
3767,disapprove,Republicans
3768,disapprove,Republicans
3769,disapprove,Republicans
3770,disapprove,Republicans
3771,disapprove,Republicans
3772,disapprove,Republicans
3773,disapprove,Republicans
3774,disapprove,Republicans
3775,disapprove,Republicans
3776,disapprove,Republicans
3777,disapprove,Republicans
3778,disapprove,Republicans
3779,disapprove,Republicans
3780,disapprove,Republicans
3781,disapprove,Republicans
3782,disapprove,Republicans
3783,disapprove,Republicans
3784,disapprove,Republicans
3785,disapprove,Republicans
3786,disapprove,Republicans
3787,disapprove,Republicans
3788,disapprove,Republicans
3789,disapprove,Republicans
3790,disapprove,Republicans
3791,disapprove,Republicans
3792,disapprove,Republicans
3793,disapprove,Republicans
3794,disapprove,Republicans
3795,disapprove,Republicans
3796,disapprove,Republicans
3797,disapprove,Republicans
3798,disapprove,Republicans
3799,disapprove,Republicans
3800,disapprove,Republicans
3801,disapprove,Republicans
3802,disapprove,Republicans
3803,disapprove,Republicans
3804,disapprove,Republicans
3805,disapprove,Republicans
3806,disapprove,Republicans
3807,disapprove,Republicans
3808,disapprove,Republicans
3809,disapprove,Republicans
3810,disapprove,Republicans
3811,disapprove,Republicans
3812,disapprove,Republicans
3813,disapprove,Republicans
3814,disapprove,Republicans
3815,disapprove,Republicans
3816,disapprove,Republicans
3817,disapprove,Republicans
3818,disapprove,Republicans
3819,disapprove,Republicans
3820,disapprove,Republicans
3821,disapprove,Republicans
3822,disapprove,Republicans
3823,disapprove,Republicans
3824,disapprove,Republicans
3825,disapprove,Republicans
3826,disapprove,Republicans
3827,disapprove,Republicans
3828,disapprove,Republicans
3829,disapprove,Republicans
3830,disapprove,Republicans
3831,disapprove,Republicans
3832,disapprove,Republicans
3833,disapprove,Republicans
3834,disapprove,Republicans
3835,disapprove,Republicans
3836,disapprove,Republicans
3837,disapprove,Republicans
3838,disapprove,Republicans
3839,disapprove,Republicans
3840,disapprove,Republicans
3841,disapprove,Republicans
3842,disapprove,Republicans
3843,disapprove,Republicans
3844,disapprove,Republicans
3845,disapprove,Republicans
3846,disapprove,Republicans
3847,disapprove,Republicans
3848,disapprove,Republicans
3849,disapprove,Republicans
3850,disapprove,Republicans
3851,disapprove,Republicans
3852,disapprove,Republicans
3853,disapprove,Republicans
3854,disapprove,Republicans
3855,disapprove,Republicans
3856,disapprove,Republicans
3857,disapprove,Republicans
3858,disapprove,Republicans
3859,disapprove,Republicans
3860,disapprove,Republicans
3861,disapprove,Republicans
3862,disapprove,Republicans
3863,disapprove,Republicans
3864,disapprove,Republicans
3865,disapprove,Republicans
3866,disapprove,Republicans
3867,disapprove,Republicans
3868,disapprove,Republicans
3869,disapprove,Republicans
3870,disapprove,Republicans
3871,disapprove,Republicans
3872,disapprove,Republicans
3873,disapprove,Republicans
3874,disapprove,Republicans
3875,disapprove,Republicans
3876,disapprove,Republicans
3877,disapprove,Republicans
3878,disapprove,Republicans
3879,disapprove,Republicans
3880,disapprove,Republicans
3881,disapprove,Republicans
3882,disapprove,Republicans
3883,disapprove,Republicans
3884,disapprove,Republicans
3885,disapprove,Republicans
3886,disapprove,Republicans
3887,disapprove,Republicans
3888,disapprove,Republicans
3889,disapprove,Republicans
3890,disapprove,Republicans
3891,disapprove,Republicans
3892,disapprove,Republicans
3893,disapprove,Republicans
3894,disapprove,Republicans
3895,disapprove,Republicans
3896,disapprove,Republicans
3897,disapprove,Republicans
3898,disapprove,Republicans
3899,disapprove,Republicans
3900,disapprove,Republicans
3901,disapprove,Republicans
3902,disapprove,Republicans
3903,disapprove,Republicans
3904,disapprove,Republicans
3905,disapprove,Republicans
3906,disapprove,Republicans
3907,disapprove,Republicans
3908,disapprove,Republicans
3909,disapprove,Republicans
3910,disapprove,Republicans
3911,disapprove,Republicans
3912,disapprove,Republicans
3913,disapprove,Republicans
3914,disapprove,Republicans
3915,disapprove,Republicans
3916,disapprove,Republicans
3917,disapprove,Republicans
3918,disapprove,Republicans
3919,disapprove,Republicans
3920,disapprove,Republicans
3921,disapprove,Republicans
3922,disapprove,Republicans
3923,disapprove,Republicans
3924,disapprove,Republicans
3925,disapprove,Republicans
3926,disapprove,Republicans
3927,disapprove,Republicans
3928,disapprove,Republicans
3929,disapprove,Republicans
3930,disapprove,Republicans
3931,disapprove,Republicans
3932,disapprove,Republicans
3933,disapprove,Republicans
3934,disapprove,Republicans
3935,disapprove,Republicans
3936,disapprove,Republicans
3937,disapprove,Republicans
3938,disapprove,Republicans
3939,disapprove,Republicans
3940,disapprove,Republicans
3941,disapprove,Republicans
3942,disapprove,Republicans
3943,disapprove,Republicans
3944,disapprove,Republicans
3945,disapprove,Republicans
3946,disapprove,Republicans
3947,disapprove,Republicans
3948,disapprove,Republicans
3949,disapprove,Republicans
3950,disapprove,Republicans
3951,disapprove,Republicans
3952,disapprove,Republicans
3953,disapprove,Republicans
3954,disapprove,Republicans
3955,disapprove,Republicans
3956,disapprove,Republicans
3957,disapprove,Republicans
3958,disapprove,Republicans
3959,disapprove,Republicans
3960,disapprove,Republicans
3961,disapprove,Republicans
3962,disapprove,Republicans
3963,disapprove,Republicans
3964,disapprove,Republicans
3965,disapprove,Republicans
3966,disapprove,Republicans
3967,disapprove,Republicans
3968,disapprove,Republicans
3969,disapprove,Republicans
3970,disapprove,Republicans
3971,disapprove,Republicans
3972,disapprove,Republicans
3973,disapprove,Republicans
3974,disapprove,Republicans
3975,disapprove,Republicans
3976,disapprove,Republicans
3977,disapprove,Republicans
3978,disapprove,Republicans
3979,disapprove,Republicans
3980,disapprove,Republicans
3981,disapprove,Republicans
3982,disapprove,Republicans
3983,disapprove,Republicans
3984,disapprove,Republicans
3985,disapprove,Republicans
3986,disapprove,Republicans
3987,disapprove,Republicans
3988,disapprove,Republicans
3989,disapprove,Republicans
3990,disapprove,Republicans
3991,disapprove,Republicans
3992,disapprove,Republicans
3993,disapprove,Republicans
3994,disapprove,Republicans
3995,disapprove,Republicans
3996,disapprove,Republicans
3997,disapprove,Republicans
3998,disapprove,Republicans
3999,disapprove,Republicans
4000,disapprove,Republicans
4001,disapprove,Republicans
4002,disapprove,Republicans
4003,disapprove,Republicans
4004,disapprove,Republicans
4005,disapprove,Republicans
4006,disapprove,Republicans
4007,disapprove,Republicans
4008,disapprove,Republicans
4009,disapprove,Republicans
4010,disapprove,Republicans
4011,disapprove,Republicans
4012,disapprove,Republicans
4013,disapprove,Republicans
4014,disapprove,Republicans
4015,disapprove,Republicans
4016,disapprove,Republicans
4017,disapprove,Republicans
4018,disapprove,Republicans
4019,disapprove,Republicans
4020,disapprove,Republicans
4021,disapprove,Republicans
4022,disapprove,Republicans
4023,disapprove,Republicans
4024,disapprove,Republicans
4025,disapprove,Republicans
4026,disapprove,Republicans
4027,disapprove,Republicans
4028,disapprove,Republicans
4029,disapprove,Republicans
4030,disapprove,Republicans
4031,disapprove,Republicans
4032,disapprove,Republicans
4033,disapprove,Republicans
4034,disapprove,Republicans
4035,disapprove,Republicans
4036,disapprove,Republicans
4037,disapprove,Republicans
4038,disapprove,Republicans
4039,disapprove,Republicans
4040,disapprove,Republicans
4041,disapprove,Republicans
4042,disapprove,Republicans
4043,disapprove,Republicans
4044,disapprove,Republicans
4045,disapprove,Republicans
4046,disapprove,Republicans
4047,disapprove,Republicans
4048,disapprove,Republicans
4049,disapprove,Republicans
4050,disapprove,Republicans
4051,disapprove,Republicans
4052,disapprove,Republicans
4053,disapprove,Republicans
4054,disapprove,Republicans
4055,disapprove,Republicans
4056,disapprove,Republicans
4057,disapprove,Republicans
4058,disapprove,Republicans
4059,disapprove,Republicans
4060,disapprove,Republicans
4061,disapprove,Republicans
4062,disapprove,Republicans
4063,disapprove,Republicans
4064,disapprove,Republicans
4065,disapprove,Republicans
4066,disapprove,Republicans
4067,disapprove,Republicans
4068,disapprove,Republicans
4069,disapprove,Republicans
4070,disapprove,Republicans
4071,disapprove,Republicans
4072,disapprove,Republicans
4073,disapprove,Republicans
4074,disapprove,Republicans
4075,disapprove,Republicans
4076,disapprove,Republicans
4077,disapprove,Republicans
4078,disapprove,Republicans
4079,disapprove,Republicans
4080,disapprove,Republicans
4081,disapprove,Republicans
4082,disapprove,Republicans
4083,disapprove,Republicans
4084,disapprove,Republicans
4085,disapprove,Republicans
4086,disapprove,Republicans
4087,disapprove,Republicans
4088,disapprove,Republicans
4089,disapprove,Republicans
4090,disapprove,Republicans
4091,disapprove,Republicans
4092,disapprove,Republicans
4093,disapprove,Republicans
4094,disapprove,Republicans
4095,disapprove,Republicans
4096,disapprove,Republicans
4097,disapprove,Republicans
4098,disapprove,Republicans
4099,disapprove,Republicans
4100,disapprove,Republicans
4101,disapprove,Republicans
4102,disapprove,Republicans
4103,disapprove,Republicans
4104,disapprove,Republicans
4105,disapprove,Republicans
4106,disapprove,Republicans
4107,disapprove,Republicans
4108,disapprove,Republicans
4109,disapprove,Republicans
4110,disapprove,Republicans
4111,disapprove,Republicans
4112,disapprove,Republicans
4113,disapprove,Republicans
4114,disapprove,Republicans
4115,disapprove,Republicans
4116,disapprove,Republicans
4117,disapprove,Republicans
4118,disapprove,Republicans
4119,disapprove,Republicans
4120,disapprove,Republicans
4121,disapprove,Republicans
4122,disapprove,Republicans
4123,disapprove,Republicans
4124,disapprove,Republicans
4125,disapprove,Republicans
4126,disapprove,Republicans
4127,disapprove,Republicans
4128,disapprove,Republicans
4129,disapprove,Republicans
4130,disapprove,Republicans
4131,disapprove,Republicans
4132,disapprove,Republicans
4133,disapprove,Republicans
4134,disapprove,Republicans
4135,disapprove,Republicans
4136,disapprove,Republicans
4137,disapprove,Republicans
4138,disapprove,Republicans
4139,disapprove,Republicans
4140,disapprove,Republicans
4141,disapprove,Republicans
4142,disapprove,Republicans
4143,disapprove,Republicans
4144,disapprove,Republicans
4145,disapprove,Republicans
4146,disapprove,Republicans
4147,disapprove,Republicans
4148,disapprove,Republicans
4149,disapprove,Republicans
4150,disapprove,Republicans
4151,disapprove,Republicans
4152,disapprove,Republicans
4153,disapprove,Republicans
4154,disapprove,Republicans
4155,disapprove,Republicans
4156,disapprove,Republicans
4157,disapprove,Republicans
4158,disapprove,Republicans
4159,disapprove,Republicans
4160,disapprove,Republicans
4161,disapprove,Republicans
4162,disapprove,Republicans
4163,disapprove,Republicans
4164,disapprove,Republicans
4165,disapprove,Republicans
4166,disapprove,Republicans
4167,disapprove,Republicans
4168,disapprove,Republicans
4169,disapprove,Republicans
4170,disapprove,Republicans
4171,disapprove,Republicans
4172,disapprove,Republicans
4173,disapprove,Republicans
4174,disapprove,Republicans
4175,disapprove,Republicans
4176,disapprove,Republicans
4177,disapprove,Republicans
4178,disapprove,Republicans
4179,disapprove,Republicans
4180,disapprove,Republicans
4181,disapprove,Republicans
4182,disapprove,Republicans
4183,disapprove,Republicans
4184,disapprove,Republicans
4185,disapprove,Republicans
4186,disapprove,Republicans
4187,disapprove,Republicans
4188,disapprove,Republicans
4189,disapprove,Republicans
4190,disapprove,Republicans
4191,disapprove,Republicans
4192,disapprove,Republicans
4193,disapprove,Republicans
4194,disapprove,Republicans
4195,disapprove,Republicans
4196,disapprove,Republicans
4197,disapprove,Republicans
4198,disapprove,Republicans
4199,disapprove,Republicans
4200,disapprove,Republicans
4201,disapprove,Republicans
4202,disapprove,Republicans
4203,disapprove,Republicans
4204,disapprove,Republicans
4205,disapprove,Republicans
4206,disapprove,Republicans
4207,disapprove,Republicans
4208,disapprove,Republicans
4209,disapprove,Republicans
4210,disapprove,Republicans
4211,disapprove,Republicans
4212,disapprove,Republicans
4213,disapprove,Republicans
4214,disapprove,Republicans
4215,disapprove,Republicans
4216,disapprove,Republicans
4217,disapprove,Republicans
4218,disapprove,Republicans
4219,disapprove,Republicans
4220,disapprove,Republicans
4221,disapprove,Republicans
4222,disapprove,Republicans
4223,disapprove,Republicans
