rownames,hrsrelax,mntlhlth,hrs1,degree,grass
1,2,3,55,BACHELOR,
2,4,6,45,BACHELOR,LEGAL
3,,,,LT HIGH SCHOOL,
4,,,,LT HIGH SCHOOL,NOT LEGAL
5,,,,LT HIGH SCHOOL,NOT LEGAL
6,,,,LT HIGH SCHOOL,LEGAL
7,3,0,45,JUNIOR COLLEGE,
8,,,,JUNIOR COLLEGE,
9,0,0,40,HIGH SCHOOL,NOT LEGAL
10,5,10,48,HIGH SCHOOL,
11,5,0,26,JUNIOR COLLEGE,
12,,,,HIGH SCHOOL,
13,3,0,40,HIGH SCHOOL,
14,,,,HIGH SCHOOL,
15,,,,LT HIGH SCHOOL,LEGAL
16,,,,LT HIGH SCHOOL,
17,,,,JUNIOR COLLEGE,
18,,,,LT HIGH SCHOOL,NOT LEGAL
19,,,,HIGH SCHOOL,NOT LEGAL
20,2,5,50,BACHELOR,NOT LEGAL
21,5,0,40,HIGH SCHOOL,NOT LEGAL
22,10,0,25,HIGH SCHOOL,
23,,,,LT HIGH SCHOOL,
24,,,,LT HIGH SCHOOL,NOT LEGAL
25,0,0,20,GRADUATE,
26,2,15,89,BACHELOR,NOT LEGAL
27,,,,HIGH SCHOOL,
28,3,30,25,JUNIOR COLLEGE,LEGAL
29,1,10,40,BACHELOR,
30,4,0,20,BACHELOR,LEGAL
31,6,0,20,GRADUATE,LEGAL
32,,,,GRADUATE,LEGAL
33,,,,JUNIOR COLLEGE,
34,,,,BACHELOR,
35,6,0,60,HIGH SCHOOL,
36,5,0,40,GRADUATE,LEGAL
37,,0,3,BACHELOR,LEGAL
38,4,0,40,GRADUATE,
39,,,,HIGH SCHOOL,LEGAL
40,,,,GRADUATE,
41,3,5,40,BACHELOR,LEGAL
42,3,5,35,GRADUATE,LEGAL
43,4,0,24,HIGH SCHOOL,
44,3,0,60,GRADUATE,LEGAL
45,,,34,GRADUATE,
46,,,,HIGH SCHOOL,
47,2,10,40,HIGH SCHOOL,LEGAL
48,,,,HIGH SCHOOL,NOT LEGAL
49,5,0,50,HIGH SCHOOL,LEGAL
50,2,0,50,HIGH SCHOOL,
51,0,0,32,BACHELOR,LEGAL
52,,,,HIGH SCHOOL,LEGAL
53,2,,40,BACHELOR,LEGAL
54,,,,BACHELOR,
55,,,,GRADUATE,NOT LEGAL
56,,,,BACHELOR,LEGAL
57,2,15,46,LT HIGH SCHOOL,NOT LEGAL
58,2,0,36,BACHELOR,NOT LEGAL
59,4,0,30,HIGH SCHOOL,NOT LEGAL
60,6,5,40,BACHELOR,
61,3,0,40,BACHELOR,NOT LEGAL
62,3,0,36,JUNIOR COLLEGE,NOT LEGAL
63,,,,LT HIGH SCHOOL,NOT LEGAL
64,,,,HIGH SCHOOL,NOT LEGAL
65,4,1,40,BACHELOR,
66,3,0,40,BACHELOR,NOT LEGAL
67,,,,HIGH SCHOOL,LEGAL
68,,,,HIGH SCHOOL,NOT LEGAL
69,,,,HIGH SCHOOL,NOT LEGAL
70,,,,HIGH SCHOOL,LEGAL
71,2,0,48,HIGH SCHOOL,LEGAL
72,6,3,35,GRADUATE,LEGAL
73,,,,LT HIGH SCHOOL,NOT LEGAL
74,3,0,50,JUNIOR COLLEGE,
75,5,0,20,JUNIOR COLLEGE,LEGAL
76,2,20,50,BACHELOR,
77,,,,HIGH SCHOOL,
78,1,4,68,HIGH SCHOOL,
79,8,30,50,JUNIOR COLLEGE,LEGAL
80,,,,HIGH SCHOOL,NOT LEGAL
81,2,3,40,GRADUATE,
82,8,0,35,HIGH SCHOOL,NOT LEGAL
83,1,0,20,JUNIOR COLLEGE,LEGAL
84,3,3,9,HIGH SCHOOL,
85,,,,HIGH SCHOOL,
86,4,0,40,BACHELOR,NOT LEGAL
87,4,0,52,BACHELOR,
88,2,15,35,HIGH SCHOOL,NOT LEGAL
89,2,5,40,HIGH SCHOOL,
90,,,,LT HIGH SCHOOL,LEGAL
91,2,0,30,LT HIGH SCHOOL,NOT LEGAL
92,2,0,41,BACHELOR,
93,0,0,40,BACHELOR,
94,4,0,35,LT HIGH SCHOOL,NOT LEGAL
95,1,4,38,JUNIOR COLLEGE,
96,,,,LT HIGH SCHOOL,NOT LEGAL
97,2,,70,BACHELOR,NOT LEGAL
98,2,0,35,HIGH SCHOOL,
99,,0,48,HIGH SCHOOL,
100,4,0,9,GRADUATE,NOT LEGAL
101,,,,BACHELOR,NOT LEGAL
102,2,0,32,HIGH SCHOOL,
103,2,,35,HIGH SCHOOL,NOT LEGAL
104,3,0,50,HIGH SCHOOL,
105,2,0,65,BACHELOR,NOT LEGAL
106,,,,HIGH SCHOOL,
107,8,30,7,GRADUATE,
108,4,0,24,BACHELOR,
109,3,0,60,BACHELOR,
110,2,3,40,GRADUATE,
111,,,,LT HIGH SCHOOL,LEGAL
112,,,,BACHELOR,NOT LEGAL
113,4,30,40,GRADUATE,
114,2,0,30,HIGH SCHOOL,
115,3,1,50,GRADUATE,NOT LEGAL
116,,,,BACHELOR,
117,4,0,40,BACHELOR,NOT LEGAL
118,4,0,24,HIGH SCHOOL,LEGAL
119,3,,45,GRADUATE,NOT LEGAL
120,2,0,12,HIGH SCHOOL,
121,,,,LT HIGH SCHOOL,LEGAL
122,5,4,30,HIGH SCHOOL,NOT LEGAL
123,1,0,30,LT HIGH SCHOOL,NOT LEGAL
124,,,,JUNIOR COLLEGE,
125,5,1,40,HIGH SCHOOL,LEGAL
126,18,0,15,HIGH SCHOOL,
127,4,0,40,HIGH SCHOOL,LEGAL
128,,,,BACHELOR,LEGAL
129,2,0,89,BACHELOR,
130,3,0,30,LT HIGH SCHOOL,NOT LEGAL
131,,,,BACHELOR,NOT LEGAL
132,2,20,40,LT HIGH SCHOOL,
133,8,0,40,LT HIGH SCHOOL,NOT LEGAL
134,4,2,50,GRADUATE,LEGAL
135,1,2,50,LT HIGH SCHOOL,LEGAL
136,14,0,32,LT HIGH SCHOOL,
137,6,1,40,HIGH SCHOOL,LEGAL
138,2,1,24,HIGH SCHOOL,
139,2,0,60,HIGH SCHOOL,NOT LEGAL
140,3,0,24,GRADUATE,
141,2,2,50,HIGH SCHOOL,
142,,,,HIGH SCHOOL,
143,12,0,20,HIGH SCHOOL,LEGAL
144,2,0,45,BACHELOR,
145,1,3,40,GRADUATE,LEGAL
146,,,,HIGH SCHOOL,NOT LEGAL
147,,,,LT HIGH SCHOOL,NOT LEGAL
148,4,0,28,LT HIGH SCHOOL,NOT LEGAL
149,2,2,38,LT HIGH SCHOOL,
150,,,9,HIGH SCHOOL,LEGAL
151,3,0,25,GRADUATE,
152,2,0,40,BACHELOR,LEGAL
153,5,0,62,HIGH SCHOOL,
154,4,0,47,LT HIGH SCHOOL,
155,1,0,40,LT HIGH SCHOOL,
156,2,0,40,HIGH SCHOOL,LEGAL
157,2,14,40,HIGH SCHOOL,
158,0,0,37,HIGH SCHOOL,
159,,,,LT HIGH SCHOOL,NOT LEGAL
160,4,0,47,BACHELOR,
161,5,15,29,HIGH SCHOOL,NOT LEGAL
162,4,0,40,HIGH SCHOOL,LEGAL
163,2,5,25,GRADUATE,LEGAL
164,8,0,55,BACHELOR,NOT LEGAL
165,4,1,30,HIGH SCHOOL,NOT LEGAL
166,4,30,25,HIGH SCHOOL,LEGAL
167,,,,JUNIOR COLLEGE,NOT LEGAL
168,,,,HIGH SCHOOL,
169,,,,BACHELOR,
170,1,0,60,HIGH SCHOOL,LEGAL
171,4,0,44,GRADUATE,NOT LEGAL
172,6,0,38,HIGH SCHOOL,LEGAL
173,5,0,50,HIGH SCHOOL,LEGAL
174,4,0,60,GRADUATE,
175,1,14,75,HIGH SCHOOL,NOT LEGAL
176,,,,JUNIOR COLLEGE,
177,2,0,27,HIGH SCHOOL,NOT LEGAL
178,1,0,40,LT HIGH SCHOOL,LEGAL
179,5,0,50,BACHELOR,
180,,,,BACHELOR,LEGAL
181,8,3,45,GRADUATE,
182,5,4,30,JUNIOR COLLEGE,NOT LEGAL
183,3,5,,GRADUATE,LEGAL
184,8,29,45,HIGH SCHOOL,LEGAL
185,1,2,52,HIGH SCHOOL,LEGAL
186,4,0,72,BACHELOR,
187,5,0,40,BACHELOR,NOT LEGAL
188,4,2,50,BACHELOR,LEGAL
189,1,3,45,BACHELOR,LEGAL
190,2,4,52,JUNIOR COLLEGE,NOT LEGAL
191,3,10,70,BACHELOR,LEGAL
192,4,0,40,HIGH SCHOOL,
193,6,0,20,GRADUATE,LEGAL
194,5,0,40,GRADUATE,LEGAL
195,3,0,60,BACHELOR,NOT LEGAL
196,,,,GRADUATE,
197,,,,GRADUATE,NOT LEGAL
198,8,0,50,HIGH SCHOOL,LEGAL
199,2,0,40,BACHELOR,NOT LEGAL
200,,,,HIGH SCHOOL,
201,4,0,9,GRADUATE,LEGAL
202,,,,GRADUATE,
203,,,,LT HIGH SCHOOL,NOT LEGAL
204,0,0,40,HIGH SCHOOL,
205,7,1,40,HIGH SCHOOL,
206,,,,HIGH SCHOOL,
207,4,0,30,HIGH SCHOOL,LEGAL
208,2,14,25,BACHELOR,LEGAL
209,3,0,40,BACHELOR,
210,,,,BACHELOR,
211,,,,LT HIGH SCHOOL,NOT LEGAL
212,5,0,25,LT HIGH SCHOOL,NOT LEGAL
213,,,,HIGH SCHOOL,
214,,,,LT HIGH SCHOOL,NOT LEGAL
215,5,0,37,GRADUATE,LEGAL
216,,,,HIGH SCHOOL,
217,,,,GRADUATE,NOT LEGAL
218,5,2,45,BACHELOR,NOT LEGAL
219,,,,HIGH SCHOOL,LEGAL
220,1,0,64,GRADUATE,
221,3,4,33,BACHELOR,
222,0,7,30,BACHELOR,LEGAL
223,,,,BACHELOR,
224,0,5,40,HIGH SCHOOL,
225,,,,HIGH SCHOOL,
226,,,,BACHELOR,
227,,,,BACHELOR,LEGAL
228,7,0,9,BACHELOR,LEGAL
229,3,0,72,GRADUATE,
230,4,0,16,BACHELOR,LEGAL
231,3,0,60,HIGH SCHOOL,
232,,,,HIGH SCHOOL,NOT LEGAL
233,,,,HIGH SCHOOL,NOT LEGAL
234,4,0,41,BACHELOR,NOT LEGAL
235,,,,BACHELOR,NOT LEGAL
236,,,,HIGH SCHOOL,NOT LEGAL
237,,,,HIGH SCHOOL,NOT LEGAL
238,1,0,37,HIGH SCHOOL,
239,,,,LT HIGH SCHOOL,NOT LEGAL
240,2,5,50,HIGH SCHOOL,LEGAL
241,3,25,42,HIGH SCHOOL,LEGAL
242,2,0,30,BACHELOR,LEGAL
243,,,,BACHELOR,LEGAL
244,0,15,40,JUNIOR COLLEGE,LEGAL
245,4,0,20,HIGH SCHOOL,
246,1,14,40,BACHELOR,NOT LEGAL
247,2,0,40,HIGH SCHOOL,NOT LEGAL
248,,,,BACHELOR,
249,,,,HIGH SCHOOL,NOT LEGAL
250,,,,HIGH SCHOOL,NOT LEGAL
251,,,,HIGH SCHOOL,LEGAL
252,,,,HIGH SCHOOL,
253,1,3,40,BACHELOR,LEGAL
254,,,,HIGH SCHOOL,LEGAL
255,,,,HIGH SCHOOL,
256,,,,BACHELOR,NOT LEGAL
257,,,,GRADUATE,NOT LEGAL
258,3,0,54,JUNIOR COLLEGE,NOT LEGAL
259,2,2,35,GRADUATE,LEGAL
260,8,10,10,HIGH SCHOOL,NOT LEGAL
261,,,,LT HIGH SCHOOL,LEGAL
262,2,0,40,HIGH SCHOOL,LEGAL
263,1,2,38,HIGH SCHOOL,NOT LEGAL
264,3,0,60,HIGH SCHOOL,
265,6,0,8,GRADUATE,LEGAL
266,3,15,38,HIGH SCHOOL,NOT LEGAL
267,6,0,6,BACHELOR,
268,,,,BACHELOR,LEGAL
269,5,0,50,GRADUATE,LEGAL
270,5,0,45,GRADUATE,
271,5,5,48,BACHELOR,LEGAL
272,,,,BACHELOR,
273,4,0,46,BACHELOR,NOT LEGAL
274,3,3,45,BACHELOR,LEGAL
275,,,,HIGH SCHOOL,NOT LEGAL
276,3,0,40,LT HIGH SCHOOL,
277,7,9,16,HIGH SCHOOL,
278,8,0,40,BACHELOR,LEGAL
279,,,,BACHELOR,LEGAL
280,,,,BACHELOR,LEGAL
281,,,,BACHELOR,NOT LEGAL
282,6,0,32,BACHELOR,LEGAL
283,4,5,52,BACHELOR,
284,3,2,34,JUNIOR COLLEGE,NOT LEGAL
285,5,0,15,HIGH SCHOOL,
286,3,0,50,HIGH SCHOOL,NOT LEGAL
287,3,15,20,HIGH SCHOOL,
288,1,7,30,HIGH SCHOOL,
289,5,15,3,BACHELOR,LEGAL
290,,,,HIGH SCHOOL,LEGAL
291,,,,BACHELOR,
292,4,1,60,GRADUATE,LEGAL
293,3,0,40,BACHELOR,
294,,,,GRADUATE,LEGAL
295,,,,HIGH SCHOOL,LEGAL
296,,,,HIGH SCHOOL,LEGAL
297,1,15,40,HIGH SCHOOL,NOT LEGAL
298,,,,HIGH SCHOOL,
299,2,15,22,HIGH SCHOOL,LEGAL
300,5,0,45,HIGH SCHOOL,
301,2,0,50,HIGH SCHOOL,
302,,,,GRADUATE,
303,5,0,32,HIGH SCHOOL,LEGAL
304,,,,HIGH SCHOOL,LEGAL
305,4,5,40,HIGH SCHOOL,
306,2,0,25,LT HIGH SCHOOL,
307,2,25,30,HIGH SCHOOL,
308,,,,HIGH SCHOOL,LEGAL
309,,,,HIGH SCHOOL,
310,,,,GRADUATE,LEGAL
311,3,2,40,BACHELOR,LEGAL
312,,,,JUNIOR COLLEGE,LEGAL
313,3,0,42,BACHELOR,
314,2,0,48,LT HIGH SCHOOL,NOT LEGAL
315,6,0,20,LT HIGH SCHOOL,LEGAL
316,,,,BACHELOR,
317,,,,GRADUATE,NOT LEGAL
318,,,,LT HIGH SCHOOL,NOT LEGAL
319,,,,HIGH SCHOOL,NOT LEGAL
320,7,0,35,GRADUATE,
321,2,4,40,HIGH SCHOOL,LEGAL
322,,,,HIGH SCHOOL,NOT LEGAL
323,,,,BACHELOR,NOT LEGAL
324,4,30,40,HIGH SCHOOL,LEGAL
325,5,3,40,BACHELOR,
326,4,0,37,HIGH SCHOOL,LEGAL
327,4,0,40,HIGH SCHOOL,
328,3,0,40,HIGH SCHOOL,NOT LEGAL
329,5,0,44,JUNIOR COLLEGE,LEGAL
330,,,,HIGH SCHOOL,NOT LEGAL
331,,,,HIGH SCHOOL,
332,4,1,9,LT HIGH SCHOOL,NOT LEGAL
333,1,0,40,HIGH SCHOOL,NOT LEGAL
334,,,,LT HIGH SCHOOL,
335,,,,HIGH SCHOOL,LEGAL
336,,,,HIGH SCHOOL,LEGAL
337,,,,HIGH SCHOOL,
338,2,0,40,HIGH SCHOOL,NOT LEGAL
339,8,1,51,HIGH SCHOOL,
340,8,0,20,HIGH SCHOOL,NOT LEGAL
341,,,,BACHELOR,NOT LEGAL
342,1,15,50,HIGH SCHOOL,
343,,,,HIGH SCHOOL,LEGAL
344,4,0,50,BACHELOR,NOT LEGAL
345,,,,HIGH SCHOOL,
346,12,2,40,GRADUATE,LEGAL
347,3,0,42,LT HIGH SCHOOL,LEGAL
348,,,,HIGH SCHOOL,
349,1,21,40,LT HIGH SCHOOL,
350,7,0,20,GRADUATE,LEGAL
351,8,30,11,HIGH SCHOOL,
352,,,48,BACHELOR,
353,2,6,60,HIGH SCHOOL,NOT LEGAL
354,,,,GRADUATE,LEGAL
355,2,15,50,JUNIOR COLLEGE,LEGAL
356,,,,HIGH SCHOOL,LEGAL
357,,,,GRADUATE,LEGAL
358,3,0,50,BACHELOR,
359,,,,LT HIGH SCHOOL,LEGAL
360,8,0,35,GRADUATE,
361,2,0,55,HIGH SCHOOL,LEGAL
362,,,,LT HIGH SCHOOL,NOT LEGAL
363,3,10,70,HIGH SCHOOL,
364,1,5,52,BACHELOR,LEGAL
365,,,,HIGH SCHOOL,
366,,,,HIGH SCHOOL,LEGAL
367,6,0,40,HIGH SCHOOL,NOT LEGAL
368,,,,BACHELOR,
369,,,,JUNIOR COLLEGE,
370,3,14,40,HIGH SCHOOL,NOT LEGAL
371,,,,HIGH SCHOOL,NOT LEGAL
372,,,,JUNIOR COLLEGE,NOT LEGAL
373,,,,HIGH SCHOOL,LEGAL
374,4,0,40,HIGH SCHOOL,
375,4,0,40,HIGH SCHOOL,NOT LEGAL
376,,,5,LT HIGH SCHOOL,NOT LEGAL
377,6,0,40,LT HIGH SCHOOL,NOT LEGAL
378,2,0,40,HIGH SCHOOL,
379,3,3,30,HIGH SCHOOL,NOT LEGAL
380,,,,LT HIGH SCHOOL,
381,,,,HIGH SCHOOL,NOT LEGAL
382,,,,HIGH SCHOOL,LEGAL
383,1,30,60,HIGH SCHOOL,NOT LEGAL
384,4,0,40,BACHELOR,NOT LEGAL
385,0,30,40,HIGH SCHOOL,NOT LEGAL
386,,,,HIGH SCHOOL,
387,4,0,45,HIGH SCHOOL,NOT LEGAL
388,0,30,46,HIGH SCHOOL,
389,,,,GRADUATE,NOT LEGAL
390,5,0,38,HIGH SCHOOL,
391,3,10,9,LT HIGH SCHOOL,NOT LEGAL
392,2,5,40,HIGH SCHOOL,
393,,,,HIGH SCHOOL,
394,2,0,40,HIGH SCHOOL,LEGAL
395,,,,HIGH SCHOOL,NOT LEGAL
396,2,0,45,BACHELOR,
397,3,2,42,HIGH SCHOOL,NOT LEGAL
398,3,6,27,JUNIOR COLLEGE,
399,2,30,40,HIGH SCHOOL,NOT LEGAL
400,3,0,20,JUNIOR COLLEGE,
401,,,,HIGH SCHOOL,
402,,,,HIGH SCHOOL,LEGAL
403,,,,HIGH SCHOOL,NOT LEGAL
404,,,,HIGH SCHOOL,
405,,,,HIGH SCHOOL,LEGAL
406,,,,HIGH SCHOOL,
407,,,,HIGH SCHOOL,LEGAL
408,,,,LT HIGH SCHOOL,LEGAL
409,7,0,45,HIGH SCHOOL,LEGAL
410,,,,HIGH SCHOOL,NOT LEGAL
411,,,,BACHELOR,NOT LEGAL
412,,,,JUNIOR COLLEGE,LEGAL
413,,,,HIGH SCHOOL,
414,3,0,65,BACHELOR,LEGAL
415,4,10,40,BACHELOR,
416,2,30,60,LT HIGH SCHOOL,LEGAL
417,4,30,30,LT HIGH SCHOOL,
418,8,20,38,HIGH SCHOOL,
419,1,0,40,HIGH SCHOOL,
420,5,7,67,HIGH SCHOOL,NOT LEGAL
421,,,,HIGH SCHOOL,LEGAL
422,,,,BACHELOR,LEGAL
423,2,2,32,LT HIGH SCHOOL,
424,,,,HIGH SCHOOL,LEGAL
425,4,0,39,HIGH SCHOOL,
426,4,0,8,HIGH SCHOOL,
427,,,,HIGH SCHOOL,NOT LEGAL
428,5,1,40,BACHELOR,NOT LEGAL
429,5,0,40,HIGH SCHOOL,
430,,,,HIGH SCHOOL,LEGAL
431,,,,BACHELOR,NOT LEGAL
432,5,0,40,HIGH SCHOOL,NOT LEGAL
433,,,,HIGH SCHOOL,LEGAL
434,,,,LT HIGH SCHOOL,NOT LEGAL
435,2,0,50,HIGH SCHOOL,
436,,,,HIGH SCHOOL,
437,4,,65,HIGH SCHOOL,NOT LEGAL
438,5,0,40,LT HIGH SCHOOL,LEGAL
439,,,,HIGH SCHOOL,
440,,,,HIGH SCHOOL,LEGAL
441,5,7,40,HIGH SCHOOL,
442,,,,HIGH SCHOOL,LEGAL
443,,,,HIGH SCHOOL,NOT LEGAL
444,1,7,9,HIGH SCHOOL,LEGAL
445,,,,BACHELOR,LEGAL
446,3,7,36,HIGH SCHOOL,LEGAL
447,,,,BACHELOR,LEGAL
448,3,0,44,GRADUATE,
449,4,0,30,BACHELOR,LEGAL
450,8,0,9,LT HIGH SCHOOL,NOT LEGAL
451,1,0,40,HIGH SCHOOL,
452,2,0,40,HIGH SCHOOL,
453,5,0,21,BACHELOR,
454,1,0,58,LT HIGH SCHOOL,NOT LEGAL
455,,,,HIGH SCHOOL,LEGAL
456,,,,LT HIGH SCHOOL,NOT LEGAL
457,2,0,30,LT HIGH SCHOOL,NOT LEGAL
458,3,5,40,BACHELOR,LEGAL
459,3,1,40,HIGH SCHOOL,
460,,,,BACHELOR,NOT LEGAL
461,6,3,38,GRADUATE,NOT LEGAL
462,3,1,40,BACHELOR,
463,2,0,50,GRADUATE,NOT LEGAL
464,1,0,40,GRADUATE,
465,1,3,40,GRADUATE,NOT LEGAL
466,2,1,10,BACHELOR,NOT LEGAL
467,10,30,9,HIGH SCHOOL,
468,,,,HIGH SCHOOL,LEGAL
469,4,1,50,HIGH SCHOOL,
470,5,2,55,GRADUATE,LEGAL
471,,,,BACHELOR,
472,6,0,40,HIGH SCHOOL,LEGAL
473,14,0,36,HIGH SCHOOL,
474,,,,HIGH SCHOOL,LEGAL
475,2,0,50,GRADUATE,NOT LEGAL
476,4,10,45,HIGH SCHOOL,LEGAL
477,,,,LT HIGH SCHOOL,LEGAL
478,0,20,22,HIGH SCHOOL,
479,5,3,40,GRADUATE,LEGAL
480,5,2,32,BACHELOR,
481,,,50,HIGH SCHOOL,LEGAL
482,2,,25,HIGH SCHOOL,NOT LEGAL
483,,,,LT HIGH SCHOOL,
484,3,1,48,HIGH SCHOOL,
485,1,10,89,HIGH SCHOOL,LEGAL
486,5,0,25,HIGH SCHOOL,NOT LEGAL
487,,,,HIGH SCHOOL,
488,,,,LT HIGH SCHOOL,NOT LEGAL
489,,,,HIGH SCHOOL,NOT LEGAL
490,2,0,55,JUNIOR COLLEGE,
491,1,3,43,HIGH SCHOOL,LEGAL
492,,,,LT HIGH SCHOOL,NOT LEGAL
493,,,,HIGH SCHOOL,LEGAL
494,,,,HIGH SCHOOL,LEGAL
495,1,0,40,HIGH SCHOOL,
496,,,,HIGH SCHOOL,NOT LEGAL
497,5,0,60,HIGH SCHOOL,NOT LEGAL
498,2,2,40,BACHELOR,NOT LEGAL
499,,,,BACHELOR,NOT LEGAL
500,5,0,60,BACHELOR,LEGAL
501,,,,HIGH SCHOOL,LEGAL
502,3,5,55,GRADUATE,LEGAL
503,0,5,40,HIGH SCHOOL,LEGAL
504,,,,BACHELOR,
505,,,,JUNIOR COLLEGE,LEGAL
506,5,0,54,GRADUATE,NOT LEGAL
507,,,,LT HIGH SCHOOL,
508,5,30,20,LT HIGH SCHOOL,NOT LEGAL
509,,,,LT HIGH SCHOOL,
510,4,0,50,HIGH SCHOOL,
511,,,,BACHELOR,NOT LEGAL
512,3,0,58,JUNIOR COLLEGE,
513,,,,HIGH SCHOOL,
514,,,,HIGH SCHOOL,
515,0,0,42,HIGH SCHOOL,LEGAL
516,,,,GRADUATE,LEGAL
517,5,0,40,BACHELOR,
518,3,0,50,BACHELOR,
519,,,,HIGH SCHOOL,LEGAL
520,,,,HIGH SCHOOL,NOT LEGAL
521,,,,GRADUATE,NOT LEGAL
522,3,0,32,BACHELOR,
523,5,0,70,LT HIGH SCHOOL,NOT LEGAL
524,1,2,40,HIGH SCHOOL,LEGAL
525,6,5,15,HIGH SCHOOL,NOT LEGAL
526,1,0,40,GRADUATE,LEGAL
527,,,,HIGH SCHOOL,
528,,,,HIGH SCHOOL,
529,0,0,45,BACHELOR,NOT LEGAL
530,,,,GRADUATE,LEGAL
531,4,0,40,HIGH SCHOOL,LEGAL
532,,,,JUNIOR COLLEGE,NOT LEGAL
533,,,,BACHELOR,
534,3,2,9,HIGH SCHOOL,NOT LEGAL
535,2,3,30,HIGH SCHOOL,LEGAL
536,,,,HIGH SCHOOL,LEGAL
537,2,2,40,GRADUATE,
538,5,2,40,BACHELOR,LEGAL
539,4,5,40,HIGH SCHOOL,LEGAL
540,2,4,9,JUNIOR COLLEGE,NOT LEGAL
541,4,3,48,HIGH SCHOOL,NOT LEGAL
542,,,,GRADUATE,
543,2,0,25,GRADUATE,
544,3,3,30,HIGH SCHOOL,
545,4,0,30,GRADUATE,NOT LEGAL
546,,,,BACHELOR,NOT LEGAL
547,,,,BACHELOR,
548,3,1,10,BACHELOR,
549,,,,HIGH SCHOOL,NOT LEGAL
550,1,0,40,BACHELOR,LEGAL
551,3,0,48,BACHELOR,
552,,,,LT HIGH SCHOOL,NOT LEGAL
553,,,,JUNIOR COLLEGE,
554,2,0,54,HIGH SCHOOL,LEGAL
555,2,5,50,GRADUATE,NOT LEGAL
556,5,0,45,HIGH SCHOOL,
557,5,0,40,BACHELOR,LEGAL
558,0,0,42,LT HIGH SCHOOL,NOT LEGAL
559,,,,HIGH SCHOOL,
560,3,2,42,BACHELOR,NOT LEGAL
561,6,0,40,LT HIGH SCHOOL,
562,,,,LT HIGH SCHOOL,NOT LEGAL
563,,,,HIGH SCHOOL,NOT LEGAL
564,,,,HIGH SCHOOL,
565,5,0,40,LT HIGH SCHOOL,LEGAL
566,,,,HIGH SCHOOL,
567,3,0,40,HIGH SCHOOL,LEGAL
568,7,30,6,LT HIGH SCHOOL,NOT LEGAL
569,,,,HIGH SCHOOL,NOT LEGAL
570,,,,HIGH SCHOOL,NOT LEGAL
571,5,0,40,HIGH SCHOOL,
572,,,,HIGH SCHOOL,NOT LEGAL
573,,,,BACHELOR,
574,,,,LT HIGH SCHOOL,LEGAL
575,3,7,60,HIGH SCHOOL,LEGAL
576,,,,HIGH SCHOOL,
577,14,15,4,HIGH SCHOOL,NOT LEGAL
578,4,0,30,GRADUATE,
579,,,,JUNIOR COLLEGE,NOT LEGAL
580,5,0,18,HIGH SCHOOL,
581,1,20,47,HIGH SCHOOL,NOT LEGAL
582,,,,HIGH SCHOOL,
583,,,,LT HIGH SCHOOL,LEGAL
584,1,0,40,HIGH SCHOOL,
585,,,,HIGH SCHOOL,NOT LEGAL
586,2,0,18,BACHELOR,NOT LEGAL
587,2,30,60,HIGH SCHOOL,LEGAL
588,4,5,45,HIGH SCHOOL,LEGAL
589,,,,HIGH SCHOOL,
590,3,3,70,JUNIOR COLLEGE,
591,,,,HIGH SCHOOL,NOT LEGAL
592,,,,HIGH SCHOOL,LEGAL
593,1,10,30,HIGH SCHOOL,LEGAL
594,,,,HIGH SCHOOL,
595,,,,HIGH SCHOOL,NOT LEGAL
596,7,0,38,HIGH SCHOOL,
597,6,4,42,BACHELOR,LEGAL
598,2,15,41,HIGH SCHOOL,
599,5,5,38,BACHELOR,NOT LEGAL
600,6,0,40,HIGH SCHOOL,
601,,,,BACHELOR,
602,8,0,24,HIGH SCHOOL,NOT LEGAL
603,5,3,45,BACHELOR,LEGAL
604,,,,HIGH SCHOOL,
605,,,,BACHELOR,
606,4,2,40,BACHELOR,NOT LEGAL
607,,,,GRADUATE,LEGAL
608,4,2,52,BACHELOR,LEGAL
609,5,12,45,LT HIGH SCHOOL,
610,8,0,72,HIGH SCHOOL,
611,4,7,40,HIGH SCHOOL,LEGAL
612,2,2,60,HIGH SCHOOL,
613,,,,GRADUATE,NOT LEGAL
614,,,,HIGH SCHOOL,
615,2,0,55,BACHELOR,LEGAL
616,,,,HIGH SCHOOL,LEGAL
617,2,5,85,HIGH SCHOOL,NOT LEGAL
618,4,0,50,HIGH SCHOOL,LEGAL
619,4,0,40,HIGH SCHOOL,
620,8,0,49,BACHELOR,NOT LEGAL
621,4,1,40,BACHELOR,
622,3,15,50,HIGH SCHOOL,LEGAL
623,6,0,52,JUNIOR COLLEGE,LEGAL
624,3,0,42,BACHELOR,
625,,,,HIGH SCHOOL,NOT LEGAL
626,,,,LT HIGH SCHOOL,
627,,,,HIGH SCHOOL,
628,,,,HIGH SCHOOL,LEGAL
629,2,1,45,HIGH SCHOOL,LEGAL
630,4,15,55,GRADUATE,LEGAL
631,8,30,64,HIGH SCHOOL,
632,1,0,60,BACHELOR,LEGAL
633,2,0,24,HIGH SCHOOL,NOT LEGAL
634,,,,HIGH SCHOOL,NOT LEGAL
635,4,2,27,HIGH SCHOOL,NOT LEGAL
636,,,9,JUNIOR COLLEGE,
637,1,10,55,BACHELOR,LEGAL
638,,,,LT HIGH SCHOOL,
639,,,,BACHELOR,LEGAL
640,,,,LT HIGH SCHOOL,NOT LEGAL
641,,,,HIGH SCHOOL,NOT LEGAL
642,2,30,64,HIGH SCHOOL,
643,,,,LT HIGH SCHOOL,
644,8,15,14,JUNIOR COLLEGE,NOT LEGAL
645,,,,HIGH SCHOOL,
646,,,,HIGH SCHOOL,LEGAL
647,,,,HIGH SCHOOL,
648,2,30,40,HIGH SCHOOL,LEGAL
649,0,30,28,LT HIGH SCHOOL,
650,1,0,40,LT HIGH SCHOOL,NOT LEGAL
651,,,,HIGH SCHOOL,
652,2,1,9,GRADUATE,
653,,,,LT HIGH SCHOOL,NOT LEGAL
654,3,30,37,BACHELOR,
655,6,0,15,HIGH SCHOOL,
656,3,0,45,HIGH SCHOOL,
657,4,0,50,HIGH SCHOOL,NOT LEGAL
658,,,,LT HIGH SCHOOL,LEGAL
659,4,0,20,JUNIOR COLLEGE,
660,,,,BACHELOR,LEGAL
661,2,1,50,BACHELOR,
662,,,,BACHELOR,NOT LEGAL
663,,0,20,HIGH SCHOOL,NOT LEGAL
664,,,,LT HIGH SCHOOL,
665,,,,LT HIGH SCHOOL,LEGAL
666,,,,HIGH SCHOOL,
667,4,20,50,HIGH SCHOOL,NOT LEGAL
668,5,0,40,HIGH SCHOOL,LEGAL
669,,,,HIGH SCHOOL,LEGAL
670,2,0,36,BACHELOR,LEGAL
671,,,,HIGH SCHOOL,NOT LEGAL
672,,,,HIGH SCHOOL,
673,3,0,40,HIGH SCHOOL,LEGAL
674,,,,HIGH SCHOOL,
675,,,,LT HIGH SCHOOL,
676,,,,LT HIGH SCHOOL,NOT LEGAL
677,4,1,40,HIGH SCHOOL,LEGAL
678,,,,BACHELOR,
679,3,2,55,BACHELOR,NOT LEGAL
680,,,,LT HIGH SCHOOL,LEGAL
681,,,,HIGH SCHOOL,LEGAL
682,3,0,44,HIGH SCHOOL,
683,5,2,35,HIGH SCHOOL,LEGAL
684,0,6,22,HIGH SCHOOL,
685,0,30,40,HIGH SCHOOL,NOT LEGAL
686,,,,HIGH SCHOOL,NOT LEGAL
687,,,,HIGH SCHOOL,
688,4,0,40,HIGH SCHOOL,
689,,,,HIGH SCHOOL,NOT LEGAL
690,,,,LT HIGH SCHOOL,LEGAL
691,,,,LT HIGH SCHOOL,
692,,,,BACHELOR,NOT LEGAL
693,0,0,89,JUNIOR COLLEGE,
694,2,10,40,LT HIGH SCHOOL,
695,3,1,50,GRADUATE,NOT LEGAL
696,4,5,40,BACHELOR,NOT LEGAL
697,3,10,40,BACHELOR,LEGAL
698,4,15,60,BACHELOR,LEGAL
699,2,0,25,BACHELOR,LEGAL
700,,,,JUNIOR COLLEGE,LEGAL
701,3,2,36,HIGH SCHOOL,NOT LEGAL
702,,,,HIGH SCHOOL,
703,6,0,40,GRADUATE,NOT LEGAL
704,6,0,40,GRADUATE,
705,4,4,9,GRADUATE,LEGAL
706,,,,BACHELOR,LEGAL
707,,,,HIGH SCHOOL,NOT LEGAL
708,3,0,60,GRADUATE,
709,,,,LT HIGH SCHOOL,
710,,,,HIGH SCHOOL,
711,5,30,40,HIGH SCHOOL,NOT LEGAL
712,,,,HIGH SCHOOL,LEGAL
713,,,,HIGH SCHOOL,LEGAL
714,3,0,38,BACHELOR,
715,,,,LT HIGH SCHOOL,NOT LEGAL
716,,,,LT HIGH SCHOOL,NOT LEGAL
717,,,,LT HIGH SCHOOL,
718,2,12,40,HIGH SCHOOL,LEGAL
719,1,2,40,BACHELOR,LEGAL
720,5,0,45,GRADUATE,
721,2,0,50,BACHELOR,
722,0,,56,JUNIOR COLLEGE,LEGAL
723,,,,BACHELOR,
724,2,20,50,GRADUATE,LEGAL
725,,,,JUNIOR COLLEGE,
726,,,,GRADUATE,NOT LEGAL
727,,,,HIGH SCHOOL,LEGAL
728,,,,HIGH SCHOOL,LEGAL
729,,,,HIGH SCHOOL,LEGAL
730,,,,HIGH SCHOOL,LEGAL
731,,,,GRADUATE,LEGAL
732,4,15,30,GRADUATE,
733,,,,BACHELOR,
734,2,0,70,GRADUATE,LEGAL
735,3,1,50,GRADUATE,
736,4,0,40,HIGH SCHOOL,
737,,,9,BACHELOR,NOT LEGAL
738,2,10,40,HIGH SCHOOL,NOT LEGAL
739,4,0,40,HIGH SCHOOL,LEGAL
740,5,0,50,BACHELOR,LEGAL
741,,,,HIGH SCHOOL,
742,3,0,60,BACHELOR,NOT LEGAL
743,6,10,50,JUNIOR COLLEGE,LEGAL
744,1,7,52,JUNIOR COLLEGE,LEGAL
745,,,,LT HIGH SCHOOL,
746,,,,HIGH SCHOOL,
747,6,0,38,GRADUATE,LEGAL
748,,,,LT HIGH SCHOOL,NOT LEGAL
749,3,7,55,BACHELOR,
750,,,,LT HIGH SCHOOL,LEGAL
751,,,,HIGH SCHOOL,LEGAL
752,3,3,50,JUNIOR COLLEGE,
753,1,0,60,HIGH SCHOOL,NOT LEGAL
754,3,1,20,HIGH SCHOOL,LEGAL
755,8,0,9,HIGH SCHOOL,NOT LEGAL
756,,,,HIGH SCHOOL,
757,5,0,40,HIGH SCHOOL,
758,4,0,60,JUNIOR COLLEGE,LEGAL
759,5,0,50,BACHELOR,
760,4,0,52,HIGH SCHOOL,LEGAL
761,5,0,32,BACHELOR,LEGAL
762,5,4,40,BACHELOR,LEGAL
763,4,5,32,HIGH SCHOOL,NOT LEGAL
764,3,0,45,JUNIOR COLLEGE,
765,,,,GRADUATE,
766,,,,HIGH SCHOOL,LEGAL
767,,,,BACHELOR,LEGAL
768,3,0,50,BACHELOR,LEGAL
769,4,10,40,JUNIOR COLLEGE,LEGAL
770,1,1,40,HIGH SCHOOL,NOT LEGAL
771,6,0,30,HIGH SCHOOL,LEGAL
772,2,7,40,HIGH SCHOOL,
773,4,0,50,JUNIOR COLLEGE,LEGAL
774,,,,BACHELOR,
775,2,0,38,HIGH SCHOOL,
776,,,,BACHELOR,
777,3,5,40,HIGH SCHOOL,LEGAL
778,,,,LT HIGH SCHOOL,
779,3,0,55,HIGH SCHOOL,NOT LEGAL
780,,,,HIGH SCHOOL,
781,3,0,40,HIGH SCHOOL,LEGAL
782,,,,HIGH SCHOOL,LEGAL
783,1,2,9,JUNIOR COLLEGE,NOT LEGAL
784,,,,HIGH SCHOOL,LEGAL
785,2,0,30,HIGH SCHOOL,
786,4,0,45,LT HIGH SCHOOL,LEGAL
787,,,,HIGH SCHOOL,NOT LEGAL
788,3,0,50,BACHELOR,NOT LEGAL
789,3,0,50,GRADUATE,LEGAL
790,,,,GRADUATE,
791,5,0,40,BACHELOR,
792,,,,LT HIGH SCHOOL,
793,,,,HIGH SCHOOL,LEGAL
794,,,,JUNIOR COLLEGE,LEGAL
795,,,,HIGH SCHOOL,
796,1,0,40,GRADUATE,LEGAL
797,2,0,40,BACHELOR,
798,16,4,20,BACHELOR,LEGAL
799,4,0,40,BACHELOR,LEGAL
800,,,,BACHELOR,NOT LEGAL
801,0,0,50,BACHELOR,NOT LEGAL
802,4,10,32,BACHELOR,NOT LEGAL
803,,,,LT HIGH SCHOOL,NOT LEGAL
804,0,0,30,HIGH SCHOOL,
805,,,,HIGH SCHOOL,NOT LEGAL
806,2,0,40,HIGH SCHOOL,
807,2,1,50,BACHELOR,
808,,,,GRADUATE,NOT LEGAL
809,2,2,26,GRADUATE,
810,8,0,16,HIGH SCHOOL,NOT LEGAL
811,,,,HIGH SCHOOL,
812,2,0,38,GRADUATE,NOT LEGAL
813,,,,GRADUATE,NOT LEGAL
814,,,,GRADUATE,LEGAL
815,3,0,32,HIGH SCHOOL,
816,16,3,40,BACHELOR,
817,,,,HIGH SCHOOL,NOT LEGAL
818,,,,HIGH SCHOOL,LEGAL
819,,,,HIGH SCHOOL,
820,,,,HIGH SCHOOL,
821,,,,HIGH SCHOOL,LEGAL
822,,,,GRADUATE,LEGAL
823,,,,GRADUATE,NOT LEGAL
824,,,,GRADUATE,NOT LEGAL
825,,,,LT HIGH SCHOOL,
826,,,,HIGH SCHOOL,NOT LEGAL
827,,,,GRADUATE,LEGAL
828,,,,HIGH SCHOOL,LEGAL
829,1,1,40,LT HIGH SCHOOL,
830,4,0,16,HIGH SCHOOL,NOT LEGAL
831,1,0,40,HIGH SCHOOL,
832,,,,HIGH SCHOOL,NOT LEGAL
833,,,,GRADUATE,
834,3,2,45,BACHELOR,
835,,,,HIGH SCHOOL,LEGAL
836,2,1,35,JUNIOR COLLEGE,LEGAL
837,5,0,40,BACHELOR,
838,3,0,35,JUNIOR COLLEGE,
839,,,,HIGH SCHOOL,LEGAL
840,,,,BACHELOR,LEGAL
841,10,7,8,HIGH SCHOOL,NOT LEGAL
842,,,,HIGH SCHOOL,
843,8,0,16,HIGH SCHOOL,NOT LEGAL
844,1,4,55,GRADUATE,LEGAL
845,3,5,65,GRADUATE,
846,,,,HIGH SCHOOL,NOT LEGAL
847,16,4,38,JUNIOR COLLEGE,NOT LEGAL
848,2,3,32,GRADUATE,
849,4,25,40,BACHELOR,NOT LEGAL
850,,,,BACHELOR,NOT LEGAL
851,3,0,40,LT HIGH SCHOOL,NOT LEGAL
852,,,,BACHELOR,
853,,,,LT HIGH SCHOOL,NOT LEGAL
854,5,3,12,GRADUATE,NOT LEGAL
855,,,,HIGH SCHOOL,
856,,,,HIGH SCHOOL,LEGAL
857,,,,LT HIGH SCHOOL,LEGAL
858,,,,LT HIGH SCHOOL,
859,,,,HIGH SCHOOL,NOT LEGAL
860,,,,HIGH SCHOOL,LEGAL
861,2,0,55,GRADUATE,NOT LEGAL
862,,,,HIGH SCHOOL,NOT LEGAL
863,1,30,56,HIGH SCHOOL,
864,,,,HIGH SCHOOL,
865,1,2,20,HIGH SCHOOL,NOT LEGAL
866,,,,HIGH SCHOOL,NOT LEGAL
867,1,3,44,JUNIOR COLLEGE,
868,4,0,37,HIGH SCHOOL,LEGAL
869,,,,HIGH SCHOOL,
870,,,,HIGH SCHOOL,
871,,,,HIGH SCHOOL,LEGAL
872,2,7,65,HIGH SCHOOL,
873,3,14,40,HIGH SCHOOL,NOT LEGAL
874,,,,HIGH SCHOOL,
875,,,,HIGH SCHOOL,LEGAL
876,12,0,12,HIGH SCHOOL,NOT LEGAL
877,2,0,40,LT HIGH SCHOOL,NOT LEGAL
878,24,1,50,JUNIOR COLLEGE,NOT LEGAL
879,4,15,45,HIGH SCHOOL,LEGAL
880,4,0,40,HIGH SCHOOL,LEGAL
881,,,,HIGH SCHOOL,
882,,,,JUNIOR COLLEGE,NOT LEGAL
883,,,,HIGH SCHOOL,LEGAL
884,,,,HIGH SCHOOL,NOT LEGAL
885,,,,HIGH SCHOOL,LEGAL
886,,,,LT HIGH SCHOOL,NOT LEGAL
887,4,10,40,HIGH SCHOOL,
888,,,,HIGH SCHOOL,
889,4,0,40,LT HIGH SCHOOL,NOT LEGAL
890,8,30,30,HIGH SCHOOL,
891,0,14,42,LT HIGH SCHOOL,NOT LEGAL
892,0,0,48,HIGH SCHOOL,
893,,,,LT HIGH SCHOOL,
894,,,,LT HIGH SCHOOL,NOT LEGAL
895,10,0,70,HIGH SCHOOL,LEGAL
896,2,15,24,HIGH SCHOOL,
897,,,,HIGH SCHOOL,
898,,,,HIGH SCHOOL,NOT LEGAL
899,5,1,40,BACHELOR,LEGAL
900,4,0,50,BACHELOR,LEGAL
901,4,30,38,HIGH SCHOOL,NOT LEGAL
902,,,,HIGH SCHOOL,
903,,,,LT HIGH SCHOOL,NOT LEGAL
904,5,0,32,GRADUATE,
905,,,,LT HIGH SCHOOL,NOT LEGAL
906,,,,GRADUATE,LEGAL
907,4,1,55,GRADUATE,
908,5,1,40,GRADUATE,
909,,,,HIGH SCHOOL,LEGAL
910,8,30,40,HIGH SCHOOL,
911,,,,HIGH SCHOOL,LEGAL
912,,,,HIGH SCHOOL,NOT LEGAL
913,0,5,52,HIGH SCHOOL,
914,2,0,42,HIGH SCHOOL,LEGAL
915,3,4,40,HIGH SCHOOL,NOT LEGAL
916,2,1,40,HIGH SCHOOL,LEGAL
917,8,0,40,LT HIGH SCHOOL,NOT LEGAL
918,,,,HIGH SCHOOL,
919,0,0,40,HIGH SCHOOL,LEGAL
920,2,0,40,HIGH SCHOOL,LEGAL
921,,,,BACHELOR,
922,,,,HIGH SCHOOL,
923,3,0,40,HIGH SCHOOL,
924,,,,BACHELOR,LEGAL
925,,,,HIGH SCHOOL,NOT LEGAL
926,,,,HIGH SCHOOL,
927,,,,HIGH SCHOOL,
928,3,0,60,BACHELOR,NOT LEGAL
929,,,,HIGH SCHOOL,
930,6,3,45,BACHELOR,NOT LEGAL
931,5,2,9,GRADUATE,LEGAL
932,20,0,20,GRADUATE,
933,9,15,45,HIGH SCHOOL,NOT LEGAL
934,,,,HIGH SCHOOL,
935,5,,20,HIGH SCHOOL,NOT LEGAL
936,10,6,10,HIGH SCHOOL,
937,,,,LT HIGH SCHOOL,LEGAL
938,,,,HIGH SCHOOL,LEGAL
939,,,,HIGH SCHOOL,
940,3,10,50,GRADUATE,LEGAL
941,2,4,40,HIGH SCHOOL,
942,8,0,20,HIGH SCHOOL,NOT LEGAL
943,2,5,60,HIGH SCHOOL,
944,,,,HIGH SCHOOL,NOT LEGAL
945,1,,42,HIGH SCHOOL,
946,2,4,24,HIGH SCHOOL,NOT LEGAL
947,3,2,22,HIGH SCHOOL,
948,,,,LT HIGH SCHOOL,LEGAL
949,4,10,32,HIGH SCHOOL,LEGAL
950,,,,LT HIGH SCHOOL,NOT LEGAL
951,,,,HIGH SCHOOL,
952,5,0,35,BACHELOR,LEGAL
953,5,0,60,LT HIGH SCHOOL,LEGAL
954,,,,BACHELOR,
955,6,0,40,HIGH SCHOOL,LEGAL
956,,,,BACHELOR,
957,,,,HIGH SCHOOL,LEGAL
958,1,0,60,HIGH SCHOOL,
959,,,,HIGH SCHOOL,LEGAL
960,4,2,40,GRADUATE,
961,,,,GRADUATE,NOT LEGAL
962,2,0,40,BACHELOR,NOT LEGAL
963,,,,HIGH SCHOOL,NOT LEGAL
964,4,0,40,BACHELOR,LEGAL
965,,,,HIGH SCHOOL,
966,,,,JUNIOR COLLEGE,NOT LEGAL
967,2,0,60,HIGH SCHOOL,
968,,,,HIGH SCHOOL,
969,,,,JUNIOR COLLEGE,LEGAL
970,1,10,35,HIGH SCHOOL,
971,,,,HIGH SCHOOL,
972,,,,HIGH SCHOOL,
973,4,1,45,GRADUATE,NOT LEGAL
974,,,,HIGH SCHOOL,
975,2,0,52,HIGH SCHOOL,LEGAL
976,5,1,40,HIGH SCHOOL,
977,12,0,25,GRADUATE,NOT LEGAL
978,3,25,48,HIGH SCHOOL,
979,,,,HIGH SCHOOL,LEGAL
980,4,3,40,GRADUATE,
981,,,,HIGH SCHOOL,NOT LEGAL
982,6,0,40,LT HIGH SCHOOL,NOT LEGAL
983,2,0,40,GRADUATE,
984,,,,HIGH SCHOOL,NOT LEGAL
985,,,,HIGH SCHOOL,
986,2,0,45,GRADUATE,LEGAL
987,3,2,45,BACHELOR,NOT LEGAL
988,,,,GRADUATE,LEGAL
989,0,0,52,GRADUATE,LEGAL
990,,,,GRADUATE,NOT LEGAL
991,,,,GRADUATE,
992,3,30,28,HIGH SCHOOL,
993,,,,GRADUATE,
994,,,,JUNIOR COLLEGE,LEGAL
995,5,0,30,JUNIOR COLLEGE,LEGAL
996,,,,LT HIGH SCHOOL,NOT LEGAL
997,1,5,50,GRADUATE,NOT LEGAL
998,5,4,13,HIGH SCHOOL,
999,2,0,46,LT HIGH SCHOOL,LEGAL
1000,6,1,47,HIGH SCHOOL,LEGAL
1001,6,0,50,JUNIOR COLLEGE,
1002,1,30,12,HIGH SCHOOL,LEGAL
1003,,,,HIGH SCHOOL,NOT LEGAL
1004,3,0,24,HIGH SCHOOL,LEGAL
1005,,,,HIGH SCHOOL,
1006,3,0,45,JUNIOR COLLEGE,
1007,,,,BACHELOR,NOT LEGAL
1008,6,0,60,BACHELOR,NOT LEGAL
1009,3,0,30,GRADUATE,
1010,4,0,50,GRADUATE,NOT LEGAL
1011,3,0,50,HIGH SCHOOL,
1012,5,1,37,GRADUATE,NOT LEGAL
1013,5,0,50,HIGH SCHOOL,
1014,2,10,60,HIGH SCHOOL,
1015,,,,HIGH SCHOOL,NOT LEGAL
1016,1,0,50,BACHELOR,NOT LEGAL
1017,,,,HIGH SCHOOL,LEGAL
1018,,,,HIGH SCHOOL,
1019,,,,JUNIOR COLLEGE,
1020,3,0,35,HIGH SCHOOL,NOT LEGAL
1021,,,,BACHELOR,
1022,4,0,40,HIGH SCHOOL,LEGAL
1023,,,,HIGH SCHOOL,
1024,,,,HIGH SCHOOL,
1025,3,0,50,GRADUATE,LEGAL
1026,2,5,50,GRADUATE,
1027,,,,HIGH SCHOOL,LEGAL
1028,10,,32,HIGH SCHOOL,NOT LEGAL
1029,5,7,40,LT HIGH SCHOOL,NOT LEGAL
1030,6,15,15,HIGH SCHOOL,
1031,4,2,40,HIGH SCHOOL,
1032,0,0,9,GRADUATE,NOT LEGAL
1033,,,,HIGH SCHOOL,
1034,,,,JUNIOR COLLEGE,NOT LEGAL
1035,4,4,9,HIGH SCHOOL,
1036,,,,HIGH SCHOOL,
1037,,,,HIGH SCHOOL,NOT LEGAL
1038,,,,LT HIGH SCHOOL,
1039,,,,BACHELOR,NOT LEGAL
1040,3,0,45,GRADUATE,LEGAL
1041,5,0,60,GRADUATE,
1042,5,0,31,HIGH SCHOOL,LEGAL
1043,2,0,12,GRADUATE,NOT LEGAL
1044,,,,BACHELOR,
1045,5,0,48,HIGH SCHOOL,NOT LEGAL
1046,,,,HIGH SCHOOL,
1047,,,,GRADUATE,
1048,2,0,45,BACHELOR,
1049,4,0,45,HIGH SCHOOL,LEGAL
1050,5,0,40,JUNIOR COLLEGE,NOT LEGAL
1051,2,0,70,GRADUATE,
1052,0,30,60,HIGH SCHOOL,LEGAL
1053,,,,HIGH SCHOOL,
1054,1,0,40,BACHELOR,LEGAL
1055,,,,HIGH SCHOOL,NOT LEGAL
1056,2,0,40,HIGH SCHOOL,LEGAL
1057,,,,HIGH SCHOOL,LEGAL
1058,2,20,40,BACHELOR,
1059,5,5,40,GRADUATE,NOT LEGAL
1060,2,0,5,BACHELOR,
1061,,,,HIGH SCHOOL,
1062,2,0,60,BACHELOR,NOT LEGAL
1063,2,0,40,BACHELOR,
1064,,,,HIGH SCHOOL,
1065,1,2,40,BACHELOR,
1066,,,,HIGH SCHOOL,LEGAL
1067,7,3,40,HIGH SCHOOL,LEGAL
1068,3,0,40,HIGH SCHOOL,NOT LEGAL
1069,,,,BACHELOR,NOT LEGAL
1070,5,0,55,GRADUATE,NOT LEGAL
1071,,,,GRADUATE,
1072,2,2,45,GRADUATE,LEGAL
1073,2,10,40,BACHELOR,
1074,5,0,20,BACHELOR,
1075,5,0,25,HIGH SCHOOL,LEGAL
1076,2,0,40,BACHELOR,
1077,,,,BACHELOR,
1078,,,,GRADUATE,LEGAL
1079,,,,HIGH SCHOOL,NOT LEGAL
1080,2,0,40,BACHELOR,
1081,7,2,27,HIGH SCHOOL,NOT LEGAL
1082,1,5,60,BACHELOR,LEGAL
1083,3,2,50,BACHELOR,NOT LEGAL
1084,2,5,52,HIGH SCHOOL,
1085,3,10,41,LT HIGH SCHOOL,NOT LEGAL
1086,3,0,48,HIGH SCHOOL,NOT LEGAL
1087,,,,HIGH SCHOOL,NOT LEGAL
1088,1,0,40,BACHELOR,
1089,,,,HIGH SCHOOL,LEGAL
1090,3,0,40,JUNIOR COLLEGE,
1091,,,,BACHELOR,LEGAL
1092,4,0,40,BACHELOR,
1093,,,,LT HIGH SCHOOL,LEGAL
1094,8,0,40,LT HIGH SCHOOL,
1095,,,,LT HIGH SCHOOL,NOT LEGAL
1096,,,,HIGH SCHOOL,LEGAL
1097,1,0,9,HIGH SCHOOL,
1098,,,,HIGH SCHOOL,
1099,8,0,41,HIGH SCHOOL,LEGAL
1100,7,2,40,HIGH SCHOOL,
1101,,,,HIGH SCHOOL,LEGAL
1102,,,,JUNIOR COLLEGE,LEGAL
1103,,,,LT HIGH SCHOOL,
1104,10,0,37,HIGH SCHOOL,
1105,,,,HIGH SCHOOL,LEGAL
1106,6,8,20,HIGH SCHOOL,
1107,4,0,40,HIGH SCHOOL,LEGAL
1108,,,,HIGH SCHOOL,NOT LEGAL
1109,,,,HIGH SCHOOL,NOT LEGAL
1110,3,0,70,HIGH SCHOOL,
1111,,,,HIGH SCHOOL,NOT LEGAL
1112,5,15,30,LT HIGH SCHOOL,
1113,0,0,50,HIGH SCHOOL,NOT LEGAL
1114,2,0,40,HIGH SCHOOL,
1115,0,15,50,HIGH SCHOOL,NOT LEGAL
1116,3,2,20,HIGH SCHOOL,
1117,4,15,51,HIGH SCHOOL,LEGAL
1118,4,4,40,GRADUATE,NOT LEGAL
1119,4,2,65,BACHELOR,
1120,,,,HIGH SCHOOL,NOT LEGAL
1121,,,,HIGH SCHOOL,LEGAL
1122,8,0,37,BACHELOR,LEGAL
1123,2,0,75,HIGH SCHOOL,NOT LEGAL
1124,1,0,38,GRADUATE,LEGAL
1125,4,0,34,LT HIGH SCHOOL,
1126,4,5,40,HIGH SCHOOL,NOT LEGAL
1127,3,15,68,BACHELOR,
1128,,,,LT HIGH SCHOOL,NOT LEGAL
1129,,,,LT HIGH SCHOOL,
1130,8,1,40,HIGH SCHOOL,LEGAL
1131,,,,JUNIOR COLLEGE,LEGAL
1132,3,0,40,HIGH SCHOOL,
1133,,,,HIGH SCHOOL,LEGAL
1134,,,,LT HIGH SCHOOL,NOT LEGAL
1135,6,2,50,HIGH SCHOOL,
1136,8,0,40,LT HIGH SCHOOL,
1137,,,,HIGH SCHOOL,NOT LEGAL
1138,,,,HIGH SCHOOL,NOT LEGAL
1139,1,0,52,HIGH SCHOOL,
1140,,,,HIGH SCHOOL,NOT LEGAL
1141,,,,LT HIGH SCHOOL,NOT LEGAL
1142,3,0,40,HIGH SCHOOL,NOT LEGAL
1143,,,,HIGH SCHOOL,NOT LEGAL
1144,,0,40,JUNIOR COLLEGE,LEGAL
1145,,,,JUNIOR COLLEGE,NOT LEGAL
1146,4,0,40,HIGH SCHOOL,
1147,,,,HIGH SCHOOL,
1148,,,,HIGH SCHOOL,
1149,,,,HIGH SCHOOL,
1150,4,0,39,JUNIOR COLLEGE,LEGAL
1151,4,4,42,JUNIOR COLLEGE,
1152,6,0,40,BACHELOR,LEGAL
1153,0,0,19,LT HIGH SCHOOL,LEGAL
1154,3,5,59,JUNIOR COLLEGE,
1155,5,30,48,HIGH SCHOOL,NOT LEGAL
1156,2,5,40,GRADUATE,
1157,,,,LT HIGH SCHOOL,NOT LEGAL
1158,,,,HIGH SCHOOL,NOT LEGAL
1159,,,,JUNIOR COLLEGE,
1160,,,,HIGH SCHOOL,NOT LEGAL
1161,,,,LT HIGH SCHOOL,
1162,6,0,40,JUNIOR COLLEGE,LEGAL
1163,1,15,45,HIGH SCHOOL,LEGAL
1164,2,5,40,GRADUATE,LEGAL
1165,2,3,50,BACHELOR,
1166,,,,JUNIOR COLLEGE,NOT LEGAL
1167,,,,GRADUATE,LEGAL
1168,4,0,40,BACHELOR,
1169,2,0,60,BACHELOR,NOT LEGAL
1170,4,0,60,GRADUATE,NOT LEGAL
1171,4,0,50,GRADUATE,
1172,5,0,25,HIGH SCHOOL,LEGAL
1173,8,0,55,HIGH SCHOOL,LEGAL
1174,4,5,40,BACHELOR,LEGAL
1175,1,30,45,BACHELOR,
1176,6,4,9,JUNIOR COLLEGE,LEGAL
1177,,,,HIGH SCHOOL,LEGAL
1178,1,0,50,BACHELOR,
1179,,,,LT HIGH SCHOOL,LEGAL
1180,8,0,28,HIGH SCHOOL,LEGAL
1181,,,,BACHELOR,
1182,,,,LT HIGH SCHOOL,LEGAL
1183,,,,JUNIOR COLLEGE,
1184,5,0,20,HIGH SCHOOL,NOT LEGAL
1185,,,,HIGH SCHOOL,
1186,,,,HIGH SCHOOL,LEGAL
1187,,,,LT HIGH SCHOOL,
1188,4,0,30,HIGH SCHOOL,
1189,,,,HIGH SCHOOL,LEGAL
1190,,,,HIGH SCHOOL,
1191,5,3,37,HIGH SCHOOL,
1192,,,,HIGH SCHOOL,NOT LEGAL
1193,,,,HIGH SCHOOL,NOT LEGAL
1194,,,,LT HIGH SCHOOL,
1195,7,0,20,HIGH SCHOOL,LEGAL
1196,,,,LT HIGH SCHOOL,NOT LEGAL
1197,2,4,30,HIGH SCHOOL,
1198,,,,HIGH SCHOOL,
1199,4,0,20,JUNIOR COLLEGE,
1200,2,30,30,HIGH SCHOOL,NOT LEGAL
1201,,,,HIGH SCHOOL,
1202,,,,LT HIGH SCHOOL,
1203,,,,LT HIGH SCHOOL,LEGAL
1204,4,0,40,HIGH SCHOOL,NOT LEGAL
1205,,,,LT HIGH SCHOOL,NOT LEGAL
1206,,,,LT HIGH SCHOOL,
1207,,,,BACHELOR,LEGAL
1208,,,,HIGH SCHOOL,LEGAL
1209,3,2,50,BACHELOR,
1210,8,25,16,HIGH SCHOOL,LEGAL
1211,,,,HIGH SCHOOL,NOT LEGAL
1212,3,1,30,HIGH SCHOOL,NOT LEGAL
1213,,,,BACHELOR,
1214,,,,HIGH SCHOOL,NOT LEGAL
1215,,,,GRADUATE,
1216,2,0,62,JUNIOR COLLEGE,LEGAL
1217,,,,LT HIGH SCHOOL,
1218,8,0,40,LT HIGH SCHOOL,NOT LEGAL
1219,,,,HIGH SCHOOL,
1220,0,0,40,GRADUATE,LEGAL
1221,,,,HIGH SCHOOL,
1222,,,,HIGH SCHOOL,LEGAL
1223,9,0,45,HIGH SCHOOL,LEGAL
1224,4,30,40,LT HIGH SCHOOL,
1225,3,30,40,LT HIGH SCHOOL,
1226,,,,LT HIGH SCHOOL,
1227,,,,LT HIGH SCHOOL,NOT LEGAL
1228,,,,BACHELOR,LEGAL
1229,4,0,38,BACHELOR,NOT LEGAL
1230,,,,GRADUATE,NOT LEGAL
1231,,,,HIGH SCHOOL,NOT LEGAL
1232,4,5,40,BACHELOR,
1233,,,,GRADUATE,NOT LEGAL
1234,,,9,BACHELOR,NOT LEGAL
1235,2,4,50,BACHELOR,LEGAL
1236,,,,BACHELOR,
1237,4,0,20,GRADUATE,NOT LEGAL
1238,6,0,40,BACHELOR,LEGAL
1239,2,2,45,GRADUATE,NOT LEGAL
1240,4,25,10,GRADUATE,LEGAL
1241,,,,GRADUATE,NOT LEGAL
1242,2,1,60,GRADUATE,LEGAL
1243,,,,HIGH SCHOOL,NOT LEGAL
1244,2,0,37,JUNIOR COLLEGE,
1245,2,5,52,JUNIOR COLLEGE,
1246,2,0,37,BACHELOR,LEGAL
1247,,,,LT HIGH SCHOOL,LEGAL
1248,,,,LT HIGH SCHOOL,
1249,1,0,50,BACHELOR,LEGAL
1250,1,1,50,BACHELOR,LEGAL
1251,8,0,40,HIGH SCHOOL,
1252,3,3,27,HIGH SCHOOL,NOT LEGAL
1253,,,,HIGH SCHOOL,
1254,2,4,60,BACHELOR,NOT LEGAL
1255,3,2,70,BACHELOR,
1256,,,,HIGH SCHOOL,NOT LEGAL
1257,5,0,40,BACHELOR,LEGAL
1258,4,10,50,GRADUATE,
1259,4,0,45,BACHELOR,
1260,,,,HIGH SCHOOL,NOT LEGAL
1261,6,0,35,HIGH SCHOOL,LEGAL
1262,,,,GRADUATE,LEGAL
1263,4,30,40,HIGH SCHOOL,LEGAL
1264,2,3,37,BACHELOR,LEGAL
1265,3,0,55,GRADUATE,
1266,5,0,50,HIGH SCHOOL,NOT LEGAL
1267,,,,HIGH SCHOOL,
1268,,,,GRADUATE,NOT LEGAL
1269,,,,HIGH SCHOOL,
1270,4,4,52,BACHELOR,LEGAL
1271,,,,HIGH SCHOOL,LEGAL
1272,3,0,16,BACHELOR,
1273,,,,HIGH SCHOOL,
1274,,,,BACHELOR,NOT LEGAL
1275,,,,BACHELOR,
1276,,,,BACHELOR,NOT LEGAL
1277,3,0,52,BACHELOR,LEGAL
1278,,,50,HIGH SCHOOL,
1279,2,5,60,BACHELOR,NOT LEGAL
1280,2,10,60,HIGH SCHOOL,
1281,4,12,40,BACHELOR,NOT LEGAL
1282,20,0,35,BACHELOR,NOT LEGAL
1283,4,0,8,GRADUATE,
1284,5,0,40,HIGH SCHOOL,
1285,,,,HIGH SCHOOL,LEGAL
1286,,,,BACHELOR,
1287,3,0,60,HIGH SCHOOL,LEGAL
1288,5,0,60,BACHELOR,LEGAL
1289,2,5,50,BACHELOR,
1290,,,,BACHELOR,
1291,,,,HIGH SCHOOL,NOT LEGAL
1292,3,0,50,HIGH SCHOOL,LEGAL
1293,,,,HIGH SCHOOL,
1294,2,0,65,BACHELOR,NOT LEGAL
1295,2,5,50,GRADUATE,
1296,1,1,60,JUNIOR COLLEGE,NOT LEGAL
1297,,,,GRADUATE,LEGAL
1298,4,2,40,JUNIOR COLLEGE,NOT LEGAL
1299,,,,BACHELOR,NOT LEGAL
1300,6,0,43,BACHELOR,LEGAL
1301,,,,GRADUATE,NOT LEGAL
1302,5,0,1,JUNIOR COLLEGE,
1303,3,1,45,BACHELOR,NOT LEGAL
1304,10,7,20,HIGH SCHOOL,
1305,6,0,36,BACHELOR,NOT LEGAL
1306,3,0,40,GRADUATE,
1307,6,0,42,JUNIOR COLLEGE,
1308,,,,HIGH SCHOOL,LEGAL
1309,,,,HIGH SCHOOL,
1310,4,10,40,BACHELOR,NOT LEGAL
1311,,,,BACHELOR,
1312,,,,HIGH SCHOOL,NOT LEGAL
1313,5,0,35,HIGH SCHOOL,
1314,,,,HIGH SCHOOL,
1315,7,10,42,HIGH SCHOOL,NOT LEGAL
1316,0,0,70,HIGH SCHOOL,
1317,,,,HIGH SCHOOL,LEGAL
1318,4,0,50,HIGH SCHOOL,LEGAL
1319,3,1,40,GRADUATE,
1320,,,,HIGH SCHOOL,NOT LEGAL
1321,,,,HIGH SCHOOL,NOT LEGAL
1322,2,5,40,GRADUATE,
1323,,,,HIGH SCHOOL,
1324,2,0,35,HIGH SCHOOL,LEGAL
1325,,,,BACHELOR,LEGAL
1326,3,3,16,HIGH SCHOOL,
1327,4,0,20,GRADUATE,NOT LEGAL
1328,,,,JUNIOR COLLEGE,NOT LEGAL
1329,1,14,36,LT HIGH SCHOOL,
1330,,,,HIGH SCHOOL,NOT LEGAL
1331,1,20,40,HIGH SCHOOL,LEGAL
1332,5,0,26,LT HIGH SCHOOL,
1333,5,5,40,BACHELOR,NOT LEGAL
1334,0,3,27,LT HIGH SCHOOL,
1335,2,20,30,JUNIOR COLLEGE,NOT LEGAL
1336,,,,HIGH SCHOOL,
1337,,,,JUNIOR COLLEGE,LEGAL
1338,1,0,56,JUNIOR COLLEGE,
1339,,,,LT HIGH SCHOOL,LEGAL
1340,3,0,30,LT HIGH SCHOOL,
1341,4,0,48,LT HIGH SCHOOL,LEGAL
1342,3,0,38,HIGH SCHOOL,
1343,,,,LT HIGH SCHOOL,NOT LEGAL
1344,,,,HIGH SCHOOL,NOT LEGAL
1345,16,0,40,HIGH SCHOOL,
1346,0,15,80,JUNIOR COLLEGE,NOT LEGAL
1347,2,2,50,LT HIGH SCHOOL,NOT LEGAL
1348,1,30,50,HIGH SCHOOL,
1349,,,,HIGH SCHOOL,NOT LEGAL
1350,3,2,35,BACHELOR,NOT LEGAL
1351,,,,LT HIGH SCHOOL,NOT LEGAL
1352,12,0,42,HIGH SCHOOL,NOT LEGAL
1353,,,,LT HIGH SCHOOL,LEGAL
1354,,,,HIGH SCHOOL,NOT LEGAL
1355,,,,LT HIGH SCHOOL,
1356,,,,LT HIGH SCHOOL,NOT LEGAL
1357,9,3,28,HIGH SCHOOL,
1358,,,,LT HIGH SCHOOL,NOT LEGAL
1359,,,,LT HIGH SCHOOL,NOT LEGAL
1360,8,7,40,HIGH SCHOOL,
1361,4,2,40,BACHELOR,
1362,4,7,42,LT HIGH SCHOOL,NOT LEGAL
1363,,,,LT HIGH SCHOOL,NOT LEGAL
1364,,,,LT HIGH SCHOOL,
1365,3,0,50,HIGH SCHOOL,NOT LEGAL
1366,,,,LT HIGH SCHOOL,
1367,,,,HIGH SCHOOL,NOT LEGAL
1368,,,,HIGH SCHOOL,
1369,6,0,22,HIGH SCHOOL,LEGAL
1370,,,,BACHELOR,
1371,6,25,40,HIGH SCHOOL,
1372,2,0,9,BACHELOR,LEGAL
1373,0,0,40,HIGH SCHOOL,
1374,1,3,38,BACHELOR,
1375,2,7,50,LT HIGH SCHOOL,NOT LEGAL
1376,4,30,25,HIGH SCHOOL,NOT LEGAL
1377,,,,BACHELOR,
1378,,,,HIGH SCHOOL,NOT LEGAL
1379,0,0,32,LT HIGH SCHOOL,LEGAL
1380,0,0,60,HIGH SCHOOL,
1381,,,,HIGH SCHOOL,
1382,,,,HIGH SCHOOL,NOT LEGAL
1383,3,0,40,GRADUATE,
1384,,,,JUNIOR COLLEGE,NOT LEGAL
1385,0,0,7,JUNIOR COLLEGE,NOT LEGAL
1386,,,,HIGH SCHOOL,LEGAL
1387,,,,HIGH SCHOOL,
1388,,,,HIGH SCHOOL,NOT LEGAL
1389,,,,HIGH SCHOOL,LEGAL
1390,6,4,25,HIGH SCHOOL,
1391,3,0,45,HIGH SCHOOL,LEGAL
1392,1,2,45,HIGH SCHOOL,LEGAL
1393,2,0,65,GRADUATE,
1394,6,0,40,HIGH SCHOOL,
1395,3,0,40,LT HIGH SCHOOL,NOT LEGAL
1396,5,0,45,HIGH SCHOOL,
1397,4,0,40,JUNIOR COLLEGE,LEGAL
1398,6,0,40,HIGH SCHOOL,NOT LEGAL
1399,3,0,43,HIGH SCHOOL,
1400,2,0,52,HIGH SCHOOL,LEGAL
1401,,,,HIGH SCHOOL,
1402,,,,HIGH SCHOOL,
1403,,,,LT HIGH SCHOOL,LEGAL
1404,6,0,30,LT HIGH SCHOOL,
1405,,0,40,HIGH SCHOOL,LEGAL
1406,3,0,28,HIGH SCHOOL,
1407,1,3,40,HIGH SCHOOL,
1408,4,0,44,HIGH SCHOOL,LEGAL
1409,1,14,74,HIGH SCHOOL,
1410,1,10,50,HIGH SCHOOL,LEGAL
1411,,,,HIGH SCHOOL,LEGAL
1412,,,,HIGH SCHOOL,
1413,3,0,35,HIGH SCHOOL,LEGAL
1414,2,0,32,JUNIOR COLLEGE,LEGAL
1415,,,,BACHELOR,LEGAL
1416,4,0,40,BACHELOR,NOT LEGAL
1417,2,15,57,HIGH SCHOOL,LEGAL
1418,,,,BACHELOR,LEGAL
1419,,,,JUNIOR COLLEGE,LEGAL
1420,4,4,50,HIGH SCHOOL,LEGAL
1421,,,,HIGH SCHOOL,LEGAL
1422,,,,HIGH SCHOOL,LEGAL
1423,4,0,35,BACHELOR,NOT LEGAL
1424,,,,HIGH SCHOOL,LEGAL
1425,,,,HIGH SCHOOL,
1426,,,,HIGH SCHOOL,NOT LEGAL
1427,2,0,60,JUNIOR COLLEGE,LEGAL
1428,2,2,40,HIGH SCHOOL,NOT LEGAL
1429,1,4,50,HIGH SCHOOL,NOT LEGAL
1430,2,2,32,BACHELOR,
1431,2,0,15,HIGH SCHOOL,LEGAL
1432,5,0,9,HIGH SCHOOL,LEGAL
1433,4,0,40,HIGH SCHOOL,
1434,4,0,8,LT HIGH SCHOOL,
1435,4,2,20,HIGH SCHOOL,
1436,,,,LT HIGH SCHOOL,
1437,,,,HIGH SCHOOL,NOT LEGAL
1438,,,,LT HIGH SCHOOL,
1439,6,0,40,HIGH SCHOOL,NOT LEGAL
1440,,,,LT HIGH SCHOOL,
1441,2,30,50,LT HIGH SCHOOL,NOT LEGAL
1442,2,0,40,HIGH SCHOOL,LEGAL
1443,,,,LT HIGH SCHOOL,
1444,,,,HIGH SCHOOL,NOT LEGAL
1445,3,0,40,LT HIGH SCHOOL,NOT LEGAL
1446,,,,LT HIGH SCHOOL,
1447,,,,LT HIGH SCHOOL,NOT LEGAL
1448,,,,LT HIGH SCHOOL,LEGAL
1449,,,,HIGH SCHOOL,LEGAL
1450,2,0,48,LT HIGH SCHOOL,NOT LEGAL
1451,2,0,70,HIGH SCHOOL,NOT LEGAL
1452,12,0,44,LT HIGH SCHOOL,NOT LEGAL
1453,,,,LT HIGH SCHOOL,
1454,1,0,55,HIGH SCHOOL,
1455,,,,JUNIOR COLLEGE,NOT LEGAL
1456,,,,HIGH SCHOOL,NOT LEGAL
1457,4,0,40,HIGH SCHOOL,NOT LEGAL
1458,,,,GRADUATE,
1459,2,0,40,HIGH SCHOOL,NOT LEGAL
1460,,,,HIGH SCHOOL,
1461,4,0,42,HIGH SCHOOL,
1462,7,3,30,HIGH SCHOOL,NOT LEGAL
1463,7,0,20,LT HIGH SCHOOL,
1464,,,,BACHELOR,LEGAL
1465,6,0,40,HIGH SCHOOL,LEGAL
1466,6,1,56,BACHELOR,LEGAL
1467,8,0,39,HIGH SCHOOL,LEGAL
1468,3,0,72,LT HIGH SCHOOL,LEGAL
1469,,,,LT HIGH SCHOOL,
1470,4,4,50,BACHELOR,LEGAL
1471,1,15,40,GRADUATE,LEGAL
1472,,,,HIGH SCHOOL,LEGAL
1473,6,0,40,HIGH SCHOOL,NOT LEGAL
1474,2,1,28,BACHELOR,
1475,5,0,50,GRADUATE,
1476,,,,BACHELOR,LEGAL
1477,,,,LT HIGH SCHOOL,
1478,,,,HIGH SCHOOL,NOT LEGAL
1479,1,0,35,HIGH SCHOOL,NOT LEGAL
1480,,,,HIGH SCHOOL,NOT LEGAL
1481,2,0,40,BACHELOR,LEGAL
1482,1,5,48,BACHELOR,LEGAL
1483,5,0,60,HIGH SCHOOL,
1484,1,7,36,BACHELOR,LEGAL
1485,,,,HIGH SCHOOL,LEGAL
1486,4,0,45,HIGH SCHOOL,
1487,1,27,,HIGH SCHOOL,NOT LEGAL
1488,,,,BACHELOR,
1489,4,1,20,HIGH SCHOOL,
1490,1,5,85,GRADUATE,LEGAL
1491,,,,LT HIGH SCHOOL,NOT LEGAL
1492,6,0,20,HIGH SCHOOL,
1493,4,0,40,BACHELOR,NOT LEGAL
1494,,,,JUNIOR COLLEGE,
1495,2,0,9,JUNIOR COLLEGE,NOT LEGAL
1496,,,,HIGH SCHOOL,LEGAL
1497,,,,BACHELOR,NOT LEGAL
1498,0,0,10,HIGH SCHOOL,LEGAL
1499,0,0,46,HIGH SCHOOL,LEGAL
1500,,,,LT HIGH SCHOOL,
1501,,,,BACHELOR,NOT LEGAL
1502,2,15,40,HIGH SCHOOL,LEGAL
1503,12,0,15,GRADUATE,
1504,3,2,42,HIGH SCHOOL,LEGAL
1505,,,,HIGH SCHOOL,NOT LEGAL
1506,2,0,30,BACHELOR,NOT LEGAL
1507,,,,HIGH SCHOOL,
1508,5,5,30,BACHELOR,LEGAL
1509,,,,HIGH SCHOOL,NOT LEGAL
1510,4,0,45,BACHELOR,LEGAL
1511,5,0,9,HIGH SCHOOL,
1512,,,,LT HIGH SCHOOL,NOT LEGAL
1513,,,,HIGH SCHOOL,NOT LEGAL
1514,,,,HIGH SCHOOL,
1515,2,5,40,HIGH SCHOOL,NOT LEGAL
1516,1,0,2,HIGH SCHOOL,
1517,6,10,25,LT HIGH SCHOOL,
1518,,,,HIGH SCHOOL,
1519,2,4,89,HIGH SCHOOL,LEGAL
1520,,,,HIGH SCHOOL,
1521,2,20,52,HIGH SCHOOL,LEGAL
1522,3,0,40,BACHELOR,
1523,,,,HIGH SCHOOL,
1524,,,,LT HIGH SCHOOL,LEGAL
1525,5,0,24,HIGH SCHOOL,NOT LEGAL
1526,0,0,48,LT HIGH SCHOOL,NOT LEGAL
1527,,,,LT HIGH SCHOOL,NOT LEGAL
1528,2,0,56,LT HIGH SCHOOL,
1529,,,,BACHELOR,LEGAL
1530,,,,HIGH SCHOOL,NOT LEGAL
1531,3,0,40,HIGH SCHOOL,NOT LEGAL
1532,0,30,40,LT HIGH SCHOOL,NOT LEGAL
1533,2,21,14,LT HIGH SCHOOL,LEGAL
1534,2,30,35,HIGH SCHOOL,LEGAL
1535,2,0,40,HIGH SCHOOL,NOT LEGAL
1536,6,15,50,HIGH SCHOOL,NOT LEGAL
1537,,,,HIGH SCHOOL,NOT LEGAL
1538,8,0,6,GRADUATE,NOT LEGAL
1539,,,,BACHELOR,
1540,,,,LT HIGH SCHOOL,
1541,,,,LT HIGH SCHOOL,LEGAL
1542,2,4,40,HIGH SCHOOL,
1543,12,0,60,LT HIGH SCHOOL,LEGAL
1544,0,0,32,HIGH SCHOOL,LEGAL
1545,,,,LT HIGH SCHOOL,
1546,,,,LT HIGH SCHOOL,
1547,1,1,40,GRADUATE,NOT LEGAL
1548,,,,HIGH SCHOOL,LEGAL
1549,4,0,40,HIGH SCHOOL,NOT LEGAL
1550,,,,LT HIGH SCHOOL,LEGAL
1551,,,25,HIGH SCHOOL,NOT LEGAL
1552,,,,HIGH SCHOOL,NOT LEGAL
1553,6,10,9,HIGH SCHOOL,LEGAL
1554,,0,,HIGH SCHOOL,
1555,,,,HIGH SCHOOL,LEGAL
1556,1,1,70,JUNIOR COLLEGE,
1557,3,30,40,BACHELOR,
1558,3,0,40,BACHELOR,LEGAL
1559,,,,JUNIOR COLLEGE,NOT LEGAL
1560,,,,BACHELOR,
1561,,,,HIGH SCHOOL,NOT LEGAL
1562,10,0,30,HIGH SCHOOL,NOT LEGAL
1563,4,0,40,GRADUATE,
1564,,,,BACHELOR,NOT LEGAL
1565,5,4,40,HIGH SCHOOL,
1566,,,,HIGH SCHOOL,LEGAL
1567,,,,JUNIOR COLLEGE,
1568,,,,LT HIGH SCHOOL,NOT LEGAL
1569,6,2,20,HIGH SCHOOL,
1570,,,,HIGH SCHOOL,LEGAL
1571,,,,HIGH SCHOOL,
1572,,,,LT HIGH SCHOOL,NOT LEGAL
1573,,,,LT HIGH SCHOOL,NOT LEGAL
1574,7,0,21,GRADUATE,
1575,,,,BACHELOR,LEGAL
1576,1,0,50,HIGH SCHOOL,LEGAL
1577,1,0,50,BACHELOR,
1578,2,0,40,JUNIOR COLLEGE,LEGAL
1579,,,,HIGH SCHOOL,LEGAL
1580,,,,HIGH SCHOOL,LEGAL
1581,6,5,41,GRADUATE,
1582,,,,HIGH SCHOOL,
1583,0,0,48,HIGH SCHOOL,LEGAL
1584,2,0,60,GRADUATE,NOT LEGAL
1585,4,7,40,BACHELOR,
1586,5,0,50,BACHELOR,LEGAL
1587,5,0,50,HIGH SCHOOL,
1588,,,,LT HIGH SCHOOL,NOT LEGAL
1589,2,0,35,HIGH SCHOOL,
1590,4,2,65,HIGH SCHOOL,LEGAL
1591,,,,GRADUATE,LEGAL
1592,,,,JUNIOR COLLEGE,
1593,5,4,42,BACHELOR,NOT LEGAL
1594,1,2,44,HIGH SCHOOL,NOT LEGAL
1595,,,,GRADUATE,LEGAL
1596,3,0,43,BACHELOR,NOT LEGAL
1597,,,,HIGH SCHOOL,NOT LEGAL
1598,6,15,50,HIGH SCHOOL,LEGAL
1599,4,1,40,HIGH SCHOOL,
1600,,,,BACHELOR,
1601,,,,HIGH SCHOOL,NOT LEGAL
1602,,,,LT HIGH SCHOOL,LEGAL
1603,3,0,40,GRADUATE,
1604,,,,HIGH SCHOOL,
1605,,,,LT HIGH SCHOOL,LEGAL
1606,,,,HIGH SCHOOL,
1607,10,1,20,GRADUATE,NOT LEGAL
1608,6,6,45,HIGH SCHOOL,LEGAL
1609,,,,BACHELOR,
1610,2,0,43,HIGH SCHOOL,LEGAL
1611,,,,JUNIOR COLLEGE,LEGAL
1612,1,20,45,HIGH SCHOOL,
1613,,,,LT HIGH SCHOOL,NOT LEGAL
1614,2,10,50,HIGH SCHOOL,
1615,10,0,10,HIGH SCHOOL,
1616,,,,HIGH SCHOOL,
1617,2,8,20,HIGH SCHOOL,NOT LEGAL
1618,6,10,8,HIGH SCHOOL,
1619,,,,BACHELOR,NOT LEGAL
1620,2,0,40,HIGH SCHOOL,LEGAL
1621,1,0,42,HIGH SCHOOL,
1622,,,,HIGH SCHOOL,
1623,3,1,55,HIGH SCHOOL,
1624,,,,HIGH SCHOOL,
1625,5,0,40,LT HIGH SCHOOL,
1626,5,0,50,BACHELOR,NOT LEGAL
1627,0,0,40,GRADUATE,
1628,1,5,40,GRADUATE,LEGAL
1629,,,,BACHELOR,
1630,3,4,45,GRADUATE,
1631,4,5,60,BACHELOR,NOT LEGAL
1632,,,,BACHELOR,NOT LEGAL
1633,0,11,89,HIGH SCHOOL,NOT LEGAL
1634,2,25,60,BACHELOR,
1635,1,0,50,GRADUATE,LEGAL
1636,,,,HIGH SCHOOL,
1637,5,30,40,HIGH SCHOOL,
1638,,,,BACHELOR,LEGAL
1639,5,0,50,HIGH SCHOOL,NOT LEGAL
1640,3,5,40,HIGH SCHOOL,
1641,5,5,45,HIGH SCHOOL,LEGAL
1642,,,,BACHELOR,LEGAL
1643,1,0,44,BACHELOR,
1644,2,0,89,BACHELOR,LEGAL
1645,2,5,55,GRADUATE,LEGAL
1646,,,,HIGH SCHOOL,LEGAL
1647,3,0,89,HIGH SCHOOL,LEGAL
1648,2,4,40,HIGH SCHOOL,
1649,3,10,40,JUNIOR COLLEGE,NOT LEGAL
1650,3,5,32,JUNIOR COLLEGE,LEGAL
1651,2,2,56,HIGH SCHOOL,
1652,3,1,40,HIGH SCHOOL,NOT LEGAL
1653,,,,LT HIGH SCHOOL,NOT LEGAL
1654,5,5,27,JUNIOR COLLEGE,LEGAL
1655,,,,LT HIGH SCHOOL,NOT LEGAL
1656,,,,GRADUATE,
1657,4,0,60,BACHELOR,
1658,,,,GRADUATE,
1659,,,,JUNIOR COLLEGE,
1660,,,,HIGH SCHOOL,NOT LEGAL
1661,1,10,40,HIGH SCHOOL,NOT LEGAL
1662,2,0,24,JUNIOR COLLEGE,
1663,5,0,40,HIGH SCHOOL,
1664,6,8,42,GRADUATE,
1665,3,0,55,GRADUATE,LEGAL
1666,6,15,38,HIGH SCHOOL,NOT LEGAL
1667,,,,HIGH SCHOOL,
1668,,,,HIGH SCHOOL,NOT LEGAL
1669,,,,HIGH SCHOOL,LEGAL
1670,,,,BACHELOR,NOT LEGAL
1671,1,1,52,BACHELOR,
1672,2,0,40,HIGH SCHOOL,NOT LEGAL
1673,1,0,40,HIGH SCHOOL,
1674,,,,LT HIGH SCHOOL,NOT LEGAL
1675,,,,HIGH SCHOOL,
1676,9,0,50,HIGH SCHOOL,
1677,1,20,35,HIGH SCHOOL,NOT LEGAL
1678,1,0,9,HIGH SCHOOL,
1679,,,,GRADUATE,NOT LEGAL
1680,,,,HIGH SCHOOL,LEGAL
1681,3,5,50,HIGH SCHOOL,LEGAL
1682,4,0,40,HIGH SCHOOL,NOT LEGAL
1683,10,0,32,LT HIGH SCHOOL,
1684,,,,HIGH SCHOOL,
1685,,,,HIGH SCHOOL,NOT LEGAL
1686,,,,HIGH SCHOOL,NOT LEGAL
1687,,,,HIGH SCHOOL,
1688,,,,HIGH SCHOOL,
1689,4,0,41,HIGH SCHOOL,LEGAL
1690,5,0,52,HIGH SCHOOL,LEGAL
1691,4,2,40,HIGH SCHOOL,
1692,,,,HIGH SCHOOL,
1693,4,0,89,HIGH SCHOOL,
1694,3,0,89,GRADUATE,NOT LEGAL
1695,2,0,86,HIGH SCHOOL,
1696,,,,HIGH SCHOOL,NOT LEGAL
1697,1,0,40,BACHELOR,NOT LEGAL
1698,,,,BACHELOR,NOT LEGAL
1699,6,0,20,HIGH SCHOOL,LEGAL
1700,,,,HIGH SCHOOL,LEGAL
1701,,,,LT HIGH SCHOOL,
1702,,,,BACHELOR,NOT LEGAL
1703,,,,HIGH SCHOOL,
1704,4,15,36,JUNIOR COLLEGE,NOT LEGAL
1705,,,,HIGH SCHOOL,
1706,,,,LT HIGH SCHOOL,NOT LEGAL
1707,3,7,40,HIGH SCHOOL,NOT LEGAL
1708,,,,BACHELOR,NOT LEGAL
1709,3,6,89,JUNIOR COLLEGE,NOT LEGAL
1710,5,0,37,JUNIOR COLLEGE,
1711,,,,HIGH SCHOOL,LEGAL
1712,2,0,40,LT HIGH SCHOOL,
1713,,,,LT HIGH SCHOOL,NOT LEGAL
1714,,,,LT HIGH SCHOOL,NOT LEGAL
1715,,,,LT HIGH SCHOOL,LEGAL
1716,2,0,35,HIGH SCHOOL,
1717,,,,HIGH SCHOOL,
1718,3,0,68,LT HIGH SCHOOL,
1719,2,0,29,HIGH SCHOOL,NOT LEGAL
1720,3,0,44,BACHELOR,
1721,,,,HIGH SCHOOL,NOT LEGAL
1722,6,0,16,HIGH SCHOOL,
1723,,,,LT HIGH SCHOOL,LEGAL
1724,2,0,56,HIGH SCHOOL,
1725,4,0,14,LT HIGH SCHOOL,NOT LEGAL
1726,,,,HIGH SCHOOL,LEGAL
1727,,,,BACHELOR,
1728,,,,HIGH SCHOOL,LEGAL
1729,2,0,50,LT HIGH SCHOOL,
1730,,,,HIGH SCHOOL,
1731,4,0,55,HIGH SCHOOL,LEGAL
1732,,,,LT HIGH SCHOOL,
1733,3,20,46,HIGH SCHOOL,
1734,,,,LT HIGH SCHOOL,NOT LEGAL
1735,1,0,40,HIGH SCHOOL,
1736,,,,HIGH SCHOOL,NOT LEGAL
1737,,,,BACHELOR,NOT LEGAL
1738,3,0,40,BACHELOR,NOT LEGAL
1739,1,2,50,BACHELOR,
1740,,,,LT HIGH SCHOOL,NOT LEGAL
1741,3,5,60,GRADUATE,LEGAL
1742,3,0,40,BACHELOR,LEGAL
1743,2,2,50,BACHELOR,
1744,1,0,40,HIGH SCHOOL,LEGAL
1745,,,,HIGH SCHOOL,NOT LEGAL
1746,3,0,40,HIGH SCHOOL,NOT LEGAL
1747,,,,LT HIGH SCHOOL,
1748,2,3,48,HIGH SCHOOL,NOT LEGAL
1749,,,,LT HIGH SCHOOL,
1750,6,20,40,HIGH SCHOOL,
1751,,,,HIGH SCHOOL,NOT LEGAL
1752,5,15,40,JUNIOR COLLEGE,LEGAL
1753,3,0,40,HIGH SCHOOL,LEGAL
1754,,,,HIGH SCHOOL,
1755,4,0,52,GRADUATE,
1756,5,0,27,HIGH SCHOOL,NOT LEGAL
1757,,,,HIGH SCHOOL,
1758,3,0,40,GRADUATE,NOT LEGAL
1759,,,,LT HIGH SCHOOL,LEGAL
1760,4,0,68,HIGH SCHOOL,LEGAL
1761,,,,LT HIGH SCHOOL,
1762,,5,40,LT HIGH SCHOOL,NOT LEGAL
1763,12,0,40,HIGH SCHOOL,NOT LEGAL
1764,4,0,15,HIGH SCHOOL,
1765,,,,HIGH SCHOOL,LEGAL
1766,4,14,4,LT HIGH SCHOOL,
1767,3,0,46,JUNIOR COLLEGE,NOT LEGAL
1768,,,,LT HIGH SCHOOL,
1769,,,,HIGH SCHOOL,NOT LEGAL
1770,,,,HIGH SCHOOL,NOT LEGAL
1771,,,,HIGH SCHOOL,
1772,0,3,40,HIGH SCHOOL,NOT LEGAL
1773,6,0,70,HIGH SCHOOL,NOT LEGAL
1774,1,2,40,HIGH SCHOOL,NOT LEGAL
1775,,,,HIGH SCHOOL,LEGAL
1776,,,,HIGH SCHOOL,
1777,,,,JUNIOR COLLEGE,NOT LEGAL
1778,3,0,32,LT HIGH SCHOOL,NOT LEGAL
1779,4,0,30,HIGH SCHOOL,NOT LEGAL
1780,,,,BACHELOR,NOT LEGAL
1781,2,1,60,JUNIOR COLLEGE,
1782,2,5,48,HIGH SCHOOL,NOT LEGAL
1783,3,2,36,HIGH SCHOOL,NOT LEGAL
1784,1,,82,LT HIGH SCHOOL,
1785,,,,HIGH SCHOOL,NOT LEGAL
1786,,,,LT HIGH SCHOOL,
1787,6,0,32,HIGH SCHOOL,LEGAL
1788,,,,LT HIGH SCHOOL,NOT LEGAL
1789,,,,LT HIGH SCHOOL,NOT LEGAL
1790,,,,LT HIGH SCHOOL,
1791,,,,BACHELOR,LEGAL
1792,,,,LT HIGH SCHOOL,NOT LEGAL
1793,2,1,67,LT HIGH SCHOOL,LEGAL
1794,1,10,40,JUNIOR COLLEGE,NOT LEGAL
1795,0,0,26,HIGH SCHOOL,
1796,,,,HIGH SCHOOL,NOT LEGAL
1797,,,,HIGH SCHOOL,NOT LEGAL
1798,,,,HIGH SCHOOL,
1799,3,0,40,BACHELOR,NOT LEGAL
1800,,,,HIGH SCHOOL,NOT LEGAL
1801,1,15,47,HIGH SCHOOL,NOT LEGAL
1802,3,0,50,HIGH SCHOOL,
1803,,,,HIGH SCHOOL,
1804,,,,HIGH SCHOOL,NOT LEGAL
1805,5,0,40,LT HIGH SCHOOL,
1806,,,,HIGH SCHOOL,LEGAL
1807,2,0,40,HIGH SCHOOL,
1808,0,0,39,LT HIGH SCHOOL,NOT LEGAL
1809,12,0,15,HIGH SCHOOL,NOT LEGAL
1810,4,0,43,HIGH SCHOOL,LEGAL
1811,5,0,50,BACHELOR,LEGAL
1812,6,2,30,HIGH SCHOOL,LEGAL
1813,,,,HIGH SCHOOL,LEGAL
1814,,,,BACHELOR,NOT LEGAL
1815,5,5,40,HIGH SCHOOL,
1816,2,0,50,HIGH SCHOOL,LEGAL
1817,2,0,40,GRADUATE,
1818,2,3,40,GRADUATE,LEGAL
1819,3,0,42,HIGH SCHOOL,
1820,,,,LT HIGH SCHOOL,LEGAL
1821,,,,HIGH SCHOOL,LEGAL
1822,,,24,HIGH SCHOOL,
1823,5,3,40,BACHELOR,NOT LEGAL
1824,,,,LT HIGH SCHOOL,
1825,6,1,40,BACHELOR,NOT LEGAL
1826,,,,LT HIGH SCHOOL,LEGAL
1827,,,,LT HIGH SCHOOL,NOT LEGAL
1828,,,,LT HIGH SCHOOL,NOT LEGAL
1829,,,,LT HIGH SCHOOL,
1830,3,0,50,HIGH SCHOOL,NOT LEGAL
1831,1,0,40,HIGH SCHOOL,NOT LEGAL
1832,6,0,28,HIGH SCHOOL,LEGAL
1833,2,3,40,HIGH SCHOOL,LEGAL
1834,1,0,50,HIGH SCHOOL,NOT LEGAL
1835,,,,JUNIOR COLLEGE,
1836,,,,BACHELOR,
1837,2,20,15,BACHELOR,
1838,2,0,40,HIGH SCHOOL,
1839,,,,GRADUATE,NOT LEGAL
1840,,,,HIGH SCHOOL,LEGAL
1841,,,,BACHELOR,NOT LEGAL
1842,,,,LT HIGH SCHOOL,
1843,,,,HIGH SCHOOL,
1844,5,0,40,BACHELOR,NOT LEGAL
1845,,,,HIGH SCHOOL,
1846,,,,HIGH SCHOOL,LEGAL
1847,,,,HIGH SCHOOL,NOT LEGAL
1848,,,,LT HIGH SCHOOL,LEGAL
1849,,,,HIGH SCHOOL,LEGAL
1850,,,,LT HIGH SCHOOL,NOT LEGAL
1851,,,,LT HIGH SCHOOL,LEGAL
1852,,,,HIGH SCHOOL,LEGAL
1853,,,,HIGH SCHOOL,LEGAL
1854,,,,BACHELOR,
1855,5,0,49,HIGH SCHOOL,NOT LEGAL
1856,,,,HIGH SCHOOL,
1857,4,0,80,LT HIGH SCHOOL,
1858,5,7,48,HIGH SCHOOL,LEGAL
1859,,,,HIGH SCHOOL,NOT LEGAL
1860,0,0,42,HIGH SCHOOL,NOT LEGAL
1861,,,,HIGH SCHOOL,
1862,3,4,35,HIGH SCHOOL,NOT LEGAL
1863,,,,BACHELOR,
1864,0,0,40,HIGH SCHOOL,NOT LEGAL
1865,3,4,80,HIGH SCHOOL,NOT LEGAL
1866,4,0,56,LT HIGH SCHOOL,NOT LEGAL
1867,3,2,30,HIGH SCHOOL,NOT LEGAL
1868,,,,LT HIGH SCHOOL,
1869,0,0,60,GRADUATE,
1870,,,,JUNIOR COLLEGE,
1871,,,,HIGH SCHOOL,LEGAL
1872,,,,HIGH SCHOOL,LEGAL
1873,6,2,25,JUNIOR COLLEGE,
1874,5,0,40,JUNIOR COLLEGE,LEGAL
1875,9,0,40,HIGH SCHOOL,NOT LEGAL
1876,,,13,JUNIOR COLLEGE,
1877,2,3,36,LT HIGH SCHOOL,LEGAL
1878,2,1,40,HIGH SCHOOL,
1879,,,,HIGH SCHOOL,NOT LEGAL
1880,,,,HIGH SCHOOL,NOT LEGAL
1881,13,0,65,HIGH SCHOOL,
1882,,,,HIGH SCHOOL,LEGAL
1883,3,20,9,HIGH SCHOOL,
1884,3,0,40,GRADUATE,NOT LEGAL
1885,,,,HIGH SCHOOL,LEGAL
1886,3,0,70,LT HIGH SCHOOL,LEGAL
1887,6,0,37,JUNIOR COLLEGE,NOT LEGAL
1888,0,0,20,JUNIOR COLLEGE,NOT LEGAL
1889,,,,JUNIOR COLLEGE,
1890,,,,LT HIGH SCHOOL,NOT LEGAL
1891,2,0,32,HIGH SCHOOL,
1892,6,0,35,HIGH SCHOOL,
1893,,,,LT HIGH SCHOOL,
1894,,,,HIGH SCHOOL,NOT LEGAL
1895,7,0,8,HIGH SCHOOL,
1896,,,,LT HIGH SCHOOL,LEGAL
1897,1,0,80,JUNIOR COLLEGE,NOT LEGAL
1898,4,1,40,HIGH SCHOOL,LEGAL
1899,4,0,56,HIGH SCHOOL,NOT LEGAL
1900,,,,HIGH SCHOOL,LEGAL
1901,,,,HIGH SCHOOL,
1902,1,0,45,JUNIOR COLLEGE,NOT LEGAL
1903,4,0,55,LT HIGH SCHOOL,NOT LEGAL
1904,,,,LT HIGH SCHOOL,NOT LEGAL
1905,2,25,30,JUNIOR COLLEGE,
1906,5,0,50,BACHELOR,LEGAL
1907,7,0,25,HIGH SCHOOL,
1908,,,,LT HIGH SCHOOL,NOT LEGAL
1909,5,0,70,HIGH SCHOOL,
1910,,,,HIGH SCHOOL,LEGAL
1911,10,0,12,HIGH SCHOOL,LEGAL
1912,3,2,10,HIGH SCHOOL,NOT LEGAL
1913,,,,LT HIGH SCHOOL,NOT LEGAL
1914,2,4,52,LT HIGH SCHOOL,LEGAL
1915,3,4,50,HIGH SCHOOL,
1916,4,0,80,HIGH SCHOOL,NOT LEGAL
1917,3,0,55,BACHELOR,
1918,8,0,55,GRADUATE,NOT LEGAL
1919,10,30,70,LT HIGH SCHOOL,LEGAL
1920,6,4,40,HIGH SCHOOL,
1921,,,,HIGH SCHOOL,NOT LEGAL
1922,4,30,9,HIGH SCHOOL,
1923,8,0,40,HIGH SCHOOL,LEGAL
1924,3,5,40,HIGH SCHOOL,LEGAL
1925,5,0,40,BACHELOR,
1926,,,,HIGH SCHOOL,NOT LEGAL
1927,,,,BACHELOR,NOT LEGAL
1928,4,0,50,JUNIOR COLLEGE,
1929,0,0,40,JUNIOR COLLEGE,NOT LEGAL
1930,8,0,9,HIGH SCHOOL,LEGAL
1931,,,,LT HIGH SCHOOL,
1932,2,15,45,GRADUATE,NOT LEGAL
1933,2,0,24,HIGH SCHOOL,LEGAL
1934,2,0,36,JUNIOR COLLEGE,NOT LEGAL
1935,,30,9,LT HIGH SCHOOL,
1936,,,,HIGH SCHOOL,LEGAL
1937,4,0,30,HIGH SCHOOL,NOT LEGAL
1938,,,,JUNIOR COLLEGE,
1939,,,,HIGH SCHOOL,
1940,4,0,70,BACHELOR,LEGAL
1941,4,0,4,LT HIGH SCHOOL,NOT LEGAL
1942,0,0,70,LT HIGH SCHOOL,NOT LEGAL
1943,,,,HIGH SCHOOL,LEGAL
1944,0,0,52,HIGH SCHOOL,NOT LEGAL
1945,3,0,37,HIGH SCHOOL,NOT LEGAL
1946,5,0,18,BACHELOR,
1947,3,5,60,JUNIOR COLLEGE,NOT LEGAL
1948,2,3,45,HIGH SCHOOL,LEGAL
1949,,,,HIGH SCHOOL,
1950,,,,LT HIGH SCHOOL,LEGAL
1951,,,,HIGH SCHOOL,LEGAL
1952,6,0,22,HIGH SCHOOL,
1953,2,0,40,GRADUATE,NOT LEGAL
1954,4,0,40,HIGH SCHOOL,LEGAL
1955,,,,HIGH SCHOOL,
1956,6,2,9,LT HIGH SCHOOL,LEGAL
1957,3,0,35,LT HIGH SCHOOL,
1958,4,0,45,HIGH SCHOOL,LEGAL
1959,,,,JUNIOR COLLEGE,LEGAL
1960,,,,HIGH SCHOOL,
1961,,,,LT HIGH SCHOOL,NOT LEGAL
1962,3,15,50,HIGH SCHOOL,NOT LEGAL
1963,,,,LT HIGH SCHOOL,
1964,14,0,89,JUNIOR COLLEGE,
1965,2,1,55,LT HIGH SCHOOL,NOT LEGAL
1966,4,0,50,HIGH SCHOOL,NOT LEGAL
1967,,,,HIGH SCHOOL,NOT LEGAL
1968,1,0,40,HIGH SCHOOL,
1969,6,10,20,HIGH SCHOOL,NOT LEGAL
1970,3,0,60,JUNIOR COLLEGE,NOT LEGAL
1971,,,,HIGH SCHOOL,
1972,2,0,80,HIGH SCHOOL,
1973,5,0,35,HIGH SCHOOL,LEGAL
1974,4,0,35,LT HIGH SCHOOL,
1975,,,,HIGH SCHOOL,NOT LEGAL
1976,4,0,50,BACHELOR,LEGAL
1977,,,,JUNIOR COLLEGE,
1978,,,,HIGH SCHOOL,LEGAL
1979,,,,HIGH SCHOOL,
1980,12,0,84,HIGH SCHOOL,LEGAL
1981,1,4,16,BACHELOR,NOT LEGAL
1982,1,10,,HIGH SCHOOL,
1983,,,,HIGH SCHOOL,NOT LEGAL
1984,,,,GRADUATE,NOT LEGAL
1985,,,,HIGH SCHOOL,NOT LEGAL
1986,2,0,60,HIGH SCHOOL,LEGAL
1987,4,4,32,BACHELOR,
1988,,,,HIGH SCHOOL,NOT LEGAL
1989,,,,HIGH SCHOOL,LEGAL
1990,,,,HIGH SCHOOL,NOT LEGAL
1991,,,,HIGH SCHOOL,NOT LEGAL
1992,,,,HIGH SCHOOL,NOT LEGAL
1993,3,0,33,LT HIGH SCHOOL,
1994,4,26,60,HIGH SCHOOL,LEGAL
1995,,,,HIGH SCHOOL,
1996,,,,HIGH SCHOOL,NOT LEGAL
1997,,,,HIGH SCHOOL,LEGAL
1998,,,,HIGH SCHOOL,
1999,,,,LT HIGH SCHOOL,NOT LEGAL
2000,,,,HIGH SCHOOL,NOT LEGAL
2001,,,,HIGH SCHOOL,NOT LEGAL
2002,4,0,40,BACHELOR,
2003,6,10,40,BACHELOR,
2004,6,0,40,BACHELOR,NOT LEGAL
2005,6,2,40,HIGH SCHOOL,NOT LEGAL
2006,,,,GRADUATE,
2007,,,,BACHELOR,NOT LEGAL
2008,,,,HIGH SCHOOL,
2009,,,,BACHELOR,LEGAL
2010,,,,GRADUATE,
2011,,,,BACHELOR,LEGAL
2012,3,1,40,BACHELOR,LEGAL
2013,,,,GRADUATE,LEGAL
2014,4,2,46,JUNIOR COLLEGE,
2015,6,2,40,GRADUATE,LEGAL
2016,7,0,25,LT HIGH SCHOOL,
2017,,,,LT HIGH SCHOOL,LEGAL
2018,4,0,40,HIGH SCHOOL,NOT LEGAL
2019,0,,50,JUNIOR COLLEGE,
2020,,,,HIGH SCHOOL,NOT LEGAL
2021,,,,HIGH SCHOOL,
2022,4,3,40,LT HIGH SCHOOL,NOT LEGAL
2023,2,0,43,LT HIGH SCHOOL,
2024,,,,HIGH SCHOOL,LEGAL
2025,2,15,35,HIGH SCHOOL,NOT LEGAL
2026,6,5,24,LT HIGH SCHOOL,
2027,6,5,16,BACHELOR,LEGAL
2028,4,5,50,LT HIGH SCHOOL,NOT LEGAL
2029,,,,HIGH SCHOOL,
2030,,,,JUNIOR COLLEGE,
2031,8,3,20,HIGH SCHOOL,
2032,7,0,50,LT HIGH SCHOOL,
2033,5,0,10,BACHELOR,LEGAL
2034,5,2,40,HIGH SCHOOL,NOT LEGAL
2035,,0,38,HIGH SCHOOL,
2036,,,,HIGH SCHOOL,LEGAL
2037,,,40,HIGH SCHOOL,LEGAL
2038,6,0,38,LT HIGH SCHOOL,NOT LEGAL
2039,,,,HIGH SCHOOL,NOT LEGAL
2040,,,,BACHELOR,
2041,,,,HIGH SCHOOL,NOT LEGAL
2042,3,0,40,HIGH SCHOOL,LEGAL
2043,5,1,49,BACHELOR,LEGAL
2044,6,0,40,HIGH SCHOOL,LEGAL
