rownames,order,response
1,cannot_afford_second,approve
2,cannot_afford_second,approve
3,cannot_afford_second,approve
4,cannot_afford_second,approve
5,cannot_afford_second,approve
6,cannot_afford_second,approve
7,cannot_afford_second,approve
8,cannot_afford_second,approve
9,cannot_afford_second,approve
10,cannot_afford_second,approve
11,cannot_afford_second,approve
12,cannot_afford_second,approve
13,cannot_afford_second,approve
14,cannot_afford_second,approve
15,cannot_afford_second,approve
16,cannot_afford_second,approve
17,cannot_afford_second,approve
18,cannot_afford_second,approve
19,cannot_afford_second,approve
20,cannot_afford_second,approve
21,cannot_afford_second,approve
22,cannot_afford_second,approve
23,cannot_afford_second,approve
24,cannot_afford_second,approve
25,cannot_afford_second,approve
26,cannot_afford_second,approve
27,cannot_afford_second,approve
28,cannot_afford_second,approve
29,cannot_afford_second,approve
30,cannot_afford_second,approve
31,cannot_afford_second,approve
32,cannot_afford_second,approve
33,cannot_afford_second,approve
34,cannot_afford_second,approve
35,cannot_afford_second,approve
36,cannot_afford_second,approve
37,cannot_afford_second,approve
38,cannot_afford_second,approve
39,cannot_afford_second,approve
40,cannot_afford_second,approve
41,cannot_afford_second,approve
42,cannot_afford_second,approve
43,cannot_afford_second,approve
44,cannot_afford_second,approve
45,cannot_afford_second,approve
46,cannot_afford_second,approve
47,cannot_afford_second,approve
48,cannot_afford_second,approve
49,cannot_afford_second,approve
50,cannot_afford_second,approve
51,cannot_afford_second,approve
52,cannot_afford_second,approve
53,cannot_afford_second,approve
54,cannot_afford_second,approve
55,cannot_afford_second,approve
56,cannot_afford_second,approve
57,cannot_afford_second,approve
58,cannot_afford_second,approve
59,cannot_afford_second,approve
60,cannot_afford_second,approve
61,cannot_afford_second,approve
62,cannot_afford_second,approve
63,cannot_afford_second,approve
64,cannot_afford_second,approve
65,cannot_afford_second,approve
66,cannot_afford_second,approve
67,cannot_afford_second,approve
68,cannot_afford_second,approve
69,cannot_afford_second,approve
70,cannot_afford_second,approve
71,cannot_afford_second,approve
72,cannot_afford_second,approve
73,cannot_afford_second,approve
74,cannot_afford_second,approve
75,cannot_afford_second,approve
76,cannot_afford_second,approve
77,cannot_afford_second,approve
78,cannot_afford_second,approve
79,cannot_afford_second,approve
80,cannot_afford_second,approve
81,cannot_afford_second,approve
82,cannot_afford_second,approve
83,cannot_afford_second,approve
84,cannot_afford_second,approve
85,cannot_afford_second,approve
86,cannot_afford_second,approve
87,cannot_afford_second,approve
88,cannot_afford_second,approve
89,cannot_afford_second,approve
90,cannot_afford_second,approve
91,cannot_afford_second,approve
92,cannot_afford_second,approve
93,cannot_afford_second,approve
94,cannot_afford_second,approve
95,cannot_afford_second,approve
96,cannot_afford_second,approve
97,cannot_afford_second,approve
98,cannot_afford_second,approve
99,cannot_afford_second,approve
100,cannot_afford_second,approve
101,cannot_afford_second,approve
102,cannot_afford_second,approve
103,cannot_afford_second,approve
104,cannot_afford_second,approve
105,cannot_afford_second,approve
106,cannot_afford_second,approve
107,cannot_afford_second,approve
108,cannot_afford_second,approve
109,cannot_afford_second,approve
110,cannot_afford_second,approve
111,cannot_afford_second,approve
112,cannot_afford_second,approve
113,cannot_afford_second,approve
114,cannot_afford_second,approve
115,cannot_afford_second,approve
116,cannot_afford_second,approve
117,cannot_afford_second,approve
118,cannot_afford_second,approve
119,cannot_afford_second,approve
120,cannot_afford_second,approve
121,cannot_afford_second,approve
122,cannot_afford_second,approve
123,cannot_afford_second,approve
124,cannot_afford_second,approve
125,cannot_afford_second,approve
126,cannot_afford_second,approve
127,cannot_afford_second,approve
128,cannot_afford_second,approve
129,cannot_afford_second,approve
130,cannot_afford_second,approve
131,cannot_afford_second,approve
132,cannot_afford_second,approve
133,cannot_afford_second,approve
134,cannot_afford_second,approve
135,cannot_afford_second,approve
136,cannot_afford_second,approve
137,cannot_afford_second,approve
138,cannot_afford_second,approve
139,cannot_afford_second,approve
140,cannot_afford_second,approve
141,cannot_afford_second,approve
142,cannot_afford_second,approve
143,cannot_afford_second,approve
144,cannot_afford_second,approve
145,cannot_afford_second,approve
146,cannot_afford_second,approve
147,cannot_afford_second,approve
148,cannot_afford_second,approve
149,cannot_afford_second,approve
150,cannot_afford_second,approve
151,cannot_afford_second,approve
152,cannot_afford_second,approve
153,cannot_afford_second,approve
154,cannot_afford_second,approve
155,cannot_afford_second,approve
156,cannot_afford_second,approve
157,cannot_afford_second,approve
158,cannot_afford_second,approve
159,cannot_afford_second,approve
160,cannot_afford_second,approve
161,cannot_afford_second,approve
162,cannot_afford_second,approve
163,cannot_afford_second,approve
164,cannot_afford_second,approve
165,cannot_afford_second,approve
166,cannot_afford_second,approve
167,cannot_afford_second,approve
168,cannot_afford_second,approve
169,cannot_afford_second,approve
170,cannot_afford_second,approve
171,cannot_afford_second,approve
172,cannot_afford_second,approve
173,cannot_afford_second,approve
174,cannot_afford_second,approve
175,cannot_afford_second,approve
176,cannot_afford_second,approve
177,cannot_afford_second,approve
178,cannot_afford_second,approve
179,cannot_afford_second,approve
180,cannot_afford_second,approve
181,cannot_afford_second,approve
182,cannot_afford_second,approve
183,cannot_afford_second,approve
184,cannot_afford_second,approve
185,cannot_afford_second,approve
186,cannot_afford_second,approve
187,cannot_afford_second,approve
188,cannot_afford_second,approve
189,cannot_afford_second,approve
190,cannot_afford_second,approve
191,cannot_afford_second,approve
192,cannot_afford_second,approve
193,cannot_afford_second,approve
194,cannot_afford_second,approve
195,cannot_afford_second,approve
196,cannot_afford_second,approve
197,cannot_afford_second,approve
198,cannot_afford_second,approve
199,cannot_afford_second,approve
200,cannot_afford_second,approve
201,cannot_afford_second,approve
202,cannot_afford_second,approve
203,cannot_afford_second,approve
204,cannot_afford_second,approve
205,cannot_afford_second,approve
206,cannot_afford_second,approve
207,cannot_afford_second,approve
208,cannot_afford_second,approve
209,cannot_afford_second,approve
210,cannot_afford_second,approve
211,cannot_afford_second,approve
212,cannot_afford_second,approve
213,cannot_afford_second,approve
214,cannot_afford_second,approve
215,cannot_afford_second,approve
216,cannot_afford_second,approve
217,cannot_afford_second,approve
218,cannot_afford_second,approve
219,cannot_afford_second,approve
220,cannot_afford_second,approve
221,cannot_afford_second,approve
222,cannot_afford_second,approve
223,cannot_afford_second,approve
224,cannot_afford_second,approve
225,cannot_afford_second,approve
226,cannot_afford_second,approve
227,cannot_afford_second,approve
228,cannot_afford_second,approve
229,cannot_afford_second,approve
230,cannot_afford_second,approve
231,cannot_afford_second,approve
232,cannot_afford_second,approve
233,cannot_afford_second,approve
234,cannot_afford_second,approve
235,cannot_afford_second,approve
236,cannot_afford_second,approve
237,cannot_afford_second,approve
238,cannot_afford_second,approve
239,cannot_afford_second,approve
240,cannot_afford_second,approve
241,cannot_afford_second,approve
242,cannot_afford_second,approve
243,cannot_afford_second,approve
244,cannot_afford_second,approve
245,cannot_afford_second,approve
246,cannot_afford_second,approve
247,cannot_afford_second,approve
248,cannot_afford_second,approve
249,cannot_afford_second,approve
250,cannot_afford_second,approve
251,cannot_afford_second,approve
252,cannot_afford_second,approve
253,cannot_afford_second,approve
254,cannot_afford_second,approve
255,cannot_afford_second,approve
256,cannot_afford_second,approve
257,cannot_afford_second,approve
258,cannot_afford_second,approve
259,cannot_afford_second,approve
260,cannot_afford_second,approve
261,cannot_afford_second,approve
262,cannot_afford_second,approve
263,cannot_afford_second,approve
264,cannot_afford_second,approve
265,cannot_afford_second,approve
266,cannot_afford_second,approve
267,cannot_afford_second,approve
268,cannot_afford_second,approve
269,cannot_afford_second,approve
270,cannot_afford_second,approve
271,cannot_afford_second,approve
272,cannot_afford_second,approve
273,cannot_afford_second,approve
274,cannot_afford_second,approve
275,cannot_afford_second,approve
276,cannot_afford_second,approve
277,cannot_afford_second,approve
278,cannot_afford_second,approve
279,cannot_afford_second,approve
280,cannot_afford_second,approve
281,cannot_afford_second,approve
282,cannot_afford_second,approve
283,cannot_afford_second,approve
284,cannot_afford_second,approve
285,cannot_afford_second,approve
286,cannot_afford_second,approve
287,cannot_afford_second,approve
288,cannot_afford_second,approve
289,cannot_afford_second,approve
290,cannot_afford_second,approve
291,cannot_afford_second,approve
292,cannot_afford_second,approve
293,cannot_afford_second,approve
294,cannot_afford_second,approve
295,cannot_afford_second,approve
296,cannot_afford_second,approve
297,cannot_afford_second,approve
298,cannot_afford_second,approve
299,cannot_afford_second,approve
300,cannot_afford_second,approve
301,cannot_afford_second,approve
302,cannot_afford_second,approve
303,cannot_afford_second,approve
304,cannot_afford_second,approve
305,cannot_afford_second,approve
306,cannot_afford_second,approve
307,cannot_afford_second,approve
308,cannot_afford_second,approve
309,cannot_afford_second,approve
310,cannot_afford_second,approve
311,cannot_afford_second,approve
312,cannot_afford_second,approve
313,cannot_afford_second,approve
314,cannot_afford_second,approve
315,cannot_afford_second,approve
316,cannot_afford_second,approve
317,cannot_afford_second,approve
318,cannot_afford_second,approve
319,cannot_afford_second,approve
320,cannot_afford_second,approve
321,cannot_afford_second,approve
322,cannot_afford_second,approve
323,cannot_afford_second,approve
324,cannot_afford_second,approve
325,cannot_afford_second,approve
326,cannot_afford_second,approve
327,cannot_afford_second,approve
328,cannot_afford_second,approve
329,cannot_afford_second,approve
330,cannot_afford_second,approve
331,cannot_afford_second,approve
332,cannot_afford_second,approve
333,cannot_afford_second,approve
334,cannot_afford_second,approve
335,cannot_afford_second,approve
336,cannot_afford_second,approve
337,cannot_afford_second,approve
338,cannot_afford_second,approve
339,cannot_afford_second,approve
340,cannot_afford_second,approve
341,cannot_afford_second,approve
342,cannot_afford_second,approve
343,cannot_afford_second,approve
344,cannot_afford_second,approve
345,cannot_afford_second,approve
346,cannot_afford_second,approve
347,cannot_afford_second,approve
348,cannot_afford_second,approve
349,cannot_afford_second,approve
350,cannot_afford_second,approve
351,cannot_afford_second,approve
352,cannot_afford_second,approve
353,cannot_afford_second,approve
354,cannot_afford_second,approve
355,cannot_afford_second,approve
356,cannot_afford_second,approve
357,cannot_afford_second,approve
358,cannot_afford_second,approve
359,cannot_afford_second,approve
360,cannot_afford_second,approve
361,cannot_afford_second,approve
362,cannot_afford_second,approve
363,cannot_afford_second,approve
364,cannot_afford_second,approve
365,cannot_afford_second,approve
366,cannot_afford_second,disapprove
367,cannot_afford_second,disapprove
368,cannot_afford_second,disapprove
369,cannot_afford_second,disapprove
370,cannot_afford_second,disapprove
371,cannot_afford_second,disapprove
372,cannot_afford_second,disapprove
373,cannot_afford_second,disapprove
374,cannot_afford_second,disapprove
375,cannot_afford_second,disapprove
376,cannot_afford_second,disapprove
377,cannot_afford_second,disapprove
378,cannot_afford_second,disapprove
379,cannot_afford_second,disapprove
380,cannot_afford_second,disapprove
381,cannot_afford_second,disapprove
382,cannot_afford_second,disapprove
383,cannot_afford_second,disapprove
384,cannot_afford_second,disapprove
385,cannot_afford_second,disapprove
386,cannot_afford_second,disapprove
387,cannot_afford_second,disapprove
388,cannot_afford_second,disapprove
389,cannot_afford_second,disapprove
390,cannot_afford_second,disapprove
391,cannot_afford_second,disapprove
392,cannot_afford_second,disapprove
393,cannot_afford_second,disapprove
394,cannot_afford_second,disapprove
395,cannot_afford_second,disapprove
396,cannot_afford_second,disapprove
397,cannot_afford_second,disapprove
398,cannot_afford_second,disapprove
399,cannot_afford_second,disapprove
400,cannot_afford_second,disapprove
401,cannot_afford_second,disapprove
402,cannot_afford_second,disapprove
403,cannot_afford_second,disapprove
404,cannot_afford_second,disapprove
405,cannot_afford_second,disapprove
406,cannot_afford_second,disapprove
407,cannot_afford_second,disapprove
408,cannot_afford_second,disapprove
409,cannot_afford_second,disapprove
410,cannot_afford_second,disapprove
411,cannot_afford_second,disapprove
412,cannot_afford_second,disapprove
413,cannot_afford_second,disapprove
414,cannot_afford_second,disapprove
415,cannot_afford_second,disapprove
416,cannot_afford_second,disapprove
417,cannot_afford_second,disapprove
418,cannot_afford_second,disapprove
419,cannot_afford_second,disapprove
420,cannot_afford_second,disapprove
421,cannot_afford_second,disapprove
422,cannot_afford_second,disapprove
423,cannot_afford_second,disapprove
424,cannot_afford_second,disapprove
425,cannot_afford_second,disapprove
426,cannot_afford_second,disapprove
427,cannot_afford_second,disapprove
428,cannot_afford_second,disapprove
429,cannot_afford_second,disapprove
430,cannot_afford_second,disapprove
431,cannot_afford_second,disapprove
432,cannot_afford_second,disapprove
433,cannot_afford_second,disapprove
434,cannot_afford_second,disapprove
435,cannot_afford_second,disapprove
436,cannot_afford_second,disapprove
437,cannot_afford_second,disapprove
438,cannot_afford_second,disapprove
439,cannot_afford_second,disapprove
440,cannot_afford_second,disapprove
441,cannot_afford_second,disapprove
442,cannot_afford_second,disapprove
443,cannot_afford_second,disapprove
444,cannot_afford_second,disapprove
445,cannot_afford_second,disapprove
446,cannot_afford_second,disapprove
447,cannot_afford_second,disapprove
448,cannot_afford_second,disapprove
449,cannot_afford_second,disapprove
450,cannot_afford_second,disapprove
451,cannot_afford_second,disapprove
452,cannot_afford_second,disapprove
453,cannot_afford_second,disapprove
454,cannot_afford_second,disapprove
455,cannot_afford_second,disapprove
456,cannot_afford_second,disapprove
457,cannot_afford_second,disapprove
458,cannot_afford_second,disapprove
459,cannot_afford_second,disapprove
460,cannot_afford_second,disapprove
461,cannot_afford_second,disapprove
462,cannot_afford_second,disapprove
463,cannot_afford_second,disapprove
464,cannot_afford_second,disapprove
465,cannot_afford_second,disapprove
466,cannot_afford_second,disapprove
467,cannot_afford_second,disapprove
468,cannot_afford_second,disapprove
469,cannot_afford_second,disapprove
470,cannot_afford_second,disapprove
471,cannot_afford_second,disapprove
472,cannot_afford_second,disapprove
473,cannot_afford_second,disapprove
474,cannot_afford_second,disapprove
475,cannot_afford_second,disapprove
476,cannot_afford_second,disapprove
477,cannot_afford_second,disapprove
478,cannot_afford_second,disapprove
479,cannot_afford_second,disapprove
480,cannot_afford_second,disapprove
481,cannot_afford_second,disapprove
482,cannot_afford_second,disapprove
483,cannot_afford_second,disapprove
484,cannot_afford_second,disapprove
485,cannot_afford_second,disapprove
486,cannot_afford_second,disapprove
487,cannot_afford_second,disapprove
488,cannot_afford_second,disapprove
489,cannot_afford_second,disapprove
490,cannot_afford_second,disapprove
491,cannot_afford_second,disapprove
492,cannot_afford_second,disapprove
493,cannot_afford_second,disapprove
494,cannot_afford_second,disapprove
495,cannot_afford_second,disapprove
496,cannot_afford_second,disapprove
497,cannot_afford_second,disapprove
498,cannot_afford_second,disapprove
499,cannot_afford_second,disapprove
500,cannot_afford_second,disapprove
501,cannot_afford_second,disapprove
502,cannot_afford_second,disapprove
503,cannot_afford_second,disapprove
504,cannot_afford_second,disapprove
505,cannot_afford_second,disapprove
506,cannot_afford_second,disapprove
507,cannot_afford_second,disapprove
508,cannot_afford_second,disapprove
509,cannot_afford_second,disapprove
510,cannot_afford_second,disapprove
511,cannot_afford_second,disapprove
512,cannot_afford_second,disapprove
513,cannot_afford_second,disapprove
514,cannot_afford_second,disapprove
515,cannot_afford_second,disapprove
516,cannot_afford_second,disapprove
517,cannot_afford_second,disapprove
518,cannot_afford_second,disapprove
519,cannot_afford_second,disapprove
520,cannot_afford_second,disapprove
521,cannot_afford_second,disapprove
522,cannot_afford_second,disapprove
523,cannot_afford_second,disapprove
524,cannot_afford_second,disapprove
525,cannot_afford_second,disapprove
526,cannot_afford_second,disapprove
527,cannot_afford_second,disapprove
528,cannot_afford_second,disapprove
529,cannot_afford_second,disapprove
530,cannot_afford_second,disapprove
531,cannot_afford_second,disapprove
532,cannot_afford_second,disapprove
533,cannot_afford_second,disapprove
534,cannot_afford_second,disapprove
535,cannot_afford_second,disapprove
536,cannot_afford_second,disapprove
537,cannot_afford_second,disapprove
538,cannot_afford_second,disapprove
539,cannot_afford_second,disapprove
540,cannot_afford_second,disapprove
541,cannot_afford_second,disapprove
542,cannot_afford_second,disapprove
543,cannot_afford_second,disapprove
544,cannot_afford_second,disapprove
545,cannot_afford_second,disapprove
546,cannot_afford_second,disapprove
547,cannot_afford_second,disapprove
548,cannot_afford_second,disapprove
549,cannot_afford_second,disapprove
550,cannot_afford_second,disapprove
551,cannot_afford_second,disapprove
552,cannot_afford_second,disapprove
553,cannot_afford_second,disapprove
554,cannot_afford_second,disapprove
555,cannot_afford_second,disapprove
556,cannot_afford_second,disapprove
557,cannot_afford_second,disapprove
558,cannot_afford_second,disapprove
559,cannot_afford_second,disapprove
560,cannot_afford_second,disapprove
561,cannot_afford_second,disapprove
562,cannot_afford_second,disapprove
563,cannot_afford_second,disapprove
564,cannot_afford_second,disapprove
565,cannot_afford_second,disapprove
566,cannot_afford_second,disapprove
567,cannot_afford_second,disapprove
568,cannot_afford_second,disapprove
569,cannot_afford_second,disapprove
570,cannot_afford_second,disapprove
571,cannot_afford_second,disapprove
572,cannot_afford_second,disapprove
573,cannot_afford_second,disapprove
574,cannot_afford_second,disapprove
575,cannot_afford_second,disapprove
576,cannot_afford_second,disapprove
577,cannot_afford_second,disapprove
578,cannot_afford_second,disapprove
579,cannot_afford_second,disapprove
580,cannot_afford_second,disapprove
581,cannot_afford_second,disapprove
582,cannot_afford_second,disapprove
583,cannot_afford_second,disapprove
584,cannot_afford_second,disapprove
585,cannot_afford_second,disapprove
586,cannot_afford_second,disapprove
587,cannot_afford_second,disapprove
588,cannot_afford_second,disapprove
589,cannot_afford_second,disapprove
590,cannot_afford_second,disapprove
591,cannot_afford_second,disapprove
592,cannot_afford_second,disapprove
593,cannot_afford_second,disapprove
594,cannot_afford_second,disapprove
595,cannot_afford_second,disapprove
596,cannot_afford_second,disapprove
597,cannot_afford_second,disapprove
598,cannot_afford_second,disapprove
599,cannot_afford_second,disapprove
600,cannot_afford_second,disapprove
601,cannot_afford_second,disapprove
602,cannot_afford_second,disapprove
603,cannot_afford_second,disapprove
604,cannot_afford_second,disapprove
605,cannot_afford_second,disapprove
606,cannot_afford_second,disapprove
607,cannot_afford_second,disapprove
608,cannot_afford_second,disapprove
609,cannot_afford_second,disapprove
610,cannot_afford_second,disapprove
611,cannot_afford_second,disapprove
612,cannot_afford_second,disapprove
613,cannot_afford_second,disapprove
614,cannot_afford_second,disapprove
615,cannot_afford_second,disapprove
616,cannot_afford_second,disapprove
617,cannot_afford_second,disapprove
618,cannot_afford_second,disapprove
619,cannot_afford_second,disapprove
620,cannot_afford_second,disapprove
621,cannot_afford_second,disapprove
622,cannot_afford_second,disapprove
623,cannot_afford_second,disapprove
624,cannot_afford_second,disapprove
625,cannot_afford_second,disapprove
626,cannot_afford_second,disapprove
627,cannot_afford_second,disapprove
628,cannot_afford_second,disapprove
629,cannot_afford_second,disapprove
630,cannot_afford_second,disapprove
631,cannot_afford_second,disapprove
632,cannot_afford_second,disapprove
633,cannot_afford_second,disapprove
634,cannot_afford_second,disapprove
635,cannot_afford_second,disapprove
636,cannot_afford_second,disapprove
637,cannot_afford_second,disapprove
638,cannot_afford_second,disapprove
639,cannot_afford_second,disapprove
640,cannot_afford_second,disapprove
641,cannot_afford_second,disapprove
642,cannot_afford_second,disapprove
643,cannot_afford_second,disapprove
644,cannot_afford_second,disapprove
645,cannot_afford_second,disapprove
646,cannot_afford_second,disapprove
647,cannot_afford_second,disapprove
648,cannot_afford_second,disapprove
649,cannot_afford_second,disapprove
650,cannot_afford_second,disapprove
651,cannot_afford_second,disapprove
652,cannot_afford_second,disapprove
653,cannot_afford_second,disapprove
654,cannot_afford_second,disapprove
655,cannot_afford_second,disapprove
656,cannot_afford_second,disapprove
657,cannot_afford_second,disapprove
658,cannot_afford_second,disapprove
659,cannot_afford_second,disapprove
660,cannot_afford_second,disapprove
661,cannot_afford_second,disapprove
662,cannot_afford_second,disapprove
663,cannot_afford_second,disapprove
664,cannot_afford_second,disapprove
665,cannot_afford_second,disapprove
666,cannot_afford_second,disapprove
667,cannot_afford_second,disapprove
668,cannot_afford_second,disapprove
669,cannot_afford_second,disapprove
670,cannot_afford_second,disapprove
671,cannot_afford_second,disapprove
672,cannot_afford_second,disapprove
673,cannot_afford_second,disapprove
674,cannot_afford_second,disapprove
675,cannot_afford_second,disapprove
676,cannot_afford_second,disapprove
677,cannot_afford_second,disapprove
678,cannot_afford_second,disapprove
679,cannot_afford_second,disapprove
680,cannot_afford_second,disapprove
681,cannot_afford_second,disapprove
682,cannot_afford_second,disapprove
683,cannot_afford_second,disapprove
684,cannot_afford_second,disapprove
685,cannot_afford_second,disapprove
686,cannot_afford_second,disapprove
687,cannot_afford_second,disapprove
688,cannot_afford_second,disapprove
689,cannot_afford_second,disapprove
690,cannot_afford_second,disapprove
691,cannot_afford_second,disapprove
692,cannot_afford_second,disapprove
693,cannot_afford_second,disapprove
694,cannot_afford_second,disapprove
695,cannot_afford_second,disapprove
696,cannot_afford_second,disapprove
697,cannot_afford_second,disapprove
698,cannot_afford_second,disapprove
699,cannot_afford_second,disapprove
700,cannot_afford_second,disapprove
701,cannot_afford_second,disapprove
702,cannot_afford_second,disapprove
703,cannot_afford_second,disapprove
704,cannot_afford_second,disapprove
705,cannot_afford_second,disapprove
706,cannot_afford_second,disapprove
707,cannot_afford_second,disapprove
708,cannot_afford_second,disapprove
709,cannot_afford_second,disapprove
710,cannot_afford_second,disapprove
711,cannot_afford_second,disapprove
712,cannot_afford_second,disapprove
713,cannot_afford_second,disapprove
714,cannot_afford_second,disapprove
715,cannot_afford_second,disapprove
716,cannot_afford_second,disapprove
717,cannot_afford_second,disapprove
718,cannot_afford_second,disapprove
719,cannot_afford_second,disapprove
720,cannot_afford_second,disapprove
721,cannot_afford_second,disapprove
722,cannot_afford_second,disapprove
723,cannot_afford_second,disapprove
724,cannot_afford_second,disapprove
725,cannot_afford_second,disapprove
726,cannot_afford_second,disapprove
727,cannot_afford_second,disapprove
728,cannot_afford_second,disapprove
729,cannot_afford_second,disapprove
730,cannot_afford_second,disapprove
731,cannot_afford_second,disapprove
732,cannot_afford_second,disapprove
733,cannot_afford_second,disapprove
734,cannot_afford_second,disapprove
735,cannot_afford_second,disapprove
736,cannot_afford_second,disapprove
737,cannot_afford_second,disapprove
738,cannot_afford_second,disapprove
739,cannot_afford_second,disapprove
740,cannot_afford_second,disapprove
741,cannot_afford_second,disapprove
742,cannot_afford_second,disapprove
743,cannot_afford_second,disapprove
744,cannot_afford_second,disapprove
745,cannot_afford_second,disapprove
746,cannot_afford_second,disapprove
747,cannot_afford_second,other
748,cannot_afford_second,other
749,cannot_afford_second,other
750,cannot_afford_second,other
751,cannot_afford_second,other
752,cannot_afford_second,other
753,cannot_afford_second,other
754,cannot_afford_second,other
755,cannot_afford_second,other
756,cannot_afford_second,other
757,cannot_afford_second,other
758,cannot_afford_second,other
759,cannot_afford_second,other
760,cannot_afford_second,other
761,cannot_afford_second,other
762,cannot_afford_second,other
763,cannot_afford_second,other
764,cannot_afford_second,other
765,cannot_afford_second,other
766,cannot_afford_second,other
767,cannot_afford_second,other
768,cannot_afford_second,other
769,cannot_afford_second,other
770,cannot_afford_second,other
771,cannot_afford_second,other
772,penalty_second,approve
773,penalty_second,approve
774,penalty_second,approve
775,penalty_second,approve
776,penalty_second,approve
777,penalty_second,approve
778,penalty_second,approve
779,penalty_second,approve
780,penalty_second,approve
781,penalty_second,approve
782,penalty_second,approve
783,penalty_second,approve
784,penalty_second,approve
785,penalty_second,approve
786,penalty_second,approve
787,penalty_second,approve
788,penalty_second,approve
789,penalty_second,approve
790,penalty_second,approve
791,penalty_second,approve
792,penalty_second,approve
793,penalty_second,approve
794,penalty_second,approve
795,penalty_second,approve
796,penalty_second,approve
797,penalty_second,approve
798,penalty_second,approve
799,penalty_second,approve
800,penalty_second,approve
801,penalty_second,approve
802,penalty_second,approve
803,penalty_second,approve
804,penalty_second,approve
805,penalty_second,approve
806,penalty_second,approve
807,penalty_second,approve
808,penalty_second,approve
809,penalty_second,approve
810,penalty_second,approve
811,penalty_second,approve
812,penalty_second,approve
813,penalty_second,approve
814,penalty_second,approve
815,penalty_second,approve
816,penalty_second,approve
817,penalty_second,approve
818,penalty_second,approve
819,penalty_second,approve
820,penalty_second,approve
821,penalty_second,approve
822,penalty_second,approve
823,penalty_second,approve
824,penalty_second,approve
825,penalty_second,approve
826,penalty_second,approve
827,penalty_second,approve
828,penalty_second,approve
829,penalty_second,approve
830,penalty_second,approve
831,penalty_second,approve
832,penalty_second,approve
833,penalty_second,approve
834,penalty_second,approve
835,penalty_second,approve
836,penalty_second,approve
837,penalty_second,approve
838,penalty_second,approve
839,penalty_second,approve
840,penalty_second,approve
841,penalty_second,approve
842,penalty_second,approve
843,penalty_second,approve
844,penalty_second,approve
845,penalty_second,approve
846,penalty_second,approve
847,penalty_second,approve
848,penalty_second,approve
849,penalty_second,approve
850,penalty_second,approve
851,penalty_second,approve
852,penalty_second,approve
853,penalty_second,approve
854,penalty_second,approve
855,penalty_second,approve
856,penalty_second,approve
857,penalty_second,approve
858,penalty_second,approve
859,penalty_second,approve
860,penalty_second,approve
861,penalty_second,approve
862,penalty_second,approve
863,penalty_second,approve
864,penalty_second,approve
865,penalty_second,approve
866,penalty_second,approve
867,penalty_second,approve
868,penalty_second,approve
869,penalty_second,approve
870,penalty_second,approve
871,penalty_second,approve
872,penalty_second,approve
873,penalty_second,approve
874,penalty_second,approve
875,penalty_second,approve
876,penalty_second,approve
877,penalty_second,approve
878,penalty_second,approve
879,penalty_second,approve
880,penalty_second,approve
881,penalty_second,approve
882,penalty_second,approve
883,penalty_second,approve
884,penalty_second,approve
885,penalty_second,approve
886,penalty_second,approve
887,penalty_second,approve
888,penalty_second,approve
889,penalty_second,approve
890,penalty_second,approve
891,penalty_second,approve
892,penalty_second,approve
893,penalty_second,approve
894,penalty_second,approve
895,penalty_second,approve
896,penalty_second,approve
897,penalty_second,approve
898,penalty_second,approve
899,penalty_second,approve
900,penalty_second,approve
901,penalty_second,approve
902,penalty_second,approve
903,penalty_second,approve
904,penalty_second,approve
905,penalty_second,approve
906,penalty_second,approve
907,penalty_second,approve
908,penalty_second,approve
909,penalty_second,approve
910,penalty_second,approve
911,penalty_second,approve
912,penalty_second,approve
913,penalty_second,approve
914,penalty_second,approve
915,penalty_second,approve
916,penalty_second,approve
917,penalty_second,approve
918,penalty_second,approve
919,penalty_second,approve
920,penalty_second,approve
921,penalty_second,approve
922,penalty_second,approve
923,penalty_second,approve
924,penalty_second,approve
925,penalty_second,approve
926,penalty_second,approve
927,penalty_second,approve
928,penalty_second,approve
929,penalty_second,approve
930,penalty_second,approve
931,penalty_second,approve
932,penalty_second,approve
933,penalty_second,approve
934,penalty_second,approve
935,penalty_second,approve
936,penalty_second,approve
937,penalty_second,approve
938,penalty_second,approve
939,penalty_second,approve
940,penalty_second,approve
941,penalty_second,approve
942,penalty_second,approve
943,penalty_second,approve
944,penalty_second,approve
945,penalty_second,approve
946,penalty_second,approve
947,penalty_second,approve
948,penalty_second,approve
949,penalty_second,approve
950,penalty_second,approve
951,penalty_second,approve
952,penalty_second,approve
953,penalty_second,approve
954,penalty_second,approve
955,penalty_second,approve
956,penalty_second,approve
957,penalty_second,approve
958,penalty_second,approve
959,penalty_second,approve
960,penalty_second,approve
961,penalty_second,approve
962,penalty_second,approve
963,penalty_second,approve
964,penalty_second,approve
965,penalty_second,approve
966,penalty_second,approve
967,penalty_second,approve
968,penalty_second,approve
969,penalty_second,approve
970,penalty_second,approve
971,penalty_second,approve
972,penalty_second,approve
973,penalty_second,approve
974,penalty_second,approve
975,penalty_second,approve
976,penalty_second,approve
977,penalty_second,approve
978,penalty_second,approve
979,penalty_second,approve
980,penalty_second,approve
981,penalty_second,approve
982,penalty_second,approve
983,penalty_second,approve
984,penalty_second,approve
985,penalty_second,approve
986,penalty_second,approve
987,penalty_second,approve
988,penalty_second,approve
989,penalty_second,approve
990,penalty_second,approve
991,penalty_second,approve
992,penalty_second,approve
993,penalty_second,approve
994,penalty_second,approve
995,penalty_second,approve
996,penalty_second,approve
997,penalty_second,approve
998,penalty_second,approve
999,penalty_second,approve
1000,penalty_second,approve
1001,penalty_second,approve
1002,penalty_second,approve
1003,penalty_second,approve
1004,penalty_second,approve
1005,penalty_second,approve
1006,penalty_second,approve
1007,penalty_second,approve
1008,penalty_second,approve
1009,penalty_second,approve
1010,penalty_second,approve
1011,penalty_second,approve
1012,penalty_second,approve
1013,penalty_second,approve
1014,penalty_second,approve
1015,penalty_second,approve
1016,penalty_second,approve
1017,penalty_second,approve
1018,penalty_second,approve
1019,penalty_second,approve
1020,penalty_second,approve
1021,penalty_second,disapprove
1022,penalty_second,disapprove
1023,penalty_second,disapprove
1024,penalty_second,disapprove
1025,penalty_second,disapprove
1026,penalty_second,disapprove
1027,penalty_second,disapprove
1028,penalty_second,disapprove
1029,penalty_second,disapprove
1030,penalty_second,disapprove
1031,penalty_second,disapprove
1032,penalty_second,disapprove
1033,penalty_second,disapprove
1034,penalty_second,disapprove
1035,penalty_second,disapprove
1036,penalty_second,disapprove
1037,penalty_second,disapprove
1038,penalty_second,disapprove
1039,penalty_second,disapprove
1040,penalty_second,disapprove
1041,penalty_second,disapprove
1042,penalty_second,disapprove
1043,penalty_second,disapprove
1044,penalty_second,disapprove
1045,penalty_second,disapprove
1046,penalty_second,disapprove
1047,penalty_second,disapprove
1048,penalty_second,disapprove
1049,penalty_second,disapprove
1050,penalty_second,disapprove
1051,penalty_second,disapprove
1052,penalty_second,disapprove
1053,penalty_second,disapprove
1054,penalty_second,disapprove
1055,penalty_second,disapprove
1056,penalty_second,disapprove
1057,penalty_second,disapprove
1058,penalty_second,disapprove
1059,penalty_second,disapprove
1060,penalty_second,disapprove
1061,penalty_second,disapprove
1062,penalty_second,disapprove
1063,penalty_second,disapprove
1064,penalty_second,disapprove
1065,penalty_second,disapprove
1066,penalty_second,disapprove
1067,penalty_second,disapprove
1068,penalty_second,disapprove
1069,penalty_second,disapprove
1070,penalty_second,disapprove
1071,penalty_second,disapprove
1072,penalty_second,disapprove
1073,penalty_second,disapprove
1074,penalty_second,disapprove
1075,penalty_second,disapprove
1076,penalty_second,disapprove
1077,penalty_second,disapprove
1078,penalty_second,disapprove
1079,penalty_second,disapprove
1080,penalty_second,disapprove
1081,penalty_second,disapprove
1082,penalty_second,disapprove
1083,penalty_second,disapprove
1084,penalty_second,disapprove
1085,penalty_second,disapprove
1086,penalty_second,disapprove
1087,penalty_second,disapprove
1088,penalty_second,disapprove
1089,penalty_second,disapprove
1090,penalty_second,disapprove
1091,penalty_second,disapprove
1092,penalty_second,disapprove
1093,penalty_second,disapprove
1094,penalty_second,disapprove
1095,penalty_second,disapprove
1096,penalty_second,disapprove
1097,penalty_second,disapprove
1098,penalty_second,disapprove
1099,penalty_second,disapprove
1100,penalty_second,disapprove
1101,penalty_second,disapprove
1102,penalty_second,disapprove
1103,penalty_second,disapprove
1104,penalty_second,disapprove
1105,penalty_second,disapprove
1106,penalty_second,disapprove
1107,penalty_second,disapprove
1108,penalty_second,disapprove
1109,penalty_second,disapprove
1110,penalty_second,disapprove
1111,penalty_second,disapprove
1112,penalty_second,disapprove
1113,penalty_second,disapprove
1114,penalty_second,disapprove
1115,penalty_second,disapprove
1116,penalty_second,disapprove
1117,penalty_second,disapprove
1118,penalty_second,disapprove
1119,penalty_second,disapprove
1120,penalty_second,disapprove
1121,penalty_second,disapprove
1122,penalty_second,disapprove
1123,penalty_second,disapprove
1124,penalty_second,disapprove
1125,penalty_second,disapprove
1126,penalty_second,disapprove
1127,penalty_second,disapprove
1128,penalty_second,disapprove
1129,penalty_second,disapprove
1130,penalty_second,disapprove
1131,penalty_second,disapprove
1132,penalty_second,disapprove
1133,penalty_second,disapprove
1134,penalty_second,disapprove
1135,penalty_second,disapprove
1136,penalty_second,disapprove
1137,penalty_second,disapprove
1138,penalty_second,disapprove
1139,penalty_second,disapprove
1140,penalty_second,disapprove
1141,penalty_second,disapprove
1142,penalty_second,disapprove
1143,penalty_second,disapprove
1144,penalty_second,disapprove
1145,penalty_second,disapprove
1146,penalty_second,disapprove
1147,penalty_second,disapprove
1148,penalty_second,disapprove
1149,penalty_second,disapprove
1150,penalty_second,disapprove
1151,penalty_second,disapprove
1152,penalty_second,disapprove
1153,penalty_second,disapprove
1154,penalty_second,disapprove
1155,penalty_second,disapprove
1156,penalty_second,disapprove
1157,penalty_second,disapprove
1158,penalty_second,disapprove
1159,penalty_second,disapprove
1160,penalty_second,disapprove
1161,penalty_second,disapprove
1162,penalty_second,disapprove
1163,penalty_second,disapprove
1164,penalty_second,disapprove
1165,penalty_second,disapprove
1166,penalty_second,disapprove
1167,penalty_second,disapprove
1168,penalty_second,disapprove
1169,penalty_second,disapprove
1170,penalty_second,disapprove
1171,penalty_second,disapprove
1172,penalty_second,disapprove
1173,penalty_second,disapprove
1174,penalty_second,disapprove
1175,penalty_second,disapprove
1176,penalty_second,disapprove
1177,penalty_second,disapprove
1178,penalty_second,disapprove
1179,penalty_second,disapprove
1180,penalty_second,disapprove
1181,penalty_second,disapprove
1182,penalty_second,disapprove
1183,penalty_second,disapprove
1184,penalty_second,disapprove
1185,penalty_second,disapprove
1186,penalty_second,disapprove
1187,penalty_second,disapprove
1188,penalty_second,disapprove
1189,penalty_second,disapprove
1190,penalty_second,disapprove
1191,penalty_second,disapprove
1192,penalty_second,disapprove
1193,penalty_second,disapprove
1194,penalty_second,disapprove
1195,penalty_second,disapprove
1196,penalty_second,disapprove
1197,penalty_second,disapprove
1198,penalty_second,disapprove
1199,penalty_second,disapprove
1200,penalty_second,disapprove
1201,penalty_second,disapprove
1202,penalty_second,disapprove
1203,penalty_second,disapprove
1204,penalty_second,disapprove
1205,penalty_second,disapprove
1206,penalty_second,disapprove
1207,penalty_second,disapprove
1208,penalty_second,disapprove
1209,penalty_second,disapprove
1210,penalty_second,disapprove
1211,penalty_second,disapprove
1212,penalty_second,disapprove
1213,penalty_second,disapprove
1214,penalty_second,disapprove
1215,penalty_second,disapprove
1216,penalty_second,disapprove
1217,penalty_second,disapprove
1218,penalty_second,disapprove
1219,penalty_second,disapprove
1220,penalty_second,disapprove
1221,penalty_second,disapprove
1222,penalty_second,disapprove
1223,penalty_second,disapprove
1224,penalty_second,disapprove
1225,penalty_second,disapprove
1226,penalty_second,disapprove
1227,penalty_second,disapprove
1228,penalty_second,disapprove
1229,penalty_second,disapprove
1230,penalty_second,disapprove
1231,penalty_second,disapprove
1232,penalty_second,disapprove
1233,penalty_second,disapprove
1234,penalty_second,disapprove
1235,penalty_second,disapprove
1236,penalty_second,disapprove
1237,penalty_second,disapprove
1238,penalty_second,disapprove
1239,penalty_second,disapprove
1240,penalty_second,disapprove
1241,penalty_second,disapprove
1242,penalty_second,disapprove
1243,penalty_second,disapprove
1244,penalty_second,disapprove
1245,penalty_second,disapprove
1246,penalty_second,disapprove
1247,penalty_second,disapprove
1248,penalty_second,disapprove
1249,penalty_second,disapprove
1250,penalty_second,disapprove
1251,penalty_second,disapprove
1252,penalty_second,disapprove
1253,penalty_second,disapprove
1254,penalty_second,disapprove
1255,penalty_second,disapprove
1256,penalty_second,disapprove
1257,penalty_second,disapprove
1258,penalty_second,disapprove
1259,penalty_second,disapprove
1260,penalty_second,disapprove
1261,penalty_second,disapprove
1262,penalty_second,disapprove
1263,penalty_second,disapprove
1264,penalty_second,disapprove
1265,penalty_second,disapprove
1266,penalty_second,disapprove
1267,penalty_second,disapprove
1268,penalty_second,disapprove
1269,penalty_second,disapprove
1270,penalty_second,disapprove
1271,penalty_second,disapprove
1272,penalty_second,disapprove
1273,penalty_second,disapprove
1274,penalty_second,disapprove
1275,penalty_second,disapprove
1276,penalty_second,disapprove
1277,penalty_second,disapprove
1278,penalty_second,disapprove
1279,penalty_second,disapprove
1280,penalty_second,disapprove
1281,penalty_second,disapprove
1282,penalty_second,disapprove
1283,penalty_second,disapprove
1284,penalty_second,disapprove
1285,penalty_second,disapprove
1286,penalty_second,disapprove
1287,penalty_second,disapprove
1288,penalty_second,disapprove
1289,penalty_second,disapprove
1290,penalty_second,disapprove
1291,penalty_second,disapprove
1292,penalty_second,disapprove
1293,penalty_second,disapprove
1294,penalty_second,disapprove
1295,penalty_second,disapprove
1296,penalty_second,disapprove
1297,penalty_second,disapprove
1298,penalty_second,disapprove
1299,penalty_second,disapprove
1300,penalty_second,disapprove
1301,penalty_second,disapprove
1302,penalty_second,disapprove
1303,penalty_second,disapprove
1304,penalty_second,disapprove
1305,penalty_second,disapprove
1306,penalty_second,disapprove
1307,penalty_second,disapprove
1308,penalty_second,disapprove
1309,penalty_second,disapprove
1310,penalty_second,disapprove
1311,penalty_second,disapprove
1312,penalty_second,disapprove
1313,penalty_second,disapprove
1314,penalty_second,disapprove
1315,penalty_second,disapprove
1316,penalty_second,disapprove
1317,penalty_second,disapprove
1318,penalty_second,disapprove
1319,penalty_second,disapprove
1320,penalty_second,disapprove
1321,penalty_second,disapprove
1322,penalty_second,disapprove
1323,penalty_second,disapprove
1324,penalty_second,disapprove
1325,penalty_second,disapprove
1326,penalty_second,disapprove
1327,penalty_second,disapprove
1328,penalty_second,disapprove
1329,penalty_second,disapprove
1330,penalty_second,disapprove
1331,penalty_second,disapprove
1332,penalty_second,disapprove
1333,penalty_second,disapprove
1334,penalty_second,disapprove
1335,penalty_second,disapprove
1336,penalty_second,disapprove
1337,penalty_second,disapprove
1338,penalty_second,disapprove
1339,penalty_second,disapprove
1340,penalty_second,disapprove
1341,penalty_second,disapprove
1342,penalty_second,disapprove
1343,penalty_second,disapprove
1344,penalty_second,disapprove
1345,penalty_second,disapprove
1346,penalty_second,disapprove
1347,penalty_second,disapprove
1348,penalty_second,disapprove
1349,penalty_second,disapprove
1350,penalty_second,disapprove
1351,penalty_second,disapprove
1352,penalty_second,disapprove
1353,penalty_second,disapprove
1354,penalty_second,disapprove
1355,penalty_second,disapprove
1356,penalty_second,disapprove
1357,penalty_second,disapprove
1358,penalty_second,disapprove
1359,penalty_second,disapprove
1360,penalty_second,disapprove
1361,penalty_second,disapprove
1362,penalty_second,disapprove
1363,penalty_second,disapprove
1364,penalty_second,disapprove
1365,penalty_second,disapprove
1366,penalty_second,disapprove
1367,penalty_second,disapprove
1368,penalty_second,disapprove
1369,penalty_second,disapprove
1370,penalty_second,disapprove
1371,penalty_second,disapprove
1372,penalty_second,disapprove
1373,penalty_second,disapprove
1374,penalty_second,disapprove
1375,penalty_second,disapprove
1376,penalty_second,disapprove
1377,penalty_second,disapprove
1378,penalty_second,disapprove
1379,penalty_second,disapprove
1380,penalty_second,disapprove
1381,penalty_second,disapprove
1382,penalty_second,disapprove
1383,penalty_second,disapprove
1384,penalty_second,disapprove
1385,penalty_second,disapprove
1386,penalty_second,disapprove
1387,penalty_second,disapprove
1388,penalty_second,disapprove
1389,penalty_second,disapprove
1390,penalty_second,disapprove
1391,penalty_second,disapprove
1392,penalty_second,disapprove
1393,penalty_second,disapprove
1394,penalty_second,disapprove
1395,penalty_second,disapprove
1396,penalty_second,disapprove
1397,penalty_second,disapprove
1398,penalty_second,disapprove
1399,penalty_second,disapprove
1400,penalty_second,disapprove
1401,penalty_second,disapprove
1402,penalty_second,disapprove
1403,penalty_second,disapprove
1404,penalty_second,disapprove
1405,penalty_second,disapprove
1406,penalty_second,disapprove
1407,penalty_second,disapprove
1408,penalty_second,disapprove
1409,penalty_second,disapprove
1410,penalty_second,disapprove
1411,penalty_second,disapprove
1412,penalty_second,disapprove
1413,penalty_second,disapprove
1414,penalty_second,disapprove
1415,penalty_second,disapprove
1416,penalty_second,disapprove
1417,penalty_second,disapprove
1418,penalty_second,disapprove
1419,penalty_second,disapprove
1420,penalty_second,disapprove
1421,penalty_second,disapprove
1422,penalty_second,disapprove
1423,penalty_second,disapprove
1424,penalty_second,disapprove
1425,penalty_second,disapprove
1426,penalty_second,disapprove
1427,penalty_second,disapprove
1428,penalty_second,disapprove
1429,penalty_second,disapprove
1430,penalty_second,disapprove
1431,penalty_second,disapprove
1432,penalty_second,disapprove
1433,penalty_second,disapprove
1434,penalty_second,disapprove
1435,penalty_second,disapprove
1436,penalty_second,disapprove
1437,penalty_second,disapprove
1438,penalty_second,disapprove
1439,penalty_second,disapprove
1440,penalty_second,disapprove
1441,penalty_second,disapprove
1442,penalty_second,disapprove
1443,penalty_second,disapprove
1444,penalty_second,disapprove
1445,penalty_second,disapprove
1446,penalty_second,disapprove
1447,penalty_second,disapprove
1448,penalty_second,disapprove
1449,penalty_second,disapprove
1450,penalty_second,disapprove
1451,penalty_second,disapprove
1452,penalty_second,disapprove
1453,penalty_second,disapprove
1454,penalty_second,disapprove
1455,penalty_second,disapprove
1456,penalty_second,disapprove
1457,penalty_second,disapprove
1458,penalty_second,disapprove
1459,penalty_second,disapprove
1460,penalty_second,disapprove
1461,penalty_second,disapprove
1462,penalty_second,disapprove
1463,penalty_second,disapprove
1464,penalty_second,disapprove
1465,penalty_second,disapprove
1466,penalty_second,disapprove
1467,penalty_second,disapprove
1468,penalty_second,disapprove
1469,penalty_second,disapprove
1470,penalty_second,disapprove
1471,penalty_second,disapprove
1472,penalty_second,disapprove
1473,penalty_second,disapprove
1474,penalty_second,disapprove
1475,penalty_second,disapprove
1476,penalty_second,disapprove
1477,penalty_second,disapprove
1478,penalty_second,disapprove
1479,penalty_second,disapprove
1480,penalty_second,disapprove
1481,penalty_second,disapprove
1482,penalty_second,other
1483,penalty_second,other
1484,penalty_second,other
1485,penalty_second,other
1486,penalty_second,other
1487,penalty_second,other
1488,penalty_second,other
1489,penalty_second,other
1490,penalty_second,other
1491,penalty_second,other
1492,penalty_second,other
1493,penalty_second,other
1494,penalty_second,other
1495,penalty_second,other
1496,penalty_second,other
1497,penalty_second,other
1498,penalty_second,other
1499,penalty_second,other
1500,penalty_second,other
1501,penalty_second,other
1502,penalty_second,other
1503,penalty_second,other
