rownames,class,gender,outcome
1,high,male,no_interview
2,high,female,no_interview
3,low,male,no_interview
4,low,female,no_interview
5,high,male,no_interview
6,low,female,no_interview
7,low,female,no_interview
8,low,male,no_interview
9,low,male,no_interview
10,low,female,interview
11,high,male,no_interview
12,high,male,no_interview
13,low,male,no_interview
14,high,female,no_interview
15,low,male,no_interview
16,high,female,no_interview
17,low,male,no_interview
18,low,female,no_interview
19,high,female,no_interview
20,low,male,no_interview
21,low,female,no_interview
22,low,female,no_interview
23,low,male,no_interview
24,high,male,no_interview
25,high,male,no_interview
26,high,female,no_interview
27,high,male,interview
28,high,female,no_interview
29,low,female,no_interview
30,high,female,no_interview
31,high,female,no_interview
32,low,male,no_interview
33,high,female,no_interview
34,high,male,no_interview
35,low,male,no_interview
36,low,male,no_interview
37,low,male,no_interview
38,high,male,no_interview
39,low,male,no_interview
40,low,female,no_interview
41,low,male,no_interview
42,low,male,no_interview
43,low,male,no_interview
44,high,female,no_interview
45,high,female,no_interview
46,low,male,no_interview
47,high,male,interview
48,high,female,no_interview
49,low,male,no_interview
50,low,male,no_interview
51,high,female,no_interview
52,low,male,no_interview
53,high,female,no_interview
54,high,male,no_interview
55,low,female,no_interview
56,high,male,no_interview
57,high,male,no_interview
58,high,female,no_interview
59,low,female,no_interview
60,high,female,no_interview
61,low,female,no_interview
62,high,male,no_interview
63,low,female,no_interview
64,high,male,no_interview
65,high,female,no_interview
66,low,female,no_interview
67,high,female,no_interview
68,low,male,no_interview
69,low,female,interview
70,low,male,no_interview
71,low,female,no_interview
72,low,male,no_interview
73,low,female,no_interview
74,high,male,no_interview
75,low,female,no_interview
76,low,female,no_interview
77,low,male,no_interview
78,high,female,no_interview
79,low,male,no_interview
80,low,male,no_interview
81,high,female,no_interview
82,low,male,no_interview
83,low,male,no_interview
84,high,male,no_interview
85,low,male,no_interview
86,high,male,no_interview
87,high,female,no_interview
88,high,male,no_interview
89,high,male,no_interview
90,high,male,no_interview
91,high,male,no_interview
92,high,female,interview
93,high,female,no_interview
94,low,male,no_interview
95,low,male,no_interview
96,low,male,no_interview
97,high,female,no_interview
98,high,female,no_interview
99,low,male,no_interview
100,high,female,no_interview
101,high,female,no_interview
102,low,female,no_interview
103,high,male,no_interview
104,low,male,no_interview
105,low,female,no_interview
106,high,male,no_interview
107,low,female,no_interview
108,high,female,no_interview
109,low,male,no_interview
110,high,female,no_interview
111,low,female,no_interview
112,low,female,no_interview
113,high,male,no_interview
114,high,male,no_interview
115,high,male,no_interview
116,high,male,interview
117,low,male,no_interview
118,low,female,no_interview
119,high,male,no_interview
120,high,female,no_interview
121,low,male,no_interview
122,high,female,no_interview
123,low,female,no_interview
124,high,male,no_interview
125,low,female,no_interview
126,high,male,no_interview
127,low,female,no_interview
128,high,male,no_interview
129,high,male,no_interview
130,high,female,no_interview
131,high,female,no_interview
132,high,female,interview
133,low,female,no_interview
134,low,female,no_interview
135,low,male,no_interview
136,high,female,no_interview
137,low,male,no_interview
138,high,female,no_interview
139,low,male,no_interview
140,low,male,no_interview
141,high,female,no_interview
142,high,female,no_interview
143,high,male,no_interview
144,low,male,no_interview
145,high,female,no_interview
146,high,male,no_interview
147,low,female,no_interview
148,low,female,no_interview
149,low,female,interview
150,low,female,no_interview
151,low,male,no_interview
152,high,female,no_interview
153,low,female,no_interview
154,high,male,no_interview
155,low,female,no_interview
156,low,male,no_interview
157,low,female,no_interview
158,high,male,interview
159,high,male,no_interview
160,low,male,no_interview
161,low,male,no_interview
162,high,female,no_interview
163,high,male,no_interview
164,low,female,no_interview
165,high,female,no_interview
166,low,female,no_interview
167,high,male,interview
168,high,male,no_interview
169,high,female,no_interview
170,high,female,no_interview
171,high,female,no_interview
172,high,female,no_interview
173,low,male,no_interview
174,low,male,no_interview
175,low,male,no_interview
176,low,male,no_interview
177,high,female,no_interview
178,high,female,no_interview
179,low,female,no_interview
180,low,male,no_interview
181,low,male,no_interview
182,low,female,no_interview
183,high,female,no_interview
184,high,male,no_interview
185,low,male,no_interview
186,high,male,no_interview
187,high,female,no_interview
188,low,female,no_interview
189,low,female,no_interview
190,high,male,no_interview
191,low,male,no_interview
192,high,male,no_interview
193,high,male,interview
194,high,female,no_interview
195,high,male,no_interview
196,high,male,no_interview
197,low,male,no_interview
198,low,female,no_interview
199,high,male,no_interview
200,low,female,no_interview
201,high,male,no_interview
202,low,male,no_interview
203,high,male,no_interview
204,low,female,no_interview
205,low,male,no_interview
206,low,female,no_interview
207,high,male,no_interview
208,low,female,no_interview
209,low,male,no_interview
210,high,male,no_interview
211,high,female,no_interview
212,high,male,interview
213,high,male,no_interview
214,low,male,no_interview
215,low,female,no_interview
216,low,female,no_interview
217,low,female,no_interview
218,low,male,no_interview
219,low,female,no_interview
220,low,female,no_interview
221,high,female,no_interview
222,high,female,interview
223,low,female,no_interview
224,high,male,no_interview
225,high,male,no_interview
226,low,female,no_interview
227,high,male,no_interview
228,high,male,interview
229,low,female,no_interview
230,low,female,no_interview
231,high,female,no_interview
232,high,female,no_interview
233,high,female,no_interview
234,low,female,no_interview
235,low,male,no_interview
236,high,female,no_interview
237,high,male,no_interview
238,high,female,no_interview
239,high,female,no_interview
240,low,male,no_interview
241,low,male,no_interview
242,low,female,no_interview
243,high,male,no_interview
244,low,female,no_interview
245,low,female,no_interview
246,low,male,no_interview
247,low,male,no_interview
248,low,female,no_interview
249,high,female,no_interview
250,low,female,no_interview
251,high,male,no_interview
252,high,male,no_interview
253,low,female,no_interview
254,high,male,no_interview
255,high,female,no_interview
256,low,male,no_interview
257,high,male,no_interview
258,low,female,no_interview
259,low,female,interview
260,low,male,no_interview
261,low,female,no_interview
262,low,male,no_interview
263,high,female,no_interview
264,low,male,no_interview
265,low,male,no_interview
266,high,male,interview
267,low,female,no_interview
268,high,male,no_interview
269,high,female,no_interview
270,high,male,interview
271,low,male,no_interview
272,low,male,no_interview
273,low,male,interview
274,high,female,no_interview
275,high,female,no_interview
276,low,female,no_interview
277,low,male,no_interview
278,high,male,no_interview
279,low,female,no_interview
280,high,male,no_interview
281,high,male,interview
282,low,male,no_interview
283,high,female,no_interview
284,low,female,no_interview
285,high,male,no_interview
286,high,female,no_interview
287,high,female,no_interview
288,high,female,no_interview
289,high,female,no_interview
290,high,male,interview
291,high,male,no_interview
292,high,female,no_interview
293,low,female,no_interview
294,low,female,no_interview
295,high,female,no_interview
296,high,male,no_interview
297,high,female,no_interview
298,high,male,no_interview
299,high,male,interview
300,high,male,no_interview
301,high,female,no_interview
302,low,female,interview
303,low,female,no_interview
304,high,female,no_interview
305,high,female,no_interview
306,low,female,no_interview
307,low,male,no_interview
308,high,male,no_interview
309,low,male,no_interview
310,low,male,no_interview
311,high,male,no_interview
312,high,female,no_interview
313,high,female,no_interview
314,low,female,no_interview
315,low,female,no_interview
316,low,female,no_interview
