rownames,forename,age,date,year,borough
1,Barrington Derrick,19,2006-01-02,2006,Hackney
2,Aaron,24,2006-01-02,2006,Lewisham
3,Christopher,22,2006-01-03,2006,Hillingdon
4,Thomas Philip,18,2006-01-04,2006,Camden
5,Amanda,26,2006-01-04,2006,Camden
6,Siva-Kumar,44,2006-01-05,2006,Brent
7,Doreen,39,2006-01-08,2006,Croydon
8,Matthew Roy,21,2006-01-09,2006,Lambeth
9,Joan,78,2006-01-09,2006,Enfield
10,Monsur,27,2006-01-11,2006,Hackney
11,Balbir,54,2006-01-12,2006,Newham
12,Thomas Mervin,31,2006-01-13,2006,Brent
13,Leon,26,2006-01-15,2006,Kensington & Chelsea
14,Christopher,17,2006-01-20,2006,Barking & Dagenham
15,Makhan,25,2006-01-22,2006,Hounslow
16,Pamela June,70,2006-01-28,2006,Hillingdon
17,Mahir,18,2006-01-29,2006,Camden
18,Avni,36,2006-01-29,2006,Newham
19,Thomas,42,2006-02-02,2006,Lambeth
20,Roy Kenneth,62,2006-02-04,2006,Hounslow
21,Michael,21,2006-02-04,2006,Enfield
22,Mehar Singh,68,2006-02-04,2006,Newham
23,Norman,29,2006-02-17,2006,Croydon
24,Henry Kwame,22,2006-02-18,2006,Hackney
25,Barry Michael,39,2006-02-19,2006,Bromley
26,Matthew,22,2006-02-19,2006,Merton
27,Violet Elizabeth,100,2006-02-20,2006,Newham
28,Lesley,52,2006-02-21,2006,Wandsworth
29,Alexandre Madeira,61,2006-02-22,2006,Westminster
30,Ernest,67,2006-02-26,2006,Bexley
31,Colleen,36,2006-02-26,2006,Hillingdon
32,Michael Francis,53,2006-02-27,2006,Lambeth
33,Banaz,20,2006-02-28,2006,Merton
34,Ragbir,30,2006-03-04,2006,Greenwich
35,Kevin,35,2006-03-07,2006,Greenwich
36,Jordan,20,2006-03-08,2006,Croydon
37,Lalya,21,2006-03-08,2006,Croydon
38,Martin,44,2006-03-09,2006,Waltham Forest
39,Mohammed,21,2006-03-11,2006,Westminster
40,Inderpal,31,2006-03-16,2006,Newham
41,Maria,71,2006-03-16,2006,Camden
42,Mayaran Jaffma,22,2006-03-17,2006,Ealing
43,Leon Darryl,23,2006-03-24,2006,Hackney
44,Harvey,1,2006-03-27,2006,Havering
45,John Michael,29,2006-04-01,2006,Bromley
46,Russell John,42,2006-04-01,2006,Barking & Dagenham
47,unnamed,1,2006-04-03,2006,Enfield
48,Michael Hugh,40,2006-04-05,2006,Southwark
49,Cheryl Irene,33,2006-04-06,2006,Havering
50,Mohinder Kaur,70,2006-04-07,2006,Newham
51,Andrew,26,2006-04-08,2006,Lewisham
52,Coline,38,2006-04-13,2006,Barnet
53,Jaden Chimaobi,1,2006-04-13,2006,Barking & Dagenham
54,Roselyn,72,2006-04-13,2006,Barking & Dagenham
55,Jeriel Okechukwu,3,2006-04-13,2006,Barking & Dagenham
56,Fabian,18,2006-04-19,2006,Wandsworth
57,Hayder,23,2006-04-23,2006,Wandsworth
58,Mohammed,24,2006-04-23,2006,Wandsworth
59,Peter,37,2006-04-24,2006,Hackney
60,Simon Carlo,39,2006-04-24,2006,Lambeth
61,Hodan,25,2006-04-25,2006,Islington
62,Deivinas,13,2006-04-26,2006,Newham
63,Khizar,54,2006-04-27,2006,Lambeth
64,Patrick O' ,51,2006-05-02,2006,Kingston
65,Aqibullah,25,2006-05-02,2006,Hounslow
66,RockyMark,24,2006-05-03,2006,Havering
67,Hamidullah,31,2006-05-04,2006,Lambeth
68,Johnny,30,2006-05-05,2006,Wandsworth
69,Raymond John,55,2006-05-07,2006,Lambeth
70,Jack,64,2006-05-08,2006,Ealing
71,Kevin Patrick,35,2006-05-08,2006,Hillingdon
72,David Benjamin,29,2006-05-09,2006,Bromley
73,Paul,28,2006-05-12,2006,Lambeth
74,Nisha,29,2006-05-12,2006,Brent
75,Kiyan,15,2006-05-18,2006,Barnet
76,Harminder,23,2006-05-19,2006,Ealing
77,Selmore,49,2006-05-19,2006,Hammersmith & Fulham
78,TracyAnn,39,2006-06-01,2006,Croydon
79,Harnak,34,2006-06-05,2006,Ealing
80,Alex Mulumba,15,2006-06-09,2006,Lambeth
81,Malcolm,43,2006-06-10,2006,Barking & Dagenham
82,GarySteven,39,2006-06-10,2006,Waltham Forest
83,Allan,86,2006-06-22,2006,Camden
84,John Cooper,60,2006-06-23,2006,Croydon
85,Timothy,49,2006-06-23,2006,Camden
86,Stephen,51,2006-06-28,2006,Islington
87,linda,3,2006-07-01,2006,Haringey
88,Nicholas Adam,27,2006-07-01,2006,Ealing
89,Lee,81,2006-07-06,2006,Camden
90,Dean,29,2006-07-12,2006,Southwark
91,Julian,16,2006-07-15,2006,Bexley
92,Akim Akin Jidie,24,2006-07-16,2006,Enfield
93,Egeli,27,2006-07-17,2006,Merton
94,Julian,53,2006-07-17,2006,Wandsworth
95,Jason Alwyn Freddric,29,2006-07-18,2006,Brent
96,Daniel,29,2006-07-23,2006,Barnet
97,Kashmir,54,2006-07-24,2006,Croydon
98,Simon,20,2006-07-25,2006,Waltham Forest
99,Remi,69,2006-07-25,2006,Lewisham
100,David,46,2006-07-26,2006,Havering
101,Luke,33,2006-07-27,2006,Richmond
102,Josenir,32,2006-07-29,2006,Haringey
103,Rajdeep,24,2006-08-09,2006,Harrow
104,Sherif,18,2006-08-12,2006,Islington
105,Peter,38,2006-08-13,2006,Newham
106,Sede,24,2006-08-15,2006,Westminster
107,Thanh,43,2006-08-18,2006,Hackney
108,Peter,22,2006-08-22,2006,Newham
109,Jonathan Mclean,25,2006-08-23,2006,Southwark
110,MarkFrancis,38,2006-08-23,2006,Lambeth
111,Mark,36,2006-08-31,2006,Hillingdon
112,I an,34,2006-08-31,2006,Westminster
113,Thomas George,16,2006-09-01,2006,Newham
114,Hassan,44,2006-09-01,2006,Hackney
115,Sivaprakash,33,2006-09-01,2006,Brent
116,Carmelite,51,2006-09-06,2006,Lambeth
117,Tahla,1,2006-09-06,2006,Ealing
118,Mohamed Said,46,2006-09-06,2006,Waltham Forest
119,GaryMark,43,2006-09-09,2006,Newham
120,Patrick,30,2006-09-10,2006,Camden
121,Duncan Charles,52,2006-09-12,2006,Greenwich
122,Joseph Robert,39,2006-09-13,2006,Islington
123,Wendy,32,2006-09-14,2006,Ealing
124,Lucy Thomasin,25,2006-09-15,2006,Harrow
125,Delius,36,2006-09-15,2006,Newham
126,tomlouis,22,2006-09-16,2006,Islington
127,Jason,29,2006-09-18,2006,Lewisham
128,Vulstan,20,2006-09-23,2006,Islington
129,Daniel,22,2006-09-24,2006,Camden
130,Gurinder,24,2006-09-24,2006,Hounslow
131,Stuart Christopher,45,2006-09-30,2006,Wandsworth
132,Eddie,51,2006-10-02,2006,Kensington & Chelsea
133,Steven,40,2006-10-02,2006,Hackney
134,Jan,29,2006-10-06,2006,Merton
135,Sumon,21,2006-10-09,2006,Waltham Forest
136,Brian Paul,46,2006-10-11,2006,Camden
137,Paul,19,2006-10-12,2006,Barking & Dagenham
138,Alison Marie,33,2006-10-12,2006,Hounslow
139,Ronald,45,2006-10-13,2006,Hillingdon
140,David,22,2006-10-14,2006,Brent
141,Prel,22,2006-10-14,2006,Ealing
142,Thi Hoa,54,2006-10-19,2006,Greenwich
143,Brian,30,2006-10-19,2006,Havering
144,Michael,19,2006-10-21,2006,Newham
145,Anton,24,2006-10-23,2006,Lambeth
146,Jerome,19,2006-10-28,2006,Haringey
147,Stephen,53,2006-10-28,2006,Newham
148,Jamal,19,2006-11-01,2006,Southwark
149,Eugene,16,2006-11-06,2006,Merton
150,Kam Fun,65,2006-11-06,2006,Hillingdon
151,Gerald Michael,53,2006-11-12,2006,Camden
152,Aivar,45,2006-11-12,2006,Barking & Dagenham
153,Ian,19,2006-11-12,2006,Barnet
154,Arian,22,2006-11-18,2006,Hackney
155,Darren,20,2006-11-20,2006,Hackney
156,Paul,41,2006-11-23,2006,Merton
157,Suryakant,60,2006-11-24,2006,Hillingdon
158,Emmanuel,19,2006-11-28,2006,Lewisham
159,Laila,55,2006-12-01,2006,Kingston
160,Sean,36,2006-12-04,2006,Sutton
161,Edwin,44,2006-12-05,2006,Lambeth
162,Miroslaw Aleksander,51,2006-12-06,2006,Southwark
163,Peter,44,2006-12-08,2006,Merton
164,Kishor,46,2006-12-10,2006,Haringey
165,Edward,25,2006-12-10,2006,Bexley
166,Jason,35,2006-12-11,2006,Lambeth
167,Isaac Kofi,25,2006-12-16,2006,Wandsworth
168,Cammille,21,2006-12-20,2006,Hackney
169,Pawel,27,2006-12-22,2006,Hammersmith & Fulham
170,Janelle,1,2006-12-24,2006,Sutton
171,Neo,1,2006-12-24,2006,Havering
172,Ferozur,83,2006-12-29,2006,Tower Hamlets
173,Stephen,17,2007-01-01,2007,Barking & Dagenham
174,Atiyebi Victor,25,2007-01-02,2007,Barking & Dagenham
175,Clive,44,2007-01-07,2007,Wandsworth
176,Dean Rashid,18,2007-01-09,2007,Haringey
177,Anika,5,2007-01-10,2007,Newham
178,Thanha,6,2007-01-10,2007,Newham
179,Juli,26,2007-01-10,2007,Newham
180,Catherine,28,2007-01-14,2007,Lambeth
181,Michael,29,2007-01-20,2007,Lambeth
182,Genina,50,2007-01-21,2007,Hackney
183,RobertWilliam,57,2007-01-25,2007,Barnet
184,Jevon,18,2007-01-25,2007,Westminster
185,Rakesh,34,2007-01-25,2007,Ealing
186,Paulo,29,2007-01-26,2007,Ealing
187,Kenice,3,2007-01-27,2007,Hackney
188,Anton,10,2007-01-27,2007,Hackney
189,Dean,37,2007-01-29,2007,Hounslow
190,Joseph,24,2007-01-31,2007,Haringey
191,Javarie,21,2007-02-03,2007,Southwark
192,James Andre,16,2007-02-04,2007,Lambeth
193,Len,47,2007-02-04,2007,Southwark
194,Michael,15,2007-02-06,2007,Southwark
195,William,15,2007-02-15,2007,Lambeth
196,Acioli Pariz,29,2007-02-15,2007,Westminster
197,Craig,30,2007-02-17,2007,Hackney
198,Tina Nicola,38,2007-02-18,2007,Bromley
199,Frederick,49,2007-02-19,2007,Islington
200,Margaret,29,2007-02-20,2007,Tower Hamlets
201,Mark,30,2007-02-27,2007,Hillingdon
202,Rizwan,25,2007-03-03,2007,Newham
203,Harsh,1,2007-03-04,2007,Wandsworth
204,Tyno,20,2007-03-06,2007,Hammersmith & Fulham
205,Charlie,31,2007-03-06,2007,Hillingdon
206,Kodjo,16,2007-03-15,2007,Hammersmith & Fulham
207,Adam,15,2007-03-18,2007,Newham
208,Susan,43,2007-03-29,2007,Greenwich
209,Jaspreet,25,2007-03-31,2007,Redbridge
210,Stephen O' ,54,2007-04-03,2007,Lambeth
211,George Arthur,67,2007-04-06,2007,Greenwich
212,Howard Uriah,47,2007-04-06,2007,Croydon
213,Krystal May,22,2007-04-07,2007,Wandsworth
214,Paul,14,2007-04-07,2007,Waltham Forest
215,Anhar,37,2007-04-10,2007,Newham
216,Dylan,1,2007-04-14,2007,Westminster
217,Nigel,54,2007-04-18,2007,Bromley
218,zingzing,23,2007-04-19,2007,Southwark
219,Adam,15,2007-04-23,2007,Enfield
220,Hylene,1,2007-04-26,2007,Redbridge
221,Janet,32,2007-04-27,2007,Newham
222,Alfred Christopher,25,2007-04-28,2007,Lambeth
223,Barry,27,2007-04-28,2007,Greenwich
224,Warren,23,2007-05-03,2007,Lewisham
225,Marcus James,29,2007-05-03,2007,Havering
226,Mary,1,2007-05-05,2007,Croydon
227,Mickael,5,2007-05-05,2007,Croydon
228,Mohammed Ali,41,2007-05-07,2007,Islington
229,Paul,25,2007-05-07,2007,Bromley
230,Dwaine,18,2007-05-19,2007,Croydon
231,TarsemLai,44,2007-05-20,2007,Hillingdon
232,Stephen,36,2007-05-23,2007,Ealing
233,Danielle,17,2007-05-28,2007,Enfield
234,Anas,1,2007-05-30,2007,Westminster
235,Mark,39,2007-06-01,2007,Havering
236,Rizwie Mohammed,28,2007-06-02,2007,Lambeth
237,Yanire,2,2007-06-03,2007,Lambeth
238,Micheal,67,2007-06-03,2007,Tower Hamlets
239,Ivars,25,2007-06-04,2007,Newham
240,Ahmed,56,2007-06-05,2007,Ealing
241,Carlos Andres,28,2007-06-06,2007,Lambeth
242,Reuben Rodriguez,30,2007-06-06,2007,Lambeth
243,Norman,59,2007-06-09,2007,Bromley
244,George,59,2007-06-10,2007,Newham
245,Ghiass,49,2007-06-12,2007,Barnet
246,James,44,2007-06-13,2007,Hackney
247,Pirabaskaran,28,2007-06-15,2007,Wandsworth
248,Orlando,28,2007-06-16,2007,Lambeth
249,Eduardo,50,2007-06-17,2007,Hammersmith & Fulham
250,Lee,30,2007-06-17,2007,Havering
251,Sian,18,2007-06-20,2007,Croydon
252,Ken,38,2007-06-20,2007,Lambeth
253,Elide,38,2007-06-21,2007,Haringey
254,Anika,19,2007-06-23,2007,Haringey
255,CarlosEduardo,23,2007-06-23,2007,Ealing
256,Mikey,23,2007-06-23,2007,Kingston
257,Ben,16,2007-06-24,2007,Bromley
258,Martin,14,2007-06-27,2007,Islington
259,Abu,18,2007-06-27,2007,Redbridge
260,Laurentiu,33,2007-06-28,2007,Camden
261,Natalie,22,2007-07-02,2007,Enfield
262,David Richard,33,2007-07-04,2007,Hillingdon
263,Duane,20,2007-07-05,2007,Enfield
264,Mindogas,21,2007-07-08,2007,Barking & Dagenham
265,Mai Choo,53,2007-07-09,2007,Enfield
266,Abdala,20,2007-07-15,2007,Greenwich
267,Kola,28,2007-07-15,2007,Lambeth
268,James,45,2007-07-23,2007,Hammersmith & Fulham
269,Abukah,16,2007-07-26,2007,Lambeth
270,Jackie,49,2007-07-26,2007,Lambeth
271,Xiong,33,2007-07-29,2007,Barking & Dagenham
272,Leon,23,2007-08-01,2007,Lambeth
273,Martin,33,2007-08-02,2007,Camden
274,Anthony,34,2007-08-04,2007,Waltham Forest
275,Patrick,34,2007-08-04,2007,Southwark
276,Nathan,18,2007-08-05,2007,Lambeth
277,Daraj,33,2007-08-05,2007,Redbridge
278,Evren,23,2007-08-05,2007,Lambeth
279,Jurij,29,2007-08-07,2007,Brent
280,Dilwar,28,2007-08-10,2007,Tower Hamlets
281,Peter,1,2007-08-10,2007,Haringey
282,Miriam,62,2007-08-11,2007,Camden
283,David,54,2007-08-13,2007,Enfield
284,Madidi,2,2007-08-14,2007,Barking & Dagenham
285,Stacey,23,2007-08-18,2007,Hammersmith & Fulham
286,Steven,23,2007-08-19,2007,Croydon
287,Stephen Raymond,45,2007-08-26,2007,Greenwich
288,Iris,78,2007-08-29,2007,Hounslow
289,Mohammed,17,2007-08-31,2007,Newham
290,RenzoYilmaz,1,2007-09-02,2007,Hackney
291,Muktar,20,2007-09-02,2007,Westminster
292,Julian,43,2007-09-03,2007,Lambeth
293,Nicholas,34,2007-09-03,2007,Greenwich
294,Yasin,22,2007-09-04,2007,Ealing
295,Martin,35,2007-09-07,2007,Hammersmith & Fulham
296,Moses,41,2007-09-08,2007,Southwark
297,Anthony,49,2007-09-11,2007,Greenwich
298,Liam,32,2007-09-12,2007,Lambeth
299,Donald,20,2007-09-13,2007,Waltham Forest
300,Gareth,30,2007-09-15,2007,Hounslow
301,Edvin,19,2007-09-17,2007,Southwark
302,Daniel,26,2007-09-19,2007,Ealing
303,Donald,51,2007-09-21,2007,Camden
304,Mojtabi,27,2007-09-24,2007,Lambeth
305,Joseph,1,2007-09-24,2007,Waltham Forest
306,Magda,26,2007-10-02,2007,Lewisham
307,Robel,21,2007-10-03,2007,Lambeth
308,Diane,47,2007-10-05,2007,Lewisham
309,Rizwan,17,2007-10-07,2007,Newham
310,Mahendran,48,2007-10-08,2007,Brent
311,Xiao Mai,28,2007-10-10,2007,Southwark
312,Mark,44,2007-10-12,2007,Bexley
313,Bonnie,24,2007-10-12,2007,Southwark
314,Philip,18,2007-10-15,2007,Greenwich
315,Gary,35,2007-10-24,2007,Lambeth
316,Sean,1,2007-10-29,2007,Barnet
317,Eliatamby,60,2007-11-03,2007,Haringey
318,Betty,84,2007-11-04,2007,Lewisham
319,Kelvin,37,2007-11-09,2007,Haringey
320,Leigh,33,2007-11-10,2007,Havering
321,Etem,17,2007-11-15,2007,Hackney
322,Margaret,80,2007-11-16,2007,Bromley
323,Bienda,17,2007-11-17,2007,Newham
324,Charles,55,2007-11-23,2007,Westminster
325,Kayiode,40,2007-11-23,2007,Croydon
326,Ewa,39,2007-11-26,2007,Newham
327,Michael,57,2007-11-29,2007,Sutton
328,Stanley Edward John,39,2007-11-30,2007,Sutton
329,Jenya,22,2007-12-02,2007,Bromley
330,Brendan,48,2007-12-03,2007,Southwark
331,Billy,21,2007-12-08,2007,Croydon
332,David,16,2007-12-16,2007,Hackney
333,Kazi MuhammadMahbab,27,2007-12-19,2007,Redbridge
334,Dipo,20,2007-12-27,2007,Southwark
335,Nassirudeen,16,2007-12-27,2007,Islington
336,Henry,18,2008-01-03,2008,Enfield
337,Yvonne,44,2008-01-06,2008,Lambeth
338,Faridon,18,2008-01-07,2008,Bexley
339,Enrique Daniel,58,2008-01-08,2008,Brent
340,Khalil,25,2008-01-13,2008,Lambeth
341,James Richard,36,2008-01-17,2008,Wandsworth
342,Louis,18,2008-01-21,2008,Enfield
343,James Anthony,51,2008-01-23,2008,Islington
344,Joseph,43,2008-01-23,2008,Barnet
345,Fuad,19,2008-01-26,2008,Ealing
346,David,40,2008-01-28,2008,Merton
347,Lakhdar,43,2008-02-07,2008,Camden
348,Kevin,27,2008-02-08,2008,Newham
349,Alexsejs,28,2008-02-11,2008,Hillingdon
350,Steven Robert,36,2008-02-18,2008,Wandsworth
351,Emma,33,2008-02-18,2008,Croydon
352,Sunday,15,2008-02-19,2008,Greenwich
353,Jill,62,2008-02-21,2008,Merton
354,Tung,17,2008-02-23,2008,Westminster
355,Lloyd,21,2008-02-26,2008,Merton
356,Ade,57,2008-02-28,2008,Newham
357,Elouise,26,2008-02-28,2008,Hounslow
358,Zuhib Said,23,2008-03-02,2008,Redbridge
359,lyke,16,2008-03-03,2008,Enfield
360,I an,43,2008-03-03,2008,Brent
361,Alan,66,2008-03-06,2008,Brent
362,Michael O' ,45,2008-03-09,2008,Hackney
363,Gabriel Gustavo,33,2008-03-12,2008,Lambeth
364,Michael,18,2008-03-14,2008,Enfield
365,Anthony,41,2008-03-14,2008,Islington
366,Nicholas,19,2008-03-15,2008,Lambeth
367,Martine,23,2008-03-16,2008,Westminster
368,Cergio,32,2008-03-20,2008,Hackney
369,Tames,45,2008-03-21,2008,Harrow
370,Jamie,33,2008-03-23,2008,Hackney
371,Amro,14,2008-03-27,2008,Westminster
372,Devoe,17,2008-03-27,2008,Hackney
373,Khalifs,68,2008-03-30,2008,Waltham Forest
374,Bohdan,40,2008-03-31,2008,Southwark
375,Bakari,24,2008-04-01,2008,Enfield
376,Arulanantham,66,2008-04-03,2008,Redbridge
377,Colin,37,2008-04-05,2008,Greenwich
378,WaveneyAugustin,70,2008-04-06,2008,Hackney
379,Harry,56,2008-04-15,2008,Merton
380,Leslie,51,2008-04-20,2008,Barking & Dagenham
381,Zhong Ping,36,2008-04-22,2008,Waltham Forest
382,Jams,26,2008-04-22,2008,Tower Hamlets
383,Graham Michael,41,2008-04-25,2008,Bexley
384,David,44,2008-04-27,2008,Brent
385,Bishal,23,2008-04-28,2008,Westminster
386,Wayne,25,2008-04-29,2008,Brent
387,Micheal,43,2008-05-02,2008,Brent
388,Timur,26,2008-05-02,2008,Haringey
389,Lyle,15,2008-05-03,2008,Southwark
390,Kemal,42,2008-05-03,2008,Haringey
391,Anthony,21,2008-05-07,2008,Southwark
392,Christina,69,2008-05-09,2008,Barnet
393,Jimmy,16,2008-05-10,2008,Lewisham
394,Steven,22,2008-05-14,2008,Westminster
395,Rosimeiri,19,2008-05-18,2008,Greenwich
396,Ron,62,2008-05-21,2008,Greenwich
397,Stephanie,34,2008-05-22,2008,Haringey
398,James,29,2008-05-24,2008,Barnet
399,Sharmaarke,17,2008-05-25,2008,Camden
400,Robert,18,2008-05-25,2008,Bexley
401,Nyaraui,34,2008-05-26,2008,Lambeth
402,Shajrania,4,2008-05-31,2008,Sutton
403,Shanjayan,5,2008-05-31,2008,Sutton
404,Janusz,36,2008-06-01,2008,Brent
405,Arsema,15,2008-06-02,2008,Lambeth
406,Samantha,36,2008-06-03,2008,Enfield
407,Thiyagarajan,40,2008-06-04,2008,Brent
408,Mohammed Yassini,1,2008-06-10,2008,Tower Hamlets
409,Kevin,57,2008-06-11,2008,Merton
410,Abi,39,2008-06-14,2008,Islington
411,David,14,2008-06-17,2008,Southwark
412,Rahmona,23,2008-06-20,2008,Islington
413,John,24,2008-06-28,2008,Lewisham
414,Ben,16,2008-06-29,2008,Islington
415,Laurent,23,2008-06-30,2008,Lewisham
416,Gabriel,23,2008-06-30,2008,Lewisham
417,Virginia,71,2008-06-30,2008,Havering
418,Hamouda,34,2008-07-01,2008,Southwark
419,Dee,28,2008-07-02,2008,Southwark
420,Shakilus Romia,16,2008-07-03,2008,Croydon
421,Ashley,23,2008-07-06,2008,Tower Hamlets
422,Dylan,21,2008-07-07,2008,Tower Hamlets
423,Genadijis,42,2008-07-10,2008,Haringey
424,Melvin Leon,18,2008-07-11,2008,Enfield
425,Yusefu,20,2008-07-11,2008,Waltham Forest
426,Adnan,21,2008-07-11,2008,Waltham Forest
427,Jusna,36,2008-07-17,2008,Newham
428,Frederick,18,2008-07-18,2008,Lambeth
429,Elliot,27,2008-07-19,2008,Islington
430,Sylwia,26,2008-07-22,2008,Hackney
431,Rafal,32,2008-07-23,2008,Westminster
432,Curtis Richard,36,2008-07-27,2008,Tower Hamlets
433,Simon,44,2008-07-27,2008,Lambeth
434,Khach,36,2008-07-30,2008,Hackney
435,Penelope,38,2008-07-31,2008,Islington
436,Gemma,24,2008-08-01,2008,Wandsworth
437,Carl,47,2008-08-02,2008,Newham
438,Andrew,43,2008-08-03,2008,Lambeth
439,DeannaLouise,39,2008-08-03,2008,Southwark
440,Ryan,18,2008-08-07,2008,Southwark
441,Kitts,60,2008-08-10,2008,Ealing
442,Khayrun,70,2008-08-13,2008,Tower Hamlets
443,Nilanthan,17,2008-08-16,2008,Croydon
444,Johnathan,36,2008-08-16,2008,Waltham Forest
445,Ezcekiel,24,2008-08-22,2008,Southwark
446,Charles,18,2008-08-24,2008,Waltham Forest
447,Julie Marie,38,2008-08-27,2008,Waltham Forest
448,Adrian Jair,32,2008-08-28,2008,Westminster
449,Shaquille,14,2008-08-31,2008,Hackney
450,Marilyn,49,2008-09-01,2008,Southwark
451,Michael Victor Georg,67,2008-09-11,2008,Sutton
452,Oliver,19,2008-09-13,2008,Croydon
453,David,54,2008-09-16,2008,Islington
454,Gloria,53,2008-09-16,2008,Southwark
455,Graham,51,2008-09-19,2008,Bromley
456,Gordon,22,2008-09-20,2008,Lambeth
457,Sehrish,23,2008-09-23,2008,Newham
458,Craig Steven,19,2008-09-26,2008,Ealing
459,Lee Anthony,22,2008-09-26,2008,Bromley
460,Chelsey,30,2008-10-02,2008,Hounslow
461,Merlita,53,2008-10-03,2008,Waltham Forest
462,Errol,24,2008-10-05,2008,Southwark
463,Robert Sheppard,27,2008-10-05,2008,Hounslow
464,Shireen,41,2008-10-05,2008,Ealing
465,Cima,27,2008-10-06,2008,Barnet
466,Ashley,20,2008-10-18,2008,Lambeth
467,Timothy John,39,2008-10-18,2008,Hillingdon
468,Tara,35,2008-10-21,2008,Greenwich
469,Charlie,1,2008-10-24,2008,Bexley
470,Luthan,34,2008-10-26,2008,Lambeth
471,Nathan,20,2008-11-05,2008,Wandsworth
472,Nabeer,19,2008-11-08,2008,Redbridge
473,Katherine,46,2008-11-14,2008,Enfield
474,David,28,2008-11-20,2008,Greenwich
475,Jason Joele,24,2008-11-22,2008,Ealing
476,Tuley,25,2008-11-26,2008,Redbridge
477,Ricardo,20,2008-11-27,2008,Croydon
478,Dilip,48,2008-11-27,2008,Brent
479,Tatiana,47,2008-11-27,2008,Lambeth
480,Christopher Paul,35,2008-11-28,2008,Islington
481,BarryRobert,44,2008-11-29,2008,Croydon
482,Steve,43,2008-11-30,2008,Hillingdon
483,Daniel,33,2008-12-03,2008,Lewisham
484,Andrew James,52,2008-12-10,2008,Wandsworth
485,Davion,26,2008-12-19,2008,Lambeth
486,Craig,20,2008-12-25,2008,Hammersmith & Fulham
487,Pwel,37,2008-12-25,2008,Enfield
488,David,39,2008-12-26,2008,Southwark
489,Terence,67,2008-12-27,2008,Tower Hamlets
490,Bobby,1,2008-12-29,2008,Bexley
491,Eveline,83,2009-01-02,2009,Hackney
492,Rose,61,2009-01-05,2009,Lambeth
493,Sher,61,2009-01-09,2009,Newham
494,Molly,81,2009-01-16,2009,Harrow
495,Syed Qamar,28,2009-01-16,2009,Tower Hamlets
496,Zydrunas,36,2009-01-24,2009,Enfield
497,Stephen,15,2009-01-25,2009,Newham
498,Bartosz,26,2009-01-25,2009,Brent
499,Tomasz,28,2009-01-27,2009,Lambeth
500,Lakhvinder,39,2009-01-29,2009,Hounslow
501,John Nii Kescu,26,2009-01-30,2009,Croydon
502,Reginald,26,2009-01-31,2009,Hackney
503,Shawn,25,2009-02-08,2009,Brent
504,Damion,29,2009-02-13,2009,Haringey
505,Varsha,43,2009-02-13,2009,Merton
506,Gary,46,2009-02-17,2009,Waltham Forest
507,Kul,19,2009-02-19,2009,Harrow
508,Michael,17,2009-02-20,2009,Newham
509,Joseph Stelmore,40,2009-02-21,2009,Lewisham
510,Larry,25,2009-02-22,2009,Southwark
511,Shannon,17,2009-02-22,2009,Tower Hamlets
512,Pauline,57,2009-02-22,2009,Tower Hamlets
513,Clifford,64,2009-02-24,2009,Waltham Forest
514,Kulvir,22,2009-02-28,2009,Hounslow
515,Rasool,20,2009-03-03,2009,Haringey
516,Gerald,54,2009-03-04,2009,Bromley
517,Joseph,35,2009-03-05,2009,Greenwich
518,Sunny,33,2009-03-05,2009,Greenwich
519,Atef,27,2009-03-06,2009,Westminster
520,David,53,2009-03-09,2009,Barking & Dagenham
521,Wahab Amins,18,2009-03-14,2009,Waltham Forest
522,Abdulkarim,18,2009-03-15,2009,Haringey
523,Chelsea,16,2009-03-18,2009,Bexley
524,Tom,17,2009-03-18,2009,Bexley
525,I an,45,2009-03-22,2009,Ealing
526,Gloria,48,2009-03-22,2009,Camden
527,Ahmet,50,2009-03-23,2009,Islington
528,Maureen,65,2009-03-24,2009,Sutton
529,Tina,45,2009-03-27,2009,Southwark
530,Paul,25,2009-03-29,2009,Greenwich
531,Camille,27,2009-04-04,2009,Tower Hamlets
532,Daniel,45,2009-04-14,2009,Barking & Dagenham
533,Jade Gavin,26,2009-04-21,2009,Newham
534,Joseph,84,2009-04-23,2009,Wandsworth
535,Alcan,20,2009-04-27,2009,Hackney
536,Christopher,16,2009-04-28,2009,Lambeth
537,Darcy,20,2009-05-01,2009,Wandsworth
538,Sanchez,20,2009-05-01,2009,Hillingdon
539,Paul,76,2009-05-03,2009,Wandsworth
540,Abdullah Barre,45,2009-05-05,2009,Greenwich
541,Adam,18,2009-05-07,2009,Lewisham
542,Darryl,39,2009-05-16,2009,Haringey
543,Wesley,27,2009-05-18,2009,Croydon
544,Ian,41,2009-05-18,2009,Lewisham
545,Jahmal,17,2009-05-23,2009,Hackney
546,Lascell,63,2009-05-27,2009,Haringey
547,Michelle,35,2009-05-30,2009,Waltham Forest
548,Garry,32,2009-05-30,2009,Brent
549,Anthony,28,2009-06-05,2009,Hammersmith & Fulham
550,Orville,48,2009-06-05,2009,Redbridge
551,Kayjah,1,2009-06-14,2009,Hackney
552,Gary,30,2009-06-15,2009,Lambeth
553,Wieslaw,46,2009-06-18,2009,Haringey
554,Ali,32,2009-06-21,2009,Hammersmith & Fulham
555,Maleha,15,2009-06-26,2009,Wandsworth
556,Nabiha,21,2009-06-26,2009,Wandsworth
557,Eric,60,2009-06-27,2009,Newham
558,Sandra,53,2009-07-08,2009,Enfield
559,Myung Chul,38,2009-07-08,2009,Kingston
560,Elif,42,2009-07-10,2009,Brent
561,David,20,2009-07-11,2009,Newham
562,Duncan,55,2009-07-15,2009,Islington
563,Ryan,36,2009-07-17,2009,Bromley
564,Edward,79,2009-07-18,2009,Greenwich
565,Jayden,1,2009-07-23,2009,Islington
566,Nadin,32,2009-07-25,2009,Westminster
567,Nathan,24,2009-07-28,2009,Lewisham
568,AnthonyDeniz Edwin,46,2009-07-28,2009,Croydon
569,Carl,19,2009-08-01,2009,Lambeth
570,David,28,2009-08-11,2009,Sutton
571,Daniel,27,2009-08-17,2009,Southwark
572,Tomas,21,2009-08-30,2009,Hillingdon
573,Gary,25,2009-08-31,2009,Southwark
574,Larry,24,2009-09-03,2009,Lambeth
575,Gary,40,2009-09-03,2009,Havering
576,Edward John,29,2009-09-06,2009,Hackney
577,Syed Shazad,23,2009-09-07,2009,Newham
578,Perseus,64,2009-09-08,2009,Lewisham
579,Andrew,47,2009-09-09,2009,Southwark
580,JuniorPerry,24,2009-09-11,2009,Southwark
581,Ekram,66,2009-09-11,2009,Wandsworth
582,Lisa,30,2009-09-16,2009,Greenwich
583,Sami,24,2009-09-21,2009,Tower Hamlets
584,I an,62,2009-09-26,2009,Westminster
585,Adam,39,2009-09-27,2009,Haringey
586,Charles Stuart,64,2009-09-27,2009,Bexley
587,Leah Gabrielle,37,2009-09-29,2009,Lewisham
588,Barry,61,2009-09-30,2009,Croydon
589,Elizabeth,60,2009-09-30,2009,Croydon
590,Oktay,23,2009-10-02,2009,Haringey
591,Cam,21,2009-10-06,2009,Hackney
592,George,60,2009-10-08,2009,Barnet
593,Olga,35,2009-10-19,2009,Harrow
594,Saranvanan,24,2009-10-20,2009,Croydon
595,Donald,60,2009-10-21,2009,Lambeth
596,Luciano,49,2009-10-21,2009,Lambeth
597,Ayodele,36,2009-10-22,2009,Lewisham
598,Moses,22,2009-10-31,2009,Bexley
599,Moses,36,2009-10-31,2009,Bromley
600,Paulius,25,2009-10-31,2009,Newham
601,Richard,23,2009-11-01,2009,Bromley
602,Ben,30,2009-11-01,2009,Sutton
603,Daniel,22,2009-11-03,2009,Southwark
604,Anthony,20,2009-11-06,2009,Brent
605,Destiny,29,2009-11-06,2009,Camden
606,Shenol,19,2009-11-09,2009,Harrow
607,Charles ArthurWilli,65,2009-11-16,2009,Tower Hamlets
608,Gaeta,28,2009-11-17,2009,Ealing
609,Natalie,27,2009-11-19,2009,Barking & Dagenham
610,Micheal,19,2009-11-20,2009,Hackney
611,Wilson,3,2009-11-23,2009,Southwark
612,Robert,58,2009-11-23,2009,Westminster
613,Muhammad Amirul,27,2009-11-29,2009,Tower Hamlets
614,Seamus,50,2009-12-10,2009,Ealing
615,Manji Harji,48,2009-12-10,2009,Brent
616,Phillip,62,2009-12-14,2009,Greenwich
617,David Charles George,23,2009-12-20,2009,Waltham Forest
618,Salum,18,2009-12-21,2009,Tower Hamlets
619,Julie,40,2009-12-31,2009,Haringey
620,Aysel,38,2009-12-31,2009,Enfield
621,Darren,34,2010-01-01,2010,Croydon
622,Maria,44,2010-01-01,2010,Barnet
623,Frazer,34,2010-01-01,2010,Hillingdon
624,Mahamud,21,2010-01-06,2010,Newham
625,Sukhwinder,31,2010-01-09,2010,Barking & Dagenham
626,Ugarajan,34,2010-01-13,2010,Harrow
627,Isschan,18,2010-01-14,2010,Tower Hamlets
628,Frank,63,2010-02-04,2010,Lewisham
629,Ajit,12,2010-02-10,2010,Barking & Dagenham
630,Mark,26,2010-02-15,2010,Croydon
631,Bandar,32,2010-02-17,2010,Westminster
632,Olukorede,17,2010-02-20,2010,Newham
633,Hannah,10,2010-02-24,2010,Tower Hamlets
634,Jessie Elouise,16,2010-03-05,2010,Islington
635,Maria Isabel Ferreir,37,2010-03-06,2010,Tower Hamlets
636,Kelvin Ruben,26,2010-03-08,2010,Waltham Forest
637,Abdel SalemHassan,51,2010-03-13,2010,Lewisham
638,Carmen,30,2010-03-13,2010,Redbridge
639,Mohammed Majid,62,2010-03-15,2010,Hammersmith & Fulham
640,Ibrahim,20,2010-03-19,2010,Tower Hamlets
641,Alvydas,32,2010-03-21,2010,Waltham Forest
642,Ezra,22,2010-03-22,2010,Lambeth
643,Don,72,2010-03-22,2010,Harrow
644,Gulistan,26,2010-03-23,2010,Hackney
645,Howarun,69,2010-03-25,2010,Tower Hamlets
646,Fathi,26,2010-03-26,2010,Camden
647,Godwin,17,2010-03-27,2010,Hackney
648,Aliza Ahmed,18,2010-04-04,2010,Newham
649,Tadas,22,2010-04-04,2010,Haringey
650,Dorothy,83,2010-04-05,2010,Enfield
651,Mark,21,2010-04-10,2010,Lambeth
652,Gurmall Singh,42,2010-04-10,2010,Ealing
653,Prodip,31,2010-04-10,2010,Tower Hamlets
654,Errol,37,2010-04-11,2010,Waltham Forest
655,Karimot Olatoun Agne,16,2010-04-14,2010,Hackney
656,I ndra,70,2010-04-14,2010,Croydon
657,Stephen,46,2010-04-14,2010,Haringey
658,Sam,20,2010-04-15,2010,Islington
659,Wesley,16,2010-04-18,2010,Croydon
660,Robert,46,2010-04-24,2010,Lambeth
661,Michael,52,2010-04-24,2010,Lewisham
662,Charlie,17,2010-04-26,2010,Greenwich
663,Geoffrey,90,2010-04-26,2010,Southwark
664,Daniel,43,2010-04-27,2010,Sutton
665,Nathan,21,2010-05-03,2010,Lewisham
666,Kenneth,77,2010-05-03,2010,Ealing
667,Robert,49,2010-05-04,2010,Sutton
668,Nicholas,16,2010-05-06,2010,Lewisham
669,Joseph,21,2010-05-07,2010,Haringey
670,Marcin,19,2010-05-09,2010,Islington
671,Irene,88,2010-05-15,2010,Greenwich
672,Joan Helen,84,2010-05-20,2010,Newham
673,Daniel Omari,22,2010-05-22,2010,Westminster
674,Patrick,36,2010-05-29,2010,Newham
675,Matthew,23,2010-05-30,2010,Lewisham
676,Eugene,27,2010-06-01,2010,Newham
677,Samuel Akinyemi,17,2010-06-02,2010,Southwark
678,Jaabe,28,2010-06-09,2010,Hammersmith & Fulham
679,Paul Royston,54,2010-06-11,2010,Brent
680,Czarina Laura,21,2010-06-17,2010,Lambeth
681,Uche Michael,49,2010-06-19,2010,Greenwich
682,Michael,35,2010-06-23,2010,Lewisham
683,Nazarine,58,2010-06-25,2010,Croydon
684,Zac,15,2010-07-02,2010,Lambeth
685,Donna Yvonne,50,2010-07-02,2010,Islington
686,Ailton,16,2010-07-04,2010,Newham
687,Wayne,39,2010-07-06,2010,Waltham Forest
688,Jack,1,2010-07-07,2010,Havering
689,Nezir,45,2010-07-08,2010,Barnet
690,Osman,58,2010-07-10,2010,Newham
691,Lennie,54,2010-07-18,2010,Lewisham
692,Peter,47,2010-07-21,2010,Brent
693,Grazyna,47,2010-07-21,2010,Hackney
694,Amanda,36,2010-07-23,2010,Ealing
695,Malcolm,43,2010-07-27,2010,Enfield
696,Sandra,44,2010-07-29,2010,Hounslow
697,Toni,24,2010-08-07,2010,Greenwich
698,Svetlana,40,2010-08-12,2010,Newham
699,Jaypee Sunnes,29,2010-08-13,2010,Brent
700,Antonina,70,2010-08-23,2010,Newham
701,Pat,41,2010-08-28,2010,Enfield
702,Norman,46,2010-09-05,2010,Lewisham
703,Ghada,55,2010-09-06,2010,Ealing
704,Rio,18,2010-09-07,2010,Southwark
705,Michael,67,2010-09-09,2010,Ealing
706,Beata Agnieszka,33,2010-09-09,2010,Barnet
707,Harbharjan,31,2010-09-10,2010,Redbridge
708,Ricardo,23,2010-09-12,2010,Lambeth
709,Imran,50,2010-09-16,2010,Barnet
710,Siariah,2,2010-09-18,2010,Southwark
711,Kevlin,26,2010-10-16,2010,Newham
712,Amanda,34,2010-10-16,2010,Brent
713,Carl,41,2010-10-17,2010,Barking & Dagenham
714,Ibrahim,54,2010-10-20,2010,Hammersmith & Fulham
715,Lee John,35,2010-10-22,2010,Harrow
716,John,50,2010-10-22,2010,Lambeth
717,Samuel,16,2010-10-23,2010,Newham
718,Marvin,17,2010-10-27,2010,Barnet
719,Maciej,27,2010-10-31,2010,Camden
720,Lucas Jimmy Ray,10,2010-11-01,2010,Harrow
721,Stephanie,12,2010-11-01,2010,Ealing
722,James,67,2010-11-04,2010,Harrow
723,Sellathurai,40,2010-11-07,2010,Newham
724,Lee,25,2010-11-09,2010,Islington
725,Weis,18,2010-11-09,2010,Barnet
726,Jayson,28,2010-11-10,2010,Islington
727,Leroy Anthony,43,2010-11-15,2010,Lambeth
728,Frell,38,2010-11-15,2010,Brent
729,Padurep,29,2010-11-27,2010,Barnet
730,Stephen,33,2010-11-28,2010,Hounslow
731,Sylvester,33,2010-11-29,2010,Waltham Forest
732,Joan,69,2010-12-03,2010,Wandsworth
733,Erik,22,2010-12-05,2010,Southwark
734,Steven,38,2010-12-08,2010,Hackney
735,Winifred,83,2010-12-10,2010,Sutton
736,Jacqueline,34,2010-12-11,2010,Barnet
737,Danny,24,2010-12-14,2010,Croydon
738,Marcan,38,2010-12-14,2010,Brent
739,Nusayba,4,2010-12-16,2010,Hackney
740,Mohammad,40,2010-12-19,2010,Haringey
741,Anthony Shino,33,2010-12-24,2010,Hillingdon
742,Kristy,15,2010-12-25,2010,Newham
743,Sylvester,17,2010-12-29,2010,Southwark
744,William,91,2010-12-29,2010,Haringey
745,Jitka,27,2011-01-02,2011,Barnet
746,Fiza,27,2011-01-04,2011,Waltham Forest
747,Paul,40,2011-01-05,2011,Hackney
748,Victor,67,2011-01-05,2011,Haringey
749,Fletcher,1,2011-01-06,2011,Havering
750,Kartikkumar,23,2011-01-07,2011,Greenwich
751,Lloyd,73,2011-01-16,2011,Enfield
752,Wing Juan,18,2011-01-19,2011,Haringey
753,Michael,27,2011-01-19,2011,Waltham Forest
754,Kasey,15,2011-01-21,2011,Haringey
755,Ezekiel,17,2011-01-24,2011,Waltham Forest
756,Daniel,18,2011-01-29,2011,Southwark
757,Igor,37,2011-01-31,2011,Newham
758,Keith,84,2011-01-31,2011,Haringey
759,Anthony John,36,2011-02-01,2011,Lambeth
760,Lorna,45,2011-02-03,2011,Lambeth
761,Kunalini,42,2011-02-04,2011,Lewisham
762,Siobhan,33,2011-02-08,2011,Bromley
763,Csaba,42,2011-02-09,2011,Lewisham
764,Ross,10,2011-02-13,2011,Southwark
765,Samuel,23,2011-02-13,2011,Bromley
766,Regina,8,2011-02-16,2011,Southwark
767,Pat,86,2011-02-22,2011,Lewisham
768,Albert,80,2011-02-26,2011,Redbridge
769,Gagandip,21,2011-02-27,2011,Greenwich
770,Solomon,34,2011-02-28,2011,Lambeth
771,Santharawathy,60,2011-03-01,2011,Lewisham
772,Michael,12,2011-03-04,2011,Camden
773,Ramluishaya,82,2011-03-07,2011,Tower Hamlets
774,Sunil,29,2011-03-08,2011,Tower Hamlets
775,Lee,60,2011-03-09,2011,Greenwich
776,Piotr,29,2011-03-12,2011,Hammersmith & Fulham
777,Louisa Jane,35,2011-03-14,2011,Sutton
778,WlodzimierzJanusz,59,2011-03-19,2011,Brent
779,Eileen,73,2011-03-23,2011,Tower Hamlets
780,Alan,63,2011-03-26,2011,Waltham Forest
781,Kelvin,22,2011-03-27,2011,Tower Hamlets
782,Winston,33,2011-04-01,2011,Waltham Forest
783,Kowshar,24,2011-04-02,2011,Tower Hamlets
784,Negus,15,2011-04-10,2011,Enfield
785,Isaiah,21,2011-04-14,2011,Lambeth
786,Devon,32,2011-04-17,2011,Lambeth
787,Joelle,1,2011-04-18,2011,Lambeth
788,Milad,23,2011-04-20,2011,Camden
789,Zandra,24,2011-04-20,2011,Haringey
790,Paulo,25,2011-04-25,2011,Enfield
791,Lucy,29,2011-04-26,2011,Tower Hamlets
792,Aden,21,2011-05-03,2011,Ealing
793,Wayne,42,2011-05-07,2011,Tower Hamlets
794,Randy,27,2011-05-10,2011,Hammersmith & Fulham
795,James William,79,2011-05-11,2011,Lewisham
796,Temidayo Fuwad,15,2011-05-11,2011,Lambeth
797,Badi,35,2011-05-12,2011,Camden
798,Harjit,24,2011-05-14,2011,Ealing
799,Aaron,24,2011-05-27,2011,Ealing
800,Aiper,43,2011-05-27,2011,Lambeth
801,Clarence Nil,23,2011-05-28,2011,Haringey
802,Sodiq,25,2011-06-01,2011,Lambeth
803,Nana Deltarko,18,2011-06-07,2011,Lambeth
804,Christopher,30,2011-06-07,2011,Hammersmith & Fulham
805,Michael,56,2011-06-08,2011,Southwark
806,Shaun,42,2011-06-16,2011,Lewisham
807,Sarwad,60,2011-06-20,2011,Barnet
808,Mahad,20,2011-06-22,2011,Wandsworth
809,Kenrick,36,2011-06-23,2011,Lambeth
810,Philomena,81,2011-06-25,2011,Islington
811,Andrew,30,2011-06-26,2011,Enfield
812,Andrew,21,2011-06-27,2011,Islington
813,Andrzej,28,2011-06-29,2011,Haringey
814,Carlton Leonard,41,2011-07-01,2011,Croydon
815,Yemurai Lovemore,16,2011-07-01,2011,Bexley
816,Genson,23,2011-07-05,2011,Greenwich
817,Anthony,41,2011-07-05,2011,Wandsworth
818,Mumtahinna,29,2011-07-05,2011,Newham
819,Umesh,41,2011-07-06,2011,Croydon
820,Carlos,27,2011-07-16,2011,Barnet
821,Jerry,22,2011-07-19,2011,Southwark
822,Vitalijs,38,2011-07-22,2011,Southwark
823,Eric,50,2011-08-04,2011,Brent
824,Daniel,20,2011-08-07,2011,Lambeth
825,Trevor,26,2011-08-09,2011,Croydon
826,Tibor,20,2011-08-10,2011,Hillingdon
827,Richard Mannington,68,2011-08-10,2011,Ealing
828,Thomas,17,2011-08-10,2011,Bromley
829,Abdullahi,31,2011-08-11,2011,Ealing
830,Alice,20,2011-08-12,2011,Hillingdon
831,Zbigniew,56,2011-08-12,2011,Barnet
832,Paul,35,2011-08-14,2011,Croydon
833,Kelvin Robert,17,2011-08-15,2011,Redbridge
834,Leroy,14,2011-08-18,2011,Enfield
835,Jonathan Anthony,20,2011-08-24,2011,Croydon
836,Steven,21,2011-08-31,2011,Enfield
837,Maymoun,39,2011-09-02,2011,Islington
838,Michael John,44,2011-09-06,2011,Brent
