rownames,year,potus,party,unemp,house_change
1,1899,William McKinley,Republican,11.62,-9.22330097087377
2,1903,Theodore Roosevelt,Republican,4.3,-4.27590673575129
3,1907,Theodore Roosevelt,Republican,3.29,-12.2914989657737
4,1911,William Howard Taft,Republican,5.86,-26.5906404283429
5,1915,Woodrow Wilson,Democrat,6.63,-20.9621993127148
6,1919,Woodrow Wilson,Democrat,3.38,-10.2803738317757
7,1923,Calvin Coolidge,Republican,6.93,-25.4966887417219
8,1927,Calvin Coolidge,Republican,4.02,-3.64372469635626
9,1931,Herbert Clark Hoover,Republican,8.94,-19.2592592592593
10,1935,Franklin Delano Roosevelt,Democrat,21.3,2.87539936102235
11,1939,Franklin Delano Roosevelt,Democrat,17.8,-21.5568862275449
12,1943,Franklin Delano Roosevelt,Democrat,4.7,-16.8539325842697
13,1947,Harry S. Truman,Democrat,3.9,-22.3140495867769
14,1951,Harry S. Truman,Democrat,5.3,-10.6463878326996
15,1955,Dwight David Eisenhower,Republican,5.5,-8.14479638009049
16,1959,Dwight David Eisenhower,Republican,6.8,-24.2289695686328
17,1963,Lyndon Baines Johnson,Democrat,5.5,-1.06813513395393
18,1967,Lyndon Baines Johnson,Democrat,3.8,-16.271186440678
19,1971,Richard Milhous Nixon,Republican,4.9,-6.25
20,1975,Gerald Rudolph Ford,Republican,5.6,-25
21,1979,Jimmy Carter,Democrat,6.1,-5.13698630136987
22,1983,Ronald Wilson Reagan,Republican,9.7,-13.5416666666667
23,1987,Ronald Wilson Reagan,Republican,7,-2.74725274725276
24,1991,George Herbert Walker Bush,Republican,5.6,-4.57142857142857
25,1995,Bill Clinton,Democrat,6.1,-20.9302325581395
26,1999,Bill Clinton,Democrat,4.5,2.42718446601941
27,2003,George Walker Bush,Republican,5.8,3.61990950226244
28,2007,George Walker Bush,Republican,4.6,-12.9310344827586
29,2011,Barack Obama,Democrat,9.7,-24.9027237354086
30,2015,Barack Obama,Democrat,5.8,-6.467662000000001
31,2019,Donald Trump,Republican,3.7,-16.4557
