rownames,group,pain_free
1,treatment,yes
2,treatment,yes
3,treatment,yes
4,treatment,yes
5,treatment,yes
6,treatment,yes
7,treatment,yes
8,treatment,yes
9,treatment,yes
10,treatment,yes
11,treatment,no
12,treatment,no
13,treatment,no
14,treatment,no
15,treatment,no
16,treatment,no
17,treatment,no
18,treatment,no
19,treatment,no
20,treatment,no
21,treatment,no
22,treatment,no
23,treatment,no
24,treatment,no
25,treatment,no
26,treatment,no
27,treatment,no
28,treatment,no
29,treatment,no
30,treatment,no
31,treatment,no
32,treatment,no
33,treatment,no
34,treatment,no
35,treatment,no
36,treatment,no
37,treatment,no
38,treatment,no
39,treatment,no
40,treatment,no
41,treatment,no
42,treatment,no
43,treatment,no
44,control,yes
45,control,yes
46,control,no
47,control,no
48,control,no
49,control,no
50,control,no
51,control,no
52,control,no
53,control,no
54,control,no
55,control,no
56,control,no
57,control,no
58,control,no
59,control,no
60,control,no
61,control,no
62,control,no
63,control,no
64,control,no
65,control,no
66,control,no
67,control,no
68,control,no
69,control,no
70,control,no
71,control,no
72,control,no
73,control,no
74,control,no
75,control,no
76,control,no
77,control,no
78,control,no
79,control,no
80,control,no
81,control,no
82,control,no
83,control,no
84,control,no
85,control,no
86,control,no
87,control,no
88,control,no
89,control,no
