rownames,fage,mage,mature,weeks,premie,visits,marital,gained,weight,lowbirthweight,gender,habit,whitemom
1,,13,younger mom,39,full term,10,not married,38,7.63,not low,male,nonsmoker,not white
2,,14,younger mom,42,full term,15,not married,20,7.88,not low,male,nonsmoker,not white
3,19,15,younger mom,37,full term,11,not married,38,6.63,not low,female,nonsmoker,white
4,21,15,younger mom,41,full term,6,not married,34,8,not low,male,nonsmoker,white
5,,15,younger mom,39,full term,9,not married,27,6.38,not low,female,nonsmoker,not white
6,,15,younger mom,38,full term,19,not married,22,5.38,low,male,nonsmoker,not white
7,18,15,younger mom,37,full term,12,not married,76,8.44,not low,male,nonsmoker,not white
8,17,15,younger mom,35,premie,5,not married,15,4.69,low,male,nonsmoker,not white
9,,16,younger mom,38,full term,9,not married,,8.81,not low,male,nonsmoker,white
10,20,16,younger mom,37,full term,13,not married,52,6.94,not low,female,nonsmoker,white
11,30,16,younger mom,45,full term,9,not married,28,7.44,not low,male,nonsmoker,white
12,,16,younger mom,42,full term,8,not married,34,8.81,not low,female,nonsmoker,white
13,,16,younger mom,40,full term,4,not married,12,6,not low,female,nonsmoker,not white
14,,16,younger mom,38,full term,12,not married,30,7.13,not low,female,nonsmoker,white
15,21,16,younger mom,38,full term,15,not married,75,7.56,not low,female,smoker,white
16,,16,younger mom,40,full term,7,not married,35,6.88,not low,male,smoker,white
17,14,16,younger mom,40,full term,12,not married,9,5.81,not low,female,smoker,white
18,16,16,younger mom,24,premie,5,not married,12,1.5,low,male,nonsmoker,not white
19,20,17,younger mom,40,full term,8,not married,20,8.25,not low,female,nonsmoker,white
20,18,17,younger mom,37,full term,10,not married,39,6.19,not low,female,nonsmoker,not white
21,,17,younger mom,39,full term,10,not married,40,7,not low,male,nonsmoker,not white
22,20,17,younger mom,40,full term,17,not married,38,7.19,not low,male,nonsmoker,white
23,20,17,younger mom,39,full term,9,not married,36,6,not low,male,nonsmoker,not white
24,,17,younger mom,40,full term,15,not married,20,7.63,not low,female,nonsmoker,not white
25,26,17,younger mom,38,full term,11,not married,30,9.5,not low,female,nonsmoker,white
26,,17,younger mom,38,full term,12,not married,30,5.56,not low,female,nonsmoker,not white
27,,17,younger mom,39,full term,12,not married,50,7.5,not low,male,nonsmoker,not white
28,20,17,younger mom,40,full term,10,not married,68,7.44,not low,male,nonsmoker,not white
29,31,17,younger mom,39,full term,12,not married,27,7.56,not low,male,nonsmoker,white
30,17,17,younger mom,38,full term,12,not married,22,6.06,not low,male,nonsmoker,not white
31,,17,younger mom,42,full term,8,not married,72,7.44,not low,male,smoker,white
32,19,17,younger mom,36,premie,15,not married,25,7,not low,male,nonsmoker,not white
33,20,17,younger mom,29,premie,6,not married,35,4.56,low,male,nonsmoker,not white
34,17,17,younger mom,29,premie,4,not married,10,2.63,low,female,nonsmoker,not white
35,19,17,younger mom,35,premie,3,not married,30,6.38,not low,male,nonsmoker,white
36,18,17,younger mom,35,premie,12,not married,25,7.25,not low,male,nonsmoker,not white
37,18,17,younger mom,31,premie,6,not married,1,1.56,low,female,nonsmoker,white
38,,18,younger mom,42,full term,15,not married,27,7.44,not low,male,nonsmoker,white
39,28,18,younger mom,38,full term,15,not married,30,6,not low,female,nonsmoker,not white
40,28,18,younger mom,41,full term,10,not married,11,6.5,not low,female,nonsmoker,not white
41,20,18,younger mom,43,full term,8,not married,50,7.31,not low,female,nonsmoker,not white
42,,18,younger mom,41,full term,6,not married,41,7.88,not low,male,nonsmoker,not white
43,25,18,younger mom,40,full term,6,married,20,6.19,not low,male,nonsmoker,white
44,20,18,younger mom,38,full term,6,not married,48,7,not low,female,nonsmoker,white
45,23,18,younger mom,37,full term,6,married,35,5.81,not low,female,nonsmoker,white
46,21,18,younger mom,38,full term,16,not married,40,7.44,not low,female,nonsmoker,white
47,21,18,younger mom,41,full term,10,not married,30,7.75,not low,male,nonsmoker,not white
48,24,18,younger mom,40,full term,15,married,57,8,not low,female,nonsmoker,white
49,20,18,younger mom,40,full term,11,not married,28,6.63,not low,female,nonsmoker,white
50,20,18,younger mom,38,full term,13,not married,60,8.31,not low,male,nonsmoker,white
51,21,18,younger mom,40,full term,12,not married,,7.25,not low,female,nonsmoker,not white
52,21,18,younger mom,40,full term,13,not married,10,5.5,low,female,nonsmoker,white
53,25,18,younger mom,42,full term,11,not married,35,7.81,not low,female,nonsmoker,white
54,20,18,younger mom,41,full term,9,not married,18,7,not low,female,nonsmoker,not white
55,21,18,younger mom,37,full term,15,not married,23,7.31,not low,male,nonsmoker,white
56,,18,younger mom,39,full term,8,not married,26,9.06,not low,male,nonsmoker,not white
57,18,18,younger mom,40,full term,,not married,32,6.56,not low,male,nonsmoker,not white
58,20,18,younger mom,38,full term,14,married,56,5.88,not low,female,nonsmoker,not white
59,18,18,younger mom,39,full term,11,not married,60,6.63,not low,female,nonsmoker,not white
60,21,18,younger mom,41,full term,13,not married,28,9.06,not low,male,nonsmoker,not white
61,,18,younger mom,40,full term,12,not married,13,8.75,not low,male,nonsmoker,not white
62,22,18,younger mom,39,full term,14,not married,23,7.06,not low,female,nonsmoker,not white
63,,18,younger mom,39,full term,0,not married,15,6.88,not low,male,nonsmoker,not white
64,23,18,younger mom,37,full term,4,not married,,5.94,not low,male,nonsmoker,white
65,20,18,younger mom,41,full term,14,not married,,8.56,not low,female,nonsmoker,white
66,24,18,younger mom,40,full term,14,married,47,7.06,not low,female,smoker,white
67,20,18,younger mom,38,full term,15,not married,50,8.06,not low,female,smoker,white
68,,18,younger mom,44,full term,15,not married,17,7.44,not low,male,smoker,white
69,25,18,younger mom,41,full term,17,married,33,7.88,not low,male,smoker,white
70,24,18,younger mom,37,full term,8,not married,25,6.19,not low,male,smoker,not white
71,,18,younger mom,36,premie,18,not married,20,6.19,not low,female,nonsmoker,white
72,22,18,younger mom,33,premie,9,not married,4,4.44,low,male,nonsmoker,white
73,23,18,younger mom,30,premie,2,not married,,4.75,low,male,nonsmoker,white
74,21,18,younger mom,36,premie,8,not married,10,5.5,low,male,nonsmoker,white
75,,18,younger mom,33,premie,7,not married,40,1.69,low,male,smoker,white
76,,19,younger mom,39,full term,10,not married,22,7.88,not low,male,nonsmoker,white
77,21,19,younger mom,39,full term,12,not married,50,7.5,not low,male,nonsmoker,white
78,31,19,younger mom,40,full term,11,not married,16,7.88,not low,female,nonsmoker,white
79,20,19,younger mom,40,full term,15,married,30,5.94,not low,male,nonsmoker,not white
80,,19,younger mom,41,full term,12,not married,0,8.56,not low,male,nonsmoker,not white
81,21,19,younger mom,40,full term,11,married,23,9.25,not low,female,nonsmoker,white
82,22,19,younger mom,38,full term,15,not married,30,7.69,not low,male,nonsmoker,white
83,,19,younger mom,39,full term,10,not married,35,5.94,not low,male,nonsmoker,not white
84,,19,younger mom,42,full term,10,not married,25,9.5,not low,female,nonsmoker,not white
85,23,19,younger mom,37,full term,18,married,46,6.06,not low,female,nonsmoker,white
86,19,19,younger mom,38,full term,6,not married,40,6.94,not low,male,nonsmoker,not white
87,24,19,younger mom,40,full term,12,not married,36,8.19,not low,male,nonsmoker,white
88,20,19,younger mom,38,full term,17,not married,51,6.75,not low,female,nonsmoker,white
89,21,19,younger mom,41,full term,15,not married,55,6.25,not low,male,nonsmoker,not white
90,24,19,younger mom,40,full term,4,not married,55,8,not low,female,nonsmoker,white
91,20,19,younger mom,41,full term,15,not married,25,8.31,not low,male,nonsmoker,white
92,,19,younger mom,39,full term,9,not married,35,7.75,not low,male,nonsmoker,not white
93,21,19,younger mom,37,full term,8,not married,35,4.69,low,female,nonsmoker,not white
94,32,19,younger mom,43,full term,2,not married,27,5.38,low,female,nonsmoker,white
95,21,19,younger mom,41,full term,13,not married,38,8.38,not low,female,nonsmoker,white
96,21,19,younger mom,39,full term,15,not married,38,6.88,not low,male,nonsmoker,not white
97,,19,younger mom,38,full term,3,not married,36,6.75,not low,female,smoker,not white
98,19,19,younger mom,37,full term,0,not married,12,6.94,not low,male,smoker,white
99,,19,younger mom,39,full term,11,not married,48,8.38,not low,female,smoker,not white
100,,19,younger mom,39,full term,7,not married,0,7.31,not low,male,smoker,not white
101,25,19,younger mom,40,full term,16,not married,37,7.94,not low,male,smoker,not white
102,25,19,younger mom,41,full term,13,not married,47,8.38,not low,male,smoker,white
103,,19,younger mom,34,premie,10,not married,,2.88,low,male,nonsmoker,not white
104,,19,younger mom,34,premie,0,not married,20,5.88,not low,female,nonsmoker,white
105,,19,younger mom,22,premie,5,not married,20,1.38,low,female,nonsmoker,not white
106,27,19,younger mom,32,premie,5,married,32,6.5,not low,female,nonsmoker,white
107,,19,younger mom,36,premie,9,not married,5,6.31,not low,female,nonsmoker,not white
108,,19,younger mom,35,premie,12,not married,50,5.25,low,female,nonsmoker,not white
109,19,19,younger mom,36,premie,10,married,35,7.25,not low,male,nonsmoker,not white
110,26,19,younger mom,36,premie,12,not married,24,6.19,not low,female,smoker,not white
111,22,20,younger mom,39,full term,14,married,25,9.94,not low,male,nonsmoker,white
112,21,20,younger mom,40,full term,9,married,30,7.31,not low,male,nonsmoker,white
113,17,20,younger mom,39,full term,16,not married,35,5.63,not low,female,nonsmoker,not white
114,,20,younger mom,38,full term,15,not married,35,6.5,not low,male,nonsmoker,not white
115,21,20,younger mom,40,full term,14,married,23,5.63,not low,female,nonsmoker,white
116,21,20,younger mom,38,full term,15,not married,30,6.31,not low,female,nonsmoker,not white
117,29,20,younger mom,40,full term,11,not married,50,9.56,not low,male,nonsmoker,white
118,,20,younger mom,39,full term,16,not married,19,5.44,low,female,nonsmoker,white
119,21,20,younger mom,37,full term,10,not married,18,6.75,not low,male,nonsmoker,not white
120,20,20,younger mom,40,full term,15,not married,46,8.38,not low,male,nonsmoker,white
121,22,20,younger mom,38,full term,14,not married,24,7.19,not low,female,nonsmoker,white
122,24,20,younger mom,41,full term,16,not married,35,7.19,not low,male,nonsmoker,white
123,21,20,younger mom,41,full term,14,married,29,6.06,not low,female,nonsmoker,not white
124,20,20,younger mom,40,full term,3,married,18,7.19,not low,female,nonsmoker,white
125,23,20,younger mom,39,full term,0,not married,70,5.94,not low,female,nonsmoker,not white
126,25,20,younger mom,42,full term,15,married,35,8.56,not low,male,nonsmoker,white
127,25,20,younger mom,39,full term,8,not married,23,6.69,not low,male,nonsmoker,white
128,21,20,younger mom,38,full term,14,married,20,7.5,not low,female,nonsmoker,not white
129,21,20,younger mom,40,full term,12,married,14,7.44,not low,female,nonsmoker,not white
130,18,20,younger mom,39,full term,10,not married,35,7.88,not low,male,nonsmoker,not white
131,21,20,younger mom,38,full term,10,married,50,8.75,not low,female,nonsmoker,white
132,24,20,younger mom,41,full term,15,not married,60,7.44,not low,male,nonsmoker,white
133,,20,younger mom,39,full term,16,not married,18,7.44,not low,female,nonsmoker,not white
134,21,20,younger mom,37,full term,23,married,40,6.38,not low,female,nonsmoker,white
135,21,20,younger mom,38,full term,10,not married,40,8.81,not low,male,nonsmoker,white
136,31,20,younger mom,41,full term,13,not married,27,7,not low,male,nonsmoker,white
137,24,20,younger mom,38,full term,9,not married,25,7.19,not low,female,nonsmoker,white
138,20,20,younger mom,37,full term,12,married,22,5.94,not low,female,nonsmoker,white
139,21,20,younger mom,38,full term,8,married,35,6.75,not low,male,nonsmoker,not white
140,18,20,younger mom,40,full term,10,not married,28,8.13,not low,male,nonsmoker,white
141,,20,younger mom,37,full term,2,not married,,6.38,not low,female,nonsmoker,not white
142,36,20,younger mom,41,full term,12,not married,20,7.13,not low,female,nonsmoker,white
143,22,20,younger mom,43,full term,10,married,10,6.88,not low,female,nonsmoker,white
144,22,20,younger mom,38,full term,13,married,35,8.44,not low,male,nonsmoker,white
145,20,20,younger mom,38,full term,12,not married,25,8.31,not low,male,nonsmoker,not white
146,23,20,younger mom,39,full term,13,not married,33,7.25,not low,male,nonsmoker,not white
147,25,20,younger mom,38,full term,15,married,31,6.06,not low,female,nonsmoker,white
148,18,20,younger mom,38,full term,8,married,34,5.75,not low,female,nonsmoker,white
149,28,20,younger mom,38,full term,7,not married,52,6.75,not low,male,nonsmoker,white
150,,20,younger mom,38,full term,12,not married,45,8.06,not low,male,nonsmoker,white
151,22,20,younger mom,41,full term,11,married,52,9,not low,female,nonsmoker,not white
152,,20,younger mom,39,full term,13,not married,25,6.25,not low,female,nonsmoker,white
153,,20,younger mom,40,full term,7,not married,25,7.06,not low,male,nonsmoker,not white
154,23,20,younger mom,41,full term,11,not married,47,8,not low,female,nonsmoker,white
155,38,20,younger mom,37,full term,5,not married,19,8.31,not low,female,nonsmoker,not white
156,21,20,younger mom,42,full term,11,not married,45,7.75,not low,male,nonsmoker,white
157,22,20,younger mom,38,full term,8,married,45,7.44,not low,female,nonsmoker,white
158,22,20,younger mom,43,full term,11,not married,55,8.44,not low,male,nonsmoker,not white
159,33,20,younger mom,39,full term,15,not married,41,8.25,not low,male,smoker,white
160,22,20,younger mom,37,full term,8,not married,27,6.69,not low,female,smoker,not white
161,24,20,younger mom,39,full term,12,married,55,5.25,low,female,smoker,white
162,26,20,younger mom,41,full term,16,married,21,6.31,not low,female,smoker,white
163,20,20,younger mom,41,full term,12,not married,24,7.5,not low,female,smoker,white
164,28,20,younger mom,42,full term,30,not married,23,7.44,not low,female,smoker,white
165,,20,younger mom,40,full term,17,not married,39,9.06,not low,male,smoker,white
166,,20,younger mom,39,full term,15,not married,70,7.38,not low,female,smoker,white
167,,20,younger mom,37,full term,10,not married,26,5.38,low,female,smoker,white
168,,20,younger mom,35,premie,20,married,35,6.94,not low,male,nonsmoker,not white
169,28,20,younger mom,35,premie,7,not married,30,4.5,low,male,nonsmoker,not white
170,19,20,younger mom,33,premie,0,married,23,6.38,not low,female,nonsmoker,not white
171,,20,younger mom,36,premie,15,not married,20,7.63,not low,male,nonsmoker,not white
172,19,20,younger mom,34,premie,13,not married,6,4.5,low,male,nonsmoker,not white
173,,20,younger mom,33,premie,9,not married,18,4.94,low,female,nonsmoker,not white
174,,20,younger mom,36,premie,10,not married,32,6.13,not low,female,nonsmoker,not white
175,22,20,younger mom,34,premie,14,married,13,4.13,low,male,smoker,white
176,22,20,younger mom,32,premie,5,not married,40,2.69,low,male,smoker,white
177,22,21,younger mom,38,full term,12,married,47,7.75,not low,female,nonsmoker,white
178,35,21,younger mom,38,full term,7,married,40,8.38,not low,female,nonsmoker,white
179,24,21,younger mom,39,full term,14,not married,2,6.81,not low,male,nonsmoker,not white
180,,21,younger mom,41,full term,18,not married,62,6,not low,male,nonsmoker,not white
181,25,21,younger mom,39,full term,10,married,18,9.56,not low,male,nonsmoker,white
182,32,21,younger mom,40,full term,11,married,58,7.56,not low,female,nonsmoker,white
183,24,21,younger mom,40,full term,10,married,25,7.44,not low,male,nonsmoker,white
184,28,21,younger mom,38,full term,12,not married,40,7.38,not low,male,nonsmoker,white
185,27,21,younger mom,41,full term,8,married,26,5.94,not low,female,nonsmoker,white
186,22,21,younger mom,39,full term,4,married,,7,not low,female,nonsmoker,white
187,22,21,younger mom,40,full term,15,not married,22,6.94,not low,female,nonsmoker,not white
188,18,21,younger mom,39,full term,14,married,28,6.94,not low,male,nonsmoker,white
189,22,21,younger mom,38,full term,14,not married,36,6.38,not low,female,nonsmoker,white
190,20,21,younger mom,43,full term,15,married,17,7.19,not low,female,nonsmoker,not white
191,23,21,younger mom,40,full term,15,married,38,7.63,not low,female,nonsmoker,white
192,,21,younger mom,41,full term,12,not married,32,8.38,not low,male,nonsmoker,not white
193,26,21,younger mom,44,full term,11,married,15,7.5,not low,female,nonsmoker,white
194,24,21,younger mom,41,full term,13,married,40,7.88,not low,female,nonsmoker,white
195,24,21,younger mom,41,full term,10,not married,60,7.63,not low,female,nonsmoker,not white
196,29,21,younger mom,39,full term,18,married,13,7.75,not low,female,nonsmoker,white
197,22,21,younger mom,37,full term,19,not married,30,5.44,low,female,nonsmoker,not white
198,21,21,younger mom,38,full term,10,married,35,6.5,not low,female,nonsmoker,white
199,25,21,younger mom,39,full term,8,not married,32,8.06,not low,male,nonsmoker,white
200,22,21,younger mom,39,full term,8,not married,27,6.75,not low,female,nonsmoker,white
201,18,21,younger mom,40,full term,15,not married,37,8.19,not low,male,nonsmoker,not white
202,22,21,younger mom,37,full term,5,married,30,5.88,not low,female,nonsmoker,white
203,23,21,younger mom,39,full term,10,not married,55,8.06,not low,male,nonsmoker,white
204,25,21,younger mom,40,full term,16,married,26,6.88,not low,female,nonsmoker,white
205,,21,younger mom,41,full term,10,not married,40,9.06,not low,male,nonsmoker,not white
206,,21,younger mom,39,full term,20,married,30,7.13,not low,male,nonsmoker,white
207,26,21,younger mom,38,full term,9,not married,23,8.13,not low,female,nonsmoker,white
208,,21,younger mom,38,full term,10,married,12,6.75,not low,female,nonsmoker,white
209,35,21,younger mom,40,full term,10,not married,29,7.88,not low,male,nonsmoker,white
210,25,21,younger mom,38,full term,14,married,0,7.69,not low,male,nonsmoker,not white
211,22,21,younger mom,38,full term,16,married,30,7.69,not low,female,smoker,white
212,,21,younger mom,40,full term,12,not married,,7.44,not low,female,smoker,white
213,,21,younger mom,38,full term,5,not married,0,6.38,not low,male,smoker,white
214,21,21,younger mom,45,full term,10,married,40,9.13,not low,male,smoker,white
215,,21,younger mom,38,full term,11,married,41,8.31,not low,male,smoker,white
216,21,21,younger mom,37,full term,15,not married,20,5.06,low,female,smoker,not white
217,,21,younger mom,39,full term,10,not married,56,8.63,not low,male,smoker,not white
218,24,21,younger mom,34,premie,15,not married,16,5.44,low,male,nonsmoker,not white
219,,21,younger mom,34,premie,12,not married,25,5.81,not low,female,nonsmoker,not white
220,,21,younger mom,36,premie,10,not married,25,4.25,low,male,nonsmoker,not white
221,27,21,younger mom,36,premie,12,married,65,9.88,not low,female,nonsmoker,white
222,,21,younger mom,36,premie,15,not married,10,6.81,not low,male,nonsmoker,white
223,21,21,younger mom,29,premie,4,not married,13,2.5,low,female,nonsmoker,white
224,,21,younger mom,36,premie,3,not married,16,5.94,not low,male,nonsmoker,white
225,21,21,younger mom,35,premie,15,married,31,7.56,not low,female,nonsmoker,white
226,,21,younger mom,35,premie,8,married,40,4.63,low,female,nonsmoker,white
227,28,21,younger mom,35,premie,9,married,15,5.5,low,female,smoker,white
228,34,22,younger mom,37,full term,10,not married,50,7.25,not low,female,nonsmoker,not white
229,24,22,younger mom,42,full term,7,not married,21,6.5,not low,female,nonsmoker,white
230,22,22,younger mom,39,full term,11,married,34,8.19,not low,female,nonsmoker,white
231,28,22,younger mom,40,full term,12,married,24,6.75,not low,female,nonsmoker,white
232,35,22,younger mom,39,full term,10,not married,20,8,not low,male,nonsmoker,white
233,24,22,younger mom,39,full term,12,not married,32,8.38,not low,male,nonsmoker,not white
234,26,22,younger mom,40,full term,10,not married,23,8.25,not low,male,nonsmoker,white
235,25,22,younger mom,39,full term,14,married,11,6.88,not low,male,nonsmoker,not white
236,24,22,younger mom,39,full term,15,not married,45,7.5,not low,male,nonsmoker,not white
237,26,22,younger mom,40,full term,14,married,32,7.5,not low,male,nonsmoker,white
238,31,22,younger mom,41,full term,12,married,20,8.44,not low,male,nonsmoker,white
239,26,22,younger mom,39,full term,10,not married,45,7.94,not low,female,nonsmoker,white
240,27,22,younger mom,39,full term,11,married,35,9,not low,male,nonsmoker,white
241,26,22,younger mom,41,full term,18,not married,1,7.5,not low,female,nonsmoker,white
242,22,22,younger mom,41,full term,11,married,31,7.69,not low,female,nonsmoker,white
243,24,22,younger mom,37,full term,10,not married,17,7.19,not low,female,nonsmoker,white
244,,22,younger mom,40,full term,15,not married,15,7.25,not low,female,nonsmoker,white
245,23,22,younger mom,43,full term,15,married,26,7.44,not low,female,nonsmoker,white
246,26,22,younger mom,39,full term,9,married,32,7.69,not low,male,nonsmoker,white
247,,22,younger mom,41,full term,13,not married,28,7.81,not low,female,nonsmoker,not white
248,,22,younger mom,37,full term,12,not married,,6.69,not low,female,nonsmoker,not white
249,26,22,younger mom,38,full term,6,married,10,5.44,low,male,nonsmoker,white
250,23,22,younger mom,37,full term,14,married,56,7,not low,male,nonsmoker,white
251,,22,younger mom,37,full term,8,not married,23,7.69,not low,female,nonsmoker,white
252,28,22,younger mom,41,full term,15,married,9,10.19,not low,male,nonsmoker,white
253,28,22,younger mom,38,full term,6,not married,45,7.25,not low,male,nonsmoker,white
254,26,22,younger mom,39,full term,11,married,35,9,not low,male,nonsmoker,white
255,,22,younger mom,37,full term,7,not married,39,5.88,not low,female,nonsmoker,not white
256,22,22,younger mom,40,full term,15,not married,31,7.06,not low,female,nonsmoker,white
257,23,22,younger mom,39,full term,15,married,50,7.5,not low,male,nonsmoker,white
258,21,22,younger mom,39,full term,15,married,80,8.56,not low,female,nonsmoker,white
259,,22,younger mom,40,full term,7,not married,25,7.38,not low,male,nonsmoker,not white
260,22,22,younger mom,39,full term,14,married,29,7.19,not low,female,nonsmoker,white
261,21,22,younger mom,39,full term,16,not married,45,6,not low,female,nonsmoker,white
262,21,22,younger mom,40,full term,10,not married,85,5.81,not low,male,nonsmoker,not white
263,30,22,younger mom,39,full term,8,not married,20,8,not low,female,nonsmoker,white
264,23,22,younger mom,37,full term,10,married,30,6.38,not low,male,nonsmoker,not white
265,24,22,younger mom,39,full term,5,not married,10,7.19,not low,female,nonsmoker,white
266,,22,younger mom,39,full term,13,not married,37,8.38,not low,male,nonsmoker,not white
267,21,22,younger mom,40,full term,18,married,30,8.44,not low,male,nonsmoker,white
268,22,22,younger mom,40,full term,14,not married,23,7.31,not low,female,nonsmoker,not white
269,29,22,younger mom,42,full term,16,married,36,7.31,not low,male,nonsmoker,white
270,,22,younger mom,37,full term,9,not married,41,6.25,not low,male,smoker,white
271,23,22,younger mom,37,full term,15,married,20,7.81,not low,male,smoker,white
272,27,22,younger mom,38,full term,20,not married,19,6.63,not low,female,smoker,white
273,24,22,younger mom,40,full term,16,married,34,6.88,not low,female,smoker,white
274,27,22,younger mom,39,full term,12,married,30,6.94,not low,female,smoker,white
275,24,22,younger mom,39,full term,11,married,27,6,not low,male,smoker,white
276,30,22,younger mom,40,full term,16,not married,18,7.81,not low,male,smoker,white
277,,22,younger mom,40,full term,18,not married,54,6.38,not low,male,smoker,white
278,21,22,younger mom,39,full term,9,married,50,8.38,not low,female,smoker,white
279,25,22,younger mom,39,full term,12,married,27,6.31,not low,female,smoker,white
280,,22,younger mom,39,full term,13,not married,38,7.13,not low,male,smoker,not white
281,22,22,younger mom,40,full term,13,married,0,6.5,not low,male,smoker,white
282,,22,younger mom,32,premie,8,not married,35,5,low,male,nonsmoker,white
283,27,22,younger mom,35,premie,12,married,30,4.69,low,male,nonsmoker,not white
284,25,22,younger mom,34,premie,10,married,20,3.75,low,male,nonsmoker,white
285,25,22,younger mom,34,premie,13,married,35,5.88,not low,female,nonsmoker,not white
286,31,22,younger mom,30,premie,10,not married,25,2.69,low,male,nonsmoker,white
287,28,22,younger mom,22,premie,8,not married,10,1,low,female,nonsmoker,not white
288,26,23,younger mom,38,full term,5,not married,28,7.19,not low,female,nonsmoker,white
289,41,23,younger mom,38,full term,3,married,11,8.88,not low,male,nonsmoker,white
290,,23,younger mom,42,full term,9,married,22,8.81,not low,male,nonsmoker,not white
291,26,23,younger mom,42,full term,14,married,23,6.75,not low,male,nonsmoker,not white
292,31,23,younger mom,44,full term,14,not married,40,6.81,not low,male,nonsmoker,not white
293,24,23,younger mom,37,full term,12,married,30,6.44,not low,female,nonsmoker,white
294,25,23,younger mom,41,full term,15,married,30,9.88,not low,male,nonsmoker,white
295,26,23,younger mom,38,full term,15,married,29,6.88,not low,female,nonsmoker,not white
296,29,23,younger mom,38,full term,20,married,39,8.75,not low,female,nonsmoker,white
297,24,23,younger mom,39,full term,13,married,30,6.69,not low,female,nonsmoker,white
298,,23,younger mom,41,full term,14,married,19,7.88,not low,female,nonsmoker,white
299,28,23,younger mom,39,full term,14,married,36,5.88,not low,male,nonsmoker,not white
300,28,23,younger mom,40,full term,8,married,31,9,not low,male,nonsmoker,white
301,24,23,younger mom,41,full term,15,married,25,7.75,not low,female,nonsmoker,white
302,20,23,younger mom,39,full term,10,not married,30,6.06,not low,male,nonsmoker,white
303,,23,younger mom,40,full term,11,not married,12,7,not low,male,nonsmoker,not white
304,28,23,younger mom,40,full term,12,not married,13,5.38,low,male,nonsmoker,not white
305,23,23,younger mom,40,full term,13,married,9,7.31,not low,male,nonsmoker,not white
306,22,23,younger mom,38,full term,10,married,20,8.44,not low,female,nonsmoker,white
307,36,23,younger mom,40,full term,10,not married,47,7.63,not low,male,nonsmoker,white
308,31,23,younger mom,43,full term,12,married,8,8.44,not low,female,nonsmoker,white
309,,23,younger mom,38,full term,10,not married,0,6.88,not low,male,nonsmoker,not white
310,,23,younger mom,38,full term,12,not married,35,8.38,not low,female,nonsmoker,white
311,26,23,younger mom,40,full term,14,married,28,8.38,not low,male,nonsmoker,white
312,23,23,younger mom,40,full term,9,not married,24,7.63,not low,female,nonsmoker,not white
313,27,23,younger mom,43,full term,15,married,30,7.81,not low,female,nonsmoker,white
314,26,23,younger mom,43,full term,15,not married,35,8.19,not low,female,nonsmoker,not white
315,,23,younger mom,40,full term,10,not married,30,7.31,not low,male,nonsmoker,white
316,23,23,younger mom,37,full term,10,not married,33,7.5,not low,male,nonsmoker,white
317,27,23,younger mom,37,full term,6,not married,33,7.25,not low,female,nonsmoker,white
318,25,23,younger mom,39,full term,15,married,30,7.13,not low,female,nonsmoker,white
319,24,23,younger mom,38,full term,13,not married,22,7.81,not low,female,nonsmoker,white
320,22,23,younger mom,38,full term,10,not married,54,8.69,not low,male,nonsmoker,not white
321,,23,younger mom,44,full term,4,not married,55,8.13,not low,female,smoker,not white
322,20,23,younger mom,39,full term,15,married,56,7.31,not low,male,smoker,white
323,,23,younger mom,37,full term,,not married,25,5.75,not low,male,smoker,not white
324,26,23,younger mom,41,full term,10,married,40,7.31,not low,female,smoker,white
325,,23,younger mom,39,full term,11,not married,40,7.5,not low,male,smoker,not white
326,,23,younger mom,25,premie,12,not married,60,1.19,low,female,nonsmoker,not white
327,,23,younger mom,36,premie,10,not married,62,5.88,not low,female,nonsmoker,not white
328,28,23,younger mom,36,premie,12,married,50,9.25,not low,female,nonsmoker,white
329,,23,younger mom,32,premie,13,not married,28,6.25,not low,male,nonsmoker,not white
330,25,23,younger mom,24,premie,5,not married,,1.44,low,male,nonsmoker,not white
331,23,23,younger mom,36,premie,18,not married,30,8.56,not low,male,nonsmoker,white
332,22,23,younger mom,36,premie,11,married,15,5.13,low,female,nonsmoker,not white
333,21,23,younger mom,33,premie,5,not married,30,5.44,low,male,nonsmoker,white
334,26,23,younger mom,36,premie,18,married,20,6.69,not low,female,nonsmoker,not white
335,44,23,younger mom,36,premie,0,not married,,5.5,low,female,nonsmoker,not white
336,26,23,younger mom,36,premie,12,married,30,6.44,not low,male,nonsmoker,not white
337,,23,younger mom,36,premie,2,not married,27,5.88,not low,female,nonsmoker,not white
338,26,23,younger mom,35,premie,14,married,23,7.25,not low,female,nonsmoker,white
339,43,24,younger mom,38,full term,16,not married,30,8.19,not low,male,nonsmoker,not white
340,26,24,younger mom,38,full term,9,married,35,5.94,not low,female,nonsmoker,white
341,21,24,younger mom,40,full term,18,married,35,7.13,not low,female,nonsmoker,white
342,27,24,younger mom,39,full term,15,married,40,6.69,not low,female,nonsmoker,white
343,25,24,younger mom,39,full term,10,married,20,10.06,not low,male,nonsmoker,white
344,28,24,younger mom,38,full term,7,not married,10,7.81,not low,male,nonsmoker,white
345,24,24,younger mom,41,full term,13,not married,,6.31,not low,female,nonsmoker,white
346,45,24,younger mom,37,full term,15,married,40,8.19,not low,female,nonsmoker,white
347,,24,younger mom,39,full term,9,not married,15,7.31,not low,female,nonsmoker,not white
348,26,24,younger mom,39,full term,14,married,36,7.63,not low,female,nonsmoker,white
349,27,24,younger mom,40,full term,11,married,8,7.69,not low,female,nonsmoker,white
350,27,24,younger mom,40,full term,15,married,58,9,not low,male,nonsmoker,not white
351,25,24,younger mom,37,full term,12,married,45,5.88,not low,female,nonsmoker,white
352,,24,younger mom,42,full term,7,not married,30,7.13,not low,female,nonsmoker,not white
353,30,24,younger mom,39,full term,11,not married,41,8.75,not low,male,nonsmoker,white
354,27,24,younger mom,39,full term,2,not married,10,6.5,not low,female,nonsmoker,not white
355,32,24,younger mom,41,full term,15,not married,20,8.38,not low,female,nonsmoker,white
356,,24,younger mom,38,full term,16,married,50,3.75,low,female,nonsmoker,white
357,29,24,younger mom,38,full term,15,married,20,7.44,not low,male,nonsmoker,white
358,30,24,younger mom,38,full term,15,married,35,9.13,not low,male,nonsmoker,white
359,22,24,younger mom,39,full term,14,married,18,7.31,not low,female,nonsmoker,not white
360,,24,younger mom,38,full term,16,not married,15,6.31,not low,female,nonsmoker,white
361,29,24,younger mom,44,full term,18,married,30,6.25,not low,male,nonsmoker,white
362,32,24,younger mom,37,full term,12,married,28,8.5,not low,male,nonsmoker,white
363,,24,younger mom,41,full term,6,not married,60,8.31,not low,male,nonsmoker,not white
364,24,24,younger mom,38,full term,17,not married,13,6.56,not low,female,nonsmoker,not white
365,27,24,younger mom,39,full term,10,married,35,7.13,not low,female,nonsmoker,white
366,22,24,younger mom,39,full term,10,married,35,5.94,not low,male,nonsmoker,
367,28,24,younger mom,39,full term,11,not married,,7.5,not low,female,nonsmoker,white
368,25,24,younger mom,41,full term,16,married,37,7.19,not low,female,nonsmoker,not white
369,47,24,younger mom,40,full term,12,married,46,6.88,not low,male,nonsmoker,white
370,46,24,younger mom,38,full term,14,married,58,6.63,not low,female,nonsmoker,white
371,,24,younger mom,38,full term,12,not married,0,7.06,not low,female,nonsmoker,not white
372,,24,younger mom,39,full term,20,not married,26,7.19,not low,male,nonsmoker,white
373,28,24,younger mom,38,full term,15,married,21,6.94,not low,female,nonsmoker,white
374,34,24,younger mom,37,full term,12,married,20,7.81,not low,male,nonsmoker,not white
375,25,24,younger mom,40,full term,15,married,29,8.5,not low,female,nonsmoker,white
376,28,24,younger mom,38,full term,12,married,28,7.25,not low,male,nonsmoker,white
377,19,24,younger mom,40,full term,11,not married,70,8.5,not low,female,nonsmoker,white
378,28,24,younger mom,40,full term,12,married,29,7.06,not low,female,smoker,white
379,20,24,younger mom,38,full term,11,not married,50,5.75,not low,male,smoker,not white
380,,24,younger mom,39,full term,6,not married,30,6.13,not low,female,smoker,not white
381,26,24,younger mom,38,full term,13,married,,7.19,not low,female,smoker,white
382,30,24,younger mom,41,full term,12,married,40,8.13,not low,male,smoker,white
383,32,24,younger mom,39,full term,8,married,23,6.88,not low,female,smoker,white
384,,24,younger mom,37,full term,5,married,34,7.38,not low,male,smoker,white
385,,24,younger mom,38,full term,5,not married,,7.13,not low,female,smoker,white
386,,24,younger mom,40,full term,12,not married,47,7.5,not low,female,smoker,not white
387,,24,younger mom,39,full term,8,not married,22,5,low,female,smoker,white
388,32,24,younger mom,36,premie,12,married,12,5.81,not low,male,nonsmoker,white
389,29,24,younger mom,34,premie,12,married,31,7.5,not low,female,nonsmoker,not white
390,,24,younger mom,35,premie,3,not married,13,8.13,not low,female,nonsmoker,white
391,,24,younger mom,34,premie,7,not married,18,5.06,low,male,nonsmoker,white
392,24,25,younger mom,41,full term,14,not married,30,7.38,not low,female,nonsmoker,white
393,,25,younger mom,37,full term,11,not married,31,6.25,not low,female,nonsmoker,not white
394,,25,younger mom,38,full term,11,not married,27,8.75,not low,male,nonsmoker,not white
395,26,25,younger mom,39,full term,16,married,0,6.94,not low,female,nonsmoker,not white
396,30,25,younger mom,40,full term,12,married,35,8.13,not low,male,nonsmoker,white
397,,25,younger mom,40,full term,15,not married,38,8.25,not low,male,nonsmoker,not white
398,23,25,younger mom,41,full term,12,married,20,8,not low,female,nonsmoker,white
399,24,25,younger mom,37,full term,15,not married,20,6.31,not low,male,nonsmoker,not white
400,32,25,younger mom,41,full term,13,married,50,7.75,not low,female,nonsmoker,white
401,32,25,younger mom,37,full term,13,married,50,7.75,not low,male,nonsmoker,white
402,,25,younger mom,38,full term,17,married,38,7.06,not low,male,nonsmoker,white
403,29,25,younger mom,38,full term,18,married,20,7.88,not low,male,nonsmoker,white
404,23,25,younger mom,37,full term,8,married,53,7.69,not low,female,nonsmoker,white
405,24,25,younger mom,40,full term,15,not married,36,7.94,not low,male,nonsmoker,white
406,,25,younger mom,39,full term,14,married,20,6.88,not low,male,nonsmoker,white
407,26,25,younger mom,39,full term,9,married,25,6.75,not low,male,nonsmoker,not white
408,25,25,younger mom,39,full term,18,married,28,7.94,not low,male,nonsmoker,white
409,36,25,younger mom,40,full term,13,married,34,8.75,not low,female,nonsmoker,not white
410,,25,younger mom,40,full term,14,not married,48,8.56,not low,male,nonsmoker,white
411,31,25,younger mom,41,full term,14,married,27,7.38,not low,female,nonsmoker,white
412,35,25,younger mom,37,full term,30,married,60,3.94,low,female,nonsmoker,white
413,27,25,younger mom,40,full term,14,married,47,8.75,not low,female,nonsmoker,white
414,,25,younger mom,40,full term,8,not married,18,8.19,not low,male,nonsmoker,white
415,28,25,younger mom,40,full term,7,married,31,9.19,not low,male,nonsmoker,white
416,,25,younger mom,38,full term,9,not married,30,6.06,not low,female,nonsmoker,white
417,27,25,younger mom,40,full term,11,married,26,7.44,not low,male,nonsmoker,white
418,,25,younger mom,39,full term,6,not married,40,7.38,not low,female,nonsmoker,white
419,24,25,younger mom,42,full term,18,not married,33,8.06,not low,female,nonsmoker,white
420,27,25,younger mom,39,full term,15,married,31,7.56,not low,female,nonsmoker,white
421,34,25,younger mom,38,full term,6,married,50,6.88,not low,male,nonsmoker,white
422,32,25,younger mom,41,full term,14,married,32,7.75,not low,male,nonsmoker,white
423,29,25,younger mom,39,full term,10,married,29,7.63,not low,female,nonsmoker,white
424,29,25,younger mom,41,full term,8,married,33,9.38,not low,male,nonsmoker,white
425,24,25,younger mom,38,full term,22,married,35,8.31,not low,female,nonsmoker,white
426,25,25,younger mom,38,full term,19,married,13,7.63,not low,female,nonsmoker,white
427,,25,younger mom,39,full term,12,married,41,6.88,not low,female,nonsmoker,white
428,,25,younger mom,37,full term,20,married,20,5.63,not low,female,nonsmoker,not white
429,27,25,younger mom,40,full term,15,married,32,8.38,not low,female,nonsmoker,white
430,30,25,younger mom,40,full term,15,married,13,9,not low,male,nonsmoker,white
431,25,25,younger mom,38,full term,12,married,24,8.75,not low,female,nonsmoker,white
432,26,25,younger mom,38,full term,10,married,26,7.94,not low,male,nonsmoker,white
433,26,25,younger mom,40,full term,10,married,25,7,not low,male,nonsmoker,white
434,34,25,younger mom,40,full term,12,not married,44,5.81,not low,female,smoker,white
435,,25,younger mom,39,full term,5,married,37,6,not low,female,smoker,not white
436,23,25,younger mom,37,full term,14,married,33,7.31,not low,female,smoker,white
437,21,25,younger mom,39,full term,15,not married,30,9.06,not low,male,smoker,not white
438,25,25,younger mom,38,full term,10,not married,35,5.94,not low,female,smoker,white
439,,25,younger mom,40,full term,8,not married,23,6.5,not low,female,smoker,not white
440,33,25,younger mom,35,premie,15,married,18,6.75,not low,male,nonsmoker,white
441,,25,younger mom,36,premie,8,not married,30,5.19,low,male,nonsmoker,white
442,24,25,younger mom,29,premie,10,not married,0,1.69,low,male,nonsmoker,not white
443,,25,younger mom,35,premie,0,not married,20,6.13,not low,male,nonsmoker,not white
444,23,25,younger mom,34,premie,11,married,40,7.13,not low,male,smoker,white
445,30,25,younger mom,35,premie,15,married,40,4.5,low,male,smoker,white
446,27,26,younger mom,38,full term,14,married,32,6.88,not low,female,nonsmoker,white
447,28,26,younger mom,39,full term,15,married,45,7.19,not low,female,nonsmoker,white
448,28,26,younger mom,40,full term,14,not married,21,5.94,not low,female,nonsmoker,white
449,33,26,younger mom,38,full term,15,married,27,9,not low,male,nonsmoker,white
450,30,26,younger mom,39,full term,12,married,43,7.25,not low,male,nonsmoker,white
451,35,26,younger mom,41,full term,12,not married,30,7.19,not low,female,nonsmoker,white
452,28,26,younger mom,39,full term,15,married,25,6.94,not low,female,nonsmoker,white
453,29,26,younger mom,39,full term,15,married,27,7.13,not low,female,nonsmoker,white
454,30,26,younger mom,39,full term,15,married,35,7.56,not low,female,nonsmoker,not white
455,32,26,younger mom,39,full term,13,not married,55,8.25,not low,female,nonsmoker,white
456,25,26,younger mom,39,full term,12,married,40,8.38,not low,male,nonsmoker,white
457,,26,younger mom,42,full term,15,not married,35,6.75,not low,female,nonsmoker,not white
458,33,26,younger mom,39,full term,11,not married,27,5.38,low,female,nonsmoker,not white
459,28,26,younger mom,40,full term,13,not married,38,7.13,not low,female,nonsmoker,white
460,29,26,younger mom,38,full term,14,married,38,8.75,not low,female,nonsmoker,white
461,30,26,younger mom,41,full term,13,married,29,7.75,not low,male,nonsmoker,white
462,29,26,younger mom,40,full term,12,married,38,8.44,not low,male,nonsmoker,not white
463,27,26,younger mom,39,full term,16,married,38,8,not low,female,nonsmoker,white
464,,26,younger mom,40,full term,15,not married,30,8.19,not low,female,nonsmoker,white
465,29,26,younger mom,38,full term,12,married,25,7.94,not low,female,nonsmoker,white
466,,26,younger mom,41,full term,6,not married,0,7.38,not low,female,nonsmoker,white
467,26,26,younger mom,41,full term,10,married,68,9.31,not low,male,nonsmoker,white
468,27,26,younger mom,40,full term,15,married,24,8.88,not low,male,nonsmoker,white
469,28,26,younger mom,40,full term,13,not married,35,8.06,not low,female,nonsmoker,white
470,25,26,younger mom,41,full term,12,not married,20,7.06,not low,male,nonsmoker,white
471,32,26,younger mom,41,full term,14,not married,19,6.56,not low,female,nonsmoker,white
472,29,26,younger mom,41,full term,8,not married,39,8.19,not low,male,nonsmoker,white
473,30,26,younger mom,39,full term,14,married,40,8.31,not low,male,nonsmoker,white
474,,26,younger mom,39,full term,6,not married,20,5.88,not low,male,nonsmoker,not white
475,,26,younger mom,41,full term,20,not married,20,7.44,not low,male,nonsmoker,not white
476,32,26,younger mom,40,full term,12,not married,40,7.44,not low,male,nonsmoker,white
477,23,26,younger mom,40,full term,4,not married,15,6.75,not low,male,nonsmoker,white
478,25,26,younger mom,43,full term,9,married,23,7.44,not low,female,nonsmoker,white
479,30,26,younger mom,38,full term,18,married,37,7.5,not low,female,nonsmoker,white
480,,26,younger mom,37,full term,16,not married,22,6.56,not low,male,nonsmoker,white
481,32,26,younger mom,40,full term,15,married,55,7,not low,female,nonsmoker,white
482,26,26,younger mom,42,full term,15,married,36,7.69,not low,male,nonsmoker,white
483,,26,younger mom,38,full term,14,not married,40,8,not low,male,smoker,white
484,25,26,younger mom,38,full term,9,married,43,7.31,not low,female,smoker,not white
485,,26,younger mom,44,full term,14,not married,25,9.13,not low,male,smoker,white
486,42,26,younger mom,40,full term,8,married,38,7.13,not low,male,smoker,white
487,22,26,younger mom,39,full term,12,married,31,7.31,not low,male,smoker,white
488,,26,younger mom,42,full term,15,not married,30,7.38,not low,male,smoker,white
489,29,26,younger mom,39,full term,14,married,65,7.75,not low,female,smoker,white
490,31,26,younger mom,36,premie,18,married,40,8,not low,male,nonsmoker,white
491,27,26,younger mom,31,premie,20,not married,10,2.25,low,female,nonsmoker,white
492,29,26,younger mom,36,premie,10,not married,21,8.19,not low,female,nonsmoker,white
493,25,26,younger mom,33,premie,10,married,13,3.44,low,male,nonsmoker,white
494,35,26,younger mom,34,premie,14,married,48,6.5,not low,male,nonsmoker,not white
495,,26,younger mom,32,premie,18,not married,19,4,low,male,nonsmoker,not white
496,29,26,younger mom,36,premie,4,married,0,7.5,not low,male,nonsmoker,white
497,28,27,younger mom,40,full term,16,married,28,8,not low,male,nonsmoker,white
498,33,27,younger mom,41,full term,14,married,58,8,not low,male,nonsmoker,white
499,26,27,younger mom,39,full term,8,married,20,6.63,not low,male,nonsmoker,not white
500,28,27,younger mom,40,full term,14,married,36,6.75,not low,female,nonsmoker,not white
501,28,27,younger mom,39,full term,13,not married,61,7.44,not low,male,nonsmoker,white
502,30,27,younger mom,39,full term,13,married,50,6.25,not low,male,nonsmoker,white
503,31,27,younger mom,38,full term,12,married,31,6.56,not low,female,nonsmoker,white
504,27,27,younger mom,37,full term,13,married,38,5.63,not low,female,nonsmoker,white
505,32,27,younger mom,38,full term,11,married,14,4.56,low,female,nonsmoker,white
506,37,27,younger mom,41,full term,8,married,15,8.5,not low,female,nonsmoker,white
507,30,27,younger mom,39,full term,10,married,37,8.88,not low,male,nonsmoker,white
508,40,27,younger mom,37,full term,5,not married,15,6.25,not low,male,nonsmoker,white
509,31,27,younger mom,40,full term,13,not married,3,7.06,not low,female,nonsmoker,not white
510,30,27,younger mom,43,full term,12,married,17,7.94,not low,male,nonsmoker,white
511,31,27,younger mom,39,full term,5,not married,35,6.31,not low,male,nonsmoker,not white
512,33,27,younger mom,39,full term,9,not married,40,9.06,not low,male,nonsmoker,white
513,45,27,younger mom,39,full term,14,married,43,9.13,not low,male,nonsmoker,white
514,28,27,younger mom,40,full term,12,not married,21,7.06,not low,female,nonsmoker,not white
515,32,27,younger mom,38,full term,9,married,29,8.25,not low,female,nonsmoker,white
516,36,27,younger mom,40,full term,11,not married,18,7.75,not low,male,nonsmoker,not white
517,30,27,younger mom,40,full term,15,married,40,8.25,not low,male,nonsmoker,white
518,31,27,younger mom,37,full term,14,married,48,5.75,not low,female,nonsmoker,white
519,,27,younger mom,39,full term,16,married,25,7.69,not low,female,nonsmoker,white
520,,27,younger mom,41,full term,10,not married,20,6.69,not low,male,nonsmoker,white
521,39,27,younger mom,37,full term,13,married,50,7.75,not low,male,nonsmoker,white
522,,27,younger mom,37,full term,10,not married,37,6.81,not low,female,nonsmoker,white
523,33,27,younger mom,40,full term,,not married,10,8,not low,female,nonsmoker,white
524,32,27,younger mom,43,full term,11,married,30,6.56,not low,female,nonsmoker,not white
525,44,27,younger mom,40,full term,10,not married,24,9.63,not low,female,nonsmoker,white
526,35,27,younger mom,38,full term,14,married,22,8.25,not low,male,nonsmoker,white
527,27,27,younger mom,39,full term,14,married,31,7.56,not low,female,nonsmoker,white
528,37,27,younger mom,39,full term,16,married,34,7.19,not low,male,nonsmoker,white
529,,27,younger mom,39,full term,8,not married,12,7.25,not low,female,smoker,not white
530,,27,younger mom,38,full term,12,not married,40,6.25,not low,male,smoker,not white
531,34,27,younger mom,39,full term,16,married,24,8.88,not low,male,smoker,white
532,39,27,younger mom,39,full term,12,married,58,8.56,not low,male,smoker,white
533,24,27,younger mom,39,full term,15,not married,42,6.75,not low,female,smoker,not white
534,31,27,younger mom,39,full term,11,married,23,7.56,not low,female,smoker,white
535,27,27,younger mom,39,full term,11,married,5,7.81,not low,male,smoker,white
536,30,27,younger mom,39,full term,15,married,22,8.38,not low,male,smoker,white
537,33,27,younger mom,41,full term,15,married,38,7,not low,male,smoker,white
538,30,27,younger mom,34,premie,15,married,30,7.69,not low,female,nonsmoker,white
539,,27,younger mom,25,premie,10,not married,30,1.38,low,male,nonsmoker,not white
540,34,27,younger mom,32,premie,17,not married,20,4.06,low,female,nonsmoker,white
541,27,27,younger mom,35,premie,10,married,19,7.38,not low,male,nonsmoker,white
542,33,27,younger mom,36,premie,11,not married,14,5.56,not low,male,nonsmoker,not white
543,28,27,younger mom,33,premie,6,married,18,4.75,low,male,smoker,white
544,,28,younger mom,40,full term,13,not married,0,7.44,not low,female,nonsmoker,not white
545,28,28,younger mom,44,full term,17,married,32,6.75,not low,female,nonsmoker,white
546,36,28,younger mom,39,full term,15,married,40,8.38,not low,male,nonsmoker,white
547,,28,younger mom,40,full term,5,not married,31,7.81,not low,female,nonsmoker,white
548,27,28,younger mom,39,full term,22,married,21,8.13,not low,male,nonsmoker,white
549,,28,younger mom,39,full term,16,not married,35,8.06,not low,male,nonsmoker,not white
550,25,28,younger mom,39,full term,12,married,47,7.38,not low,male,nonsmoker,white
551,28,28,younger mom,40,full term,15,married,45,9.25,not low,male,nonsmoker,white
552,30,28,younger mom,40,full term,15,married,28,7.63,not low,female,nonsmoker,white
553,28,28,younger mom,40,full term,15,married,0,8.38,not low,male,nonsmoker,white
554,30,28,younger mom,39,full term,13,not married,0,7.5,not low,female,nonsmoker,white
555,33,28,younger mom,37,full term,,not married,72,8,not low,female,nonsmoker,not white
556,28,28,younger mom,39,full term,13,married,35,8.13,not low,female,nonsmoker,white
557,33,28,younger mom,39,full term,10,not married,39,7.31,not low,male,nonsmoker,white
558,30,28,younger mom,38,full term,8,married,0,7.56,not low,female,nonsmoker,white
559,45,28,younger mom,37,full term,13,married,13,7.44,not low,male,nonsmoker,not white
560,31,28,younger mom,39,full term,20,married,35,7.06,not low,female,nonsmoker,not white
561,27,28,younger mom,42,full term,15,married,14,7.5,not low,male,nonsmoker,white
562,24,28,younger mom,39,full term,12,not married,43,7.25,not low,male,nonsmoker,not white
563,33,28,younger mom,39,full term,14,married,33,8.56,not low,female,nonsmoker,not white
564,30,28,younger mom,39,full term,12,married,20,7.94,not low,female,nonsmoker,white
565,23,28,younger mom,40,full term,11,not married,20,8.13,not low,male,nonsmoker,white
566,35,28,younger mom,39,full term,12,married,19,7.06,not low,male,nonsmoker,not white
567,46,28,younger mom,39,full term,14,married,24,6.44,not low,male,nonsmoker,not white
568,34,28,younger mom,37,full term,11,married,18,5.81,not low,male,nonsmoker,white
569,28,28,younger mom,44,full term,15,married,35,8.44,not low,female,nonsmoker,white
570,29,28,younger mom,37,full term,5,not married,35,6.44,not low,male,nonsmoker,not white
571,33,28,younger mom,38,full term,11,not married,16,7.56,not low,female,nonsmoker,white
572,,28,younger mom,37,full term,13,not married,35,8.25,not low,female,nonsmoker,not white
573,31,28,younger mom,40,full term,16,married,20,6.38,not low,female,nonsmoker,white
574,29,28,younger mom,38,full term,10,married,34,7.13,not low,male,nonsmoker,white
575,24,28,younger mom,39,full term,15,married,33,5.56,not low,female,nonsmoker,white
576,35,28,younger mom,38,full term,10,married,25,6.88,not low,male,nonsmoker,white
577,28,28,younger mom,40,full term,15,married,32,7.75,not low,female,nonsmoker,white
578,34,28,younger mom,38,full term,12,married,,7.25,not low,female,nonsmoker,white
579,28,28,younger mom,40,full term,12,married,20,7.75,not low,female,nonsmoker,not white
580,33,28,younger mom,41,full term,10,married,30,8.13,not low,male,nonsmoker,not white
581,,28,younger mom,38,full term,10,married,70,8.19,not low,male,nonsmoker,white
582,30,28,younger mom,38,full term,12,married,41,8.5,not low,male,nonsmoker,not white
583,23,28,younger mom,39,full term,13,not married,34,5.69,not low,female,nonsmoker,white
584,31,28,younger mom,38,full term,15,married,25,6.38,not low,male,nonsmoker,white
585,37,28,younger mom,40,full term,12,married,35,8.25,not low,male,smoker,white
586,26,28,younger mom,39,full term,16,married,18,7.44,not low,female,smoker,white
587,,28,younger mom,41,full term,11,not married,14,7,not low,female,smoker,white
588,25,28,younger mom,38,full term,10,married,40,7.94,not low,female,smoker,white
589,34,28,younger mom,25,premie,,not married,25,1.88,low,female,nonsmoker,not white
590,32,28,younger mom,29,premie,18,married,40,3.56,low,male,nonsmoker,white
591,33,28,younger mom,35,premie,14,married,25,6.25,not low,male,nonsmoker,white
592,34,28,younger mom,32,premie,11,married,40,3.19,low,male,nonsmoker,white
593,37,28,younger mom,36,premie,14,not married,35,7.31,not low,female,nonsmoker,white
594,31,28,younger mom,35,premie,6,married,30,6.13,not low,female,nonsmoker,white
595,,28,younger mom,33,premie,9,not married,20,4.06,low,male,smoker,white
596,30,28,younger mom,31,premie,8,not married,30,3.31,low,male,smoker,white
597,28,29,younger mom,40,full term,5,married,20,7.38,not low,male,nonsmoker,white
598,28,29,younger mom,39,full term,15,married,38,7.88,not low,female,nonsmoker,white
599,31,29,younger mom,39,full term,10,married,26,8.94,not low,male,nonsmoker,white
600,29,29,younger mom,40,full term,9,not married,0,8.06,not low,male,nonsmoker,not white
601,30,29,younger mom,41,full term,14,married,30,7.69,not low,male,nonsmoker,white
602,31,29,younger mom,40,full term,15,married,30,8.56,not low,male,nonsmoker,white
603,27,29,younger mom,39,full term,10,married,20,7.13,not low,female,nonsmoker,white
604,45,29,younger mom,39,full term,11,married,30,9.81,not low,female,nonsmoker,white
605,34,29,younger mom,40,full term,16,not married,29,6.81,not low,female,nonsmoker,not white
606,28,29,younger mom,41,full term,15,married,50,8.31,not low,male,nonsmoker,white
607,30,29,younger mom,38,full term,12,married,25,8.44,not low,male,nonsmoker,white
608,37,29,younger mom,37,full term,15,married,45,6.94,not low,male,nonsmoker,white
609,31,29,younger mom,39,full term,11,married,17,8.5,not low,male,nonsmoker,white
610,30,29,younger mom,38,full term,14,married,36,7.88,not low,female,nonsmoker,white
611,31,29,younger mom,38,full term,14,married,39,7.94,not low,male,nonsmoker,white
612,28,29,younger mom,39,full term,12,married,30,7,not low,female,nonsmoker,white
613,42,29,younger mom,40,full term,8,married,25,7.81,not low,female,nonsmoker,white
614,30,29,younger mom,39,full term,14,married,30,5.38,low,male,nonsmoker,not white
615,35,29,younger mom,39,full term,6,married,,6.25,not low,male,nonsmoker,white
616,34,29,younger mom,38,full term,16,married,35,6.19,not low,female,nonsmoker,white
617,32,29,younger mom,39,full term,11,married,28,7.88,not low,female,nonsmoker,not white
618,,29,younger mom,39,full term,18,married,25,6.5,not low,male,nonsmoker,white
619,30,29,younger mom,38,full term,17,married,55,7,not low,female,nonsmoker,white
620,29,29,younger mom,37,full term,10,not married,40,7.13,not low,female,nonsmoker,not white
621,28,29,younger mom,39,full term,8,married,15,7.69,not low,female,nonsmoker,not white
622,33,29,younger mom,41,full term,13,married,34,9.56,not low,male,nonsmoker,white
623,30,29,younger mom,38,full term,7,married,23,6.5,not low,female,nonsmoker,white
624,32,29,younger mom,38,full term,14,married,20,7.44,not low,female,nonsmoker,white
625,29,29,younger mom,37,full term,18,married,30,6.31,not low,female,nonsmoker,white
626,29,29,younger mom,44,full term,12,married,51,8.5,not low,male,nonsmoker,white
627,30,29,younger mom,39,full term,19,married,30,7.31,not low,female,nonsmoker,white
628,,29,younger mom,37,full term,13,not married,14,5,low,female,nonsmoker,not white
629,30,29,younger mom,38,full term,10,married,55,5.44,low,male,nonsmoker,white
630,34,29,younger mom,37,full term,12,not married,,6.81,not low,male,nonsmoker,white
631,26,29,younger mom,37,full term,12,not married,12,6.31,not low,female,nonsmoker,white
632,22,29,younger mom,39,full term,17,married,25,9.75,not low,male,nonsmoker,not white
633,34,29,younger mom,39,full term,15,married,24,8.25,not low,female,nonsmoker,not white
634,40,29,younger mom,39,full term,14,married,20,6.63,not low,male,nonsmoker,not white
635,36,29,younger mom,41,full term,10,married,35,7.56,not low,female,nonsmoker,white
636,35,29,younger mom,38,full term,12,married,40,7.81,not low,male,nonsmoker,white
637,34,29,younger mom,40,full term,10,married,20,6.81,not low,female,nonsmoker,white
638,31,29,younger mom,41,full term,12,married,30,7.69,not low,male,smoker,not white
639,27,29,younger mom,37,full term,15,married,33,5.69,not low,male,smoker,white
640,33,29,younger mom,39,full term,11,not married,45,8.69,not low,male,smoker,white
641,33,29,younger mom,35,premie,15,married,13,5.44,low,female,nonsmoker,white
642,29,29,younger mom,35,premie,30,married,50,7.94,not low,male,nonsmoker,white
643,30,29,younger mom,36,premie,14,married,25,7.38,not low,female,nonsmoker,white
644,36,29,younger mom,22,premie,,married,15,1,low,female,nonsmoker,white
645,,29,younger mom,34,premie,10,not married,20,6,not low,male,nonsmoker,not white
646,23,29,younger mom,36,premie,12,not married,30,6,not low,female,nonsmoker,not white
647,,29,younger mom,34,premie,6,not married,25,4.88,low,male,smoker,not white
648,24,29,younger mom,35,premie,10,not married,40,5.94,not low,female,smoker,white
649,31,30,younger mom,41,full term,12,married,25,8.25,not low,female,nonsmoker,white
650,34,30,younger mom,39,full term,15,married,19,6.06,not low,male,nonsmoker,white
651,33,30,younger mom,37,full term,10,married,57,6.56,not low,male,nonsmoker,not white
652,29,30,younger mom,42,full term,12,married,29,8.19,not low,male,nonsmoker,not white
653,33,30,younger mom,44,full term,15,not married,40,8.63,not low,female,nonsmoker,white
654,31,30,younger mom,39,full term,12,married,22,6.75,not low,female,nonsmoker,white
655,31,30,younger mom,37,full term,10,not married,27,8.13,not low,female,nonsmoker,white
656,34,30,younger mom,39,full term,12,married,25,5.81,not low,male,nonsmoker,not white
657,31,30,younger mom,39,full term,15,married,47,9.75,not low,male,nonsmoker,white
658,33,30,younger mom,39,full term,10,married,28,7.63,not low,male,nonsmoker,white
659,30,30,younger mom,40,full term,9,married,59,4.56,low,male,nonsmoker,white
660,25,30,younger mom,43,full term,11,not married,47,8.75,not low,male,nonsmoker,white
661,33,30,younger mom,42,full term,15,married,40,7.13,not low,female,nonsmoker,white
662,32,30,younger mom,37,full term,14,married,45,7.31,not low,female,nonsmoker,not white
663,30,30,younger mom,37,full term,12,married,23,5.63,not low,female,nonsmoker,white
664,41,30,younger mom,40,full term,14,married,35,8.44,not low,male,nonsmoker,white
665,36,30,younger mom,39,full term,11,married,21,7.88,not low,male,nonsmoker,white
666,33,30,younger mom,39,full term,14,married,35,7.25,not low,female,nonsmoker,white
667,,30,younger mom,39,full term,10,not married,38,11.75,not low,male,nonsmoker,white
668,29,30,younger mom,39,full term,10,married,43,6.88,not low,female,nonsmoker,white
669,34,30,younger mom,38,full term,16,married,30,7.5,not low,female,nonsmoker,white
670,,30,younger mom,40,full term,10,not married,0,6.88,not low,female,nonsmoker,not white
671,35,30,younger mom,43,full term,12,married,30,7.63,not low,male,nonsmoker,white
672,29,30,younger mom,38,full term,14,married,30,8.38,not low,female,nonsmoker,white
673,31,30,younger mom,39,full term,13,married,50,7.56,not low,female,nonsmoker,white
674,33,30,younger mom,39,full term,9,married,42,7.81,not low,male,smoker,white
675,31,30,younger mom,38,full term,13,married,20,6.5,not low,female,smoker,white
676,31,30,younger mom,39,full term,13,married,1,6.88,not low,male,smoker,white
677,29,30,younger mom,39,full term,15,married,44,6.38,not low,male,smoker,white
678,34,30,younger mom,38,full term,5,married,17,6,not low,female,smoker,white
679,36,30,younger mom,38,full term,12,married,19,6.5,not low,female,smoker,white
680,,30,younger mom,36,premie,8,not married,30,7.25,not low,female,nonsmoker,white
681,30,30,younger mom,36,premie,14,married,30,4.19,low,female,nonsmoker,white
682,,30,younger mom,36,premie,11,not married,21,7.06,not low,male,nonsmoker,white
683,,30,younger mom,34,premie,15,not married,14,6.06,not low,male,nonsmoker,not white
684,32,30,younger mom,31,premie,8,married,,2.94,low,male,nonsmoker,not white
685,32,30,younger mom,35,premie,10,married,20,6,not low,female,nonsmoker,white
686,31,30,younger mom,36,premie,14,married,,5.5,low,female,nonsmoker,white
687,30,30,younger mom,35,premie,12,married,0,9.19,not low,male,smoker,white
688,34,31,younger mom,39,full term,15,married,22,8.69,not low,male,nonsmoker,white
689,38,31,younger mom,37,full term,11,married,45,8,not low,male,nonsmoker,white
690,35,31,younger mom,38,full term,10,married,26,6.81,not low,female,nonsmoker,white
691,30,31,younger mom,38,full term,15,married,44,6.56,not low,male,nonsmoker,white
692,28,31,younger mom,39,full term,12,married,,9.19,not low,male,nonsmoker,white
693,26,31,younger mom,41,full term,12,married,54,9.19,not low,male,nonsmoker,not white
694,35,31,younger mom,38,full term,10,married,38,7.44,not low,female,nonsmoker,white
695,34,31,younger mom,39,full term,10,married,44,7.38,not low,male,nonsmoker,white
696,35,31,younger mom,37,full term,10,married,40,7.81,not low,male,nonsmoker,white
697,27,31,younger mom,39,full term,14,married,33,7.81,not low,male,nonsmoker,white
698,42,31,younger mom,39,full term,12,married,34,7.88,not low,male,nonsmoker,white
699,32,31,younger mom,40,full term,15,married,46,8,not low,male,nonsmoker,white
700,,31,younger mom,38,full term,20,not married,3,6.56,not low,female,nonsmoker,not white
701,40,31,younger mom,37,full term,9,married,41,6.13,not low,female,nonsmoker,white
702,35,31,younger mom,39,full term,15,married,35,7.44,not low,male,nonsmoker,white
703,32,31,younger mom,41,full term,15,married,28,7.63,not low,female,nonsmoker,white
704,34,31,younger mom,40,full term,14,married,44,7.5,not low,female,nonsmoker,white
705,38,31,younger mom,37,full term,11,married,34,6.31,not low,female,nonsmoker,white
706,,31,younger mom,40,full term,10,not married,12,5.25,low,male,nonsmoker,white
707,,31,younger mom,38,full term,16,not married,20,4.75,low,female,nonsmoker,not white
708,31,31,younger mom,38,full term,18,married,19,7.25,not low,male,nonsmoker,white
709,31,31,younger mom,41,full term,14,married,40,8.13,not low,female,nonsmoker,white
710,34,31,younger mom,39,full term,12,married,50,9.25,not low,male,nonsmoker,white
711,35,31,younger mom,37,full term,12,married,37,8.06,not low,female,nonsmoker,white
712,,31,younger mom,38,full term,10,not married,35,6.63,not low,female,nonsmoker,not white
713,38,31,younger mom,45,full term,12,married,50,7.13,not low,male,nonsmoker,not white
714,31,31,younger mom,39,full term,15,married,30,6.38,not low,female,nonsmoker,white
715,36,31,younger mom,37,full term,13,married,34,9.5,not low,female,nonsmoker,white
716,34,31,younger mom,41,full term,7,married,14,7.13,not low,female,nonsmoker,white
717,32,31,younger mom,38,full term,10,married,33,8.81,not low,male,nonsmoker,white
718,35,31,younger mom,39,full term,12,married,25,7.88,not low,male,nonsmoker,white
719,35,31,younger mom,40,full term,15,married,32,6.25,not low,male,nonsmoker,white
720,35,31,younger mom,40,full term,10,married,45,8,not low,female,nonsmoker,white
721,30,31,younger mom,39,full term,12,married,42,7.88,not low,male,nonsmoker,white
722,32,31,younger mom,37,full term,13,married,30,10.38,not low,male,nonsmoker,white
723,33,31,younger mom,38,full term,15,married,35,8.81,not low,female,nonsmoker,white
724,32,31,younger mom,37,full term,12,married,29,6.5,not low,female,nonsmoker,white
725,28,31,younger mom,40,full term,6,married,30,7,not low,male,nonsmoker,white
726,32,31,younger mom,40,full term,12,married,22,8.19,not low,male,nonsmoker,white
727,38,31,younger mom,39,full term,11,married,85,7.63,not low,female,nonsmoker,white
728,34,31,younger mom,40,full term,16,married,37,7.19,not low,female,nonsmoker,white
729,35,31,younger mom,40,full term,15,married,30,7.06,not low,female,nonsmoker,white
730,,31,younger mom,40,full term,14,not married,56,6,not low,female,smoker,white
731,43,31,younger mom,41,full term,5,married,20,7.06,not low,female,smoker,white
732,37,31,younger mom,39,full term,14,married,55,8.13,not low,male,smoker,white
733,30,31,younger mom,26,premie,8,married,7,1.31,low,female,nonsmoker,white
734,32,31,younger mom,30,premie,10,married,20,2.88,low,female,nonsmoker,not white
735,32,31,younger mom,36,premie,13,married,20,6,not low,female,nonsmoker,white
736,32,31,younger mom,34,premie,9,married,31,5.94,not low,female,nonsmoker,white
737,,31,younger mom,36,premie,12,not married,34,5.25,low,female,nonsmoker,not white
738,32,31,younger mom,33,premie,16,married,55,4.75,low,female,smoker,white
739,29,31,younger mom,36,premie,8,married,42,5.94,not low,male,smoker,white
740,33,32,younger mom,,,9,married,25,7.19,not low,male,nonsmoker,white
741,,32,younger mom,41,full term,15,not married,28,4.75,low,female,nonsmoker,not white
742,33,32,younger mom,39,full term,12,married,30,6.13,not low,male,nonsmoker,white
743,30,32,younger mom,39,full term,14,married,55,9.38,not low,male,nonsmoker,white
744,,32,younger mom,41,full term,12,not married,21,7.13,not low,male,nonsmoker,white
745,33,32,younger mom,41,full term,12,married,20,7.38,not low,male,nonsmoker,white
746,28,32,younger mom,40,full term,11,married,43,7.44,not low,female,nonsmoker,white
747,29,32,younger mom,38,full term,20,married,25,5.81,not low,female,nonsmoker,not white
748,33,32,younger mom,41,full term,12,married,32,9.13,not low,female,nonsmoker,white
749,36,32,younger mom,38,full term,10,married,22,6.25,not low,female,nonsmoker,white
750,35,32,younger mom,40,full term,14,married,26,8.5,not low,female,nonsmoker,white
751,26,32,younger mom,43,full term,12,married,30,11.63,not low,female,nonsmoker,white
752,31,32,younger mom,38,full term,6,married,27,6.75,not low,female,nonsmoker,white
753,34,32,younger mom,37,full term,11,married,28,5.56,not low,male,nonsmoker,white
754,31,32,younger mom,37,full term,12,not married,22,6,not low,female,nonsmoker,white
755,44,32,younger mom,40,full term,10,married,10,6.69,not low,male,nonsmoker,white
756,34,32,younger mom,38,full term,10,married,29,9.5,not low,female,nonsmoker,not white
757,32,32,younger mom,38,full term,10,married,42,8.88,not low,male,nonsmoker,white
758,31,32,younger mom,39,full term,14,married,20,9.19,not low,female,nonsmoker,white
759,30,32,younger mom,39,full term,18,married,45,9.31,not low,male,nonsmoker,white
760,40,32,younger mom,40,full term,14,married,24,7.38,not low,female,nonsmoker,not white
761,35,32,younger mom,39,full term,12,married,22,8.88,not low,male,nonsmoker,not white
762,35,32,younger mom,37,full term,11,married,25,6.19,not low,male,nonsmoker,not white
763,36,32,younger mom,37,full term,10,married,48,8.81,not low,male,nonsmoker,white
764,34,32,younger mom,39,full term,13,married,25,7.31,not low,female,nonsmoker,white
765,36,32,younger mom,40,full term,15,married,16,7.38,not low,male,nonsmoker,white
766,35,32,younger mom,38,full term,13,married,37,5,low,female,nonsmoker,white
767,38,32,younger mom,39,full term,10,married,35,9.25,not low,male,nonsmoker,white
768,27,32,younger mom,39,full term,12,married,27,6.69,not low,female,nonsmoker,white
769,,32,younger mom,37,full term,8,not married,30,6.81,not low,female,nonsmoker,not white
770,33,32,younger mom,33,premie,13,married,35,3,low,female,nonsmoker,white
771,35,32,younger mom,33,premie,14,married,30,4.63,low,male,nonsmoker,white
772,32,32,younger mom,33,premie,9,married,22,5.56,not low,male,nonsmoker,white
773,45,32,younger mom,35,premie,14,married,29,4.44,low,female,nonsmoker,white
774,42,32,younger mom,26,premie,13,married,36,1.44,low,female,nonsmoker,not white
775,32,32,younger mom,26,premie,8,married,35,1.5,low,female,nonsmoker,white
776,,32,younger mom,33,premie,10,married,60,5.06,low,male,nonsmoker,white
777,23,32,younger mom,36,premie,18,married,10,4.44,low,male,smoker,white
778,35,33,younger mom,40,full term,11,married,23,6.81,not low,male,nonsmoker,not white
779,35,33,younger mom,39,full term,12,married,15,8.81,not low,male,nonsmoker,white
780,33,33,younger mom,38,full term,15,not married,60,6.56,not low,male,nonsmoker,white
781,35,33,younger mom,42,full term,13,not married,3,6.75,not low,male,nonsmoker,not white
782,,33,younger mom,37,full term,9,not married,35,7.94,not low,female,nonsmoker,not white
783,32,33,younger mom,38,full term,11,married,26,7.31,not low,female,nonsmoker,white
784,42,33,younger mom,42,full term,24,married,20,6.44,not low,female,nonsmoker,not white
785,32,33,younger mom,37,full term,13,married,15,3.94,low,female,nonsmoker,not white
786,31,33,younger mom,39,full term,16,not married,28,8.06,not low,female,nonsmoker,white
787,38,33,younger mom,39,full term,12,married,25,9.25,not low,male,nonsmoker,not white
788,33,33,younger mom,39,full term,14,married,0,7.38,not low,female,nonsmoker,white
789,36,33,younger mom,39,full term,13,married,41,7.38,not low,male,nonsmoker,white
790,36,33,younger mom,39,full term,15,married,44,7.56,not low,male,nonsmoker,white
791,36,33,younger mom,39,full term,12,married,0,8.81,not low,male,nonsmoker,white
792,36,33,younger mom,38,full term,10,married,20,6,not low,male,nonsmoker,white
793,27,33,younger mom,38,full term,12,married,17,6.88,not low,female,nonsmoker,white
794,34,33,younger mom,39,full term,10,married,40,8.06,not low,male,nonsmoker,white
795,31,33,younger mom,38,full term,10,married,24,6.69,not low,female,nonsmoker,not white
796,34,33,younger mom,38,full term,18,married,6,7.06,not low,female,nonsmoker,white
797,33,33,younger mom,38,full term,13,married,18,6.88,not low,male,nonsmoker,white
798,35,33,younger mom,37,full term,13,married,21,9.63,not low,male,nonsmoker,white
799,31,33,younger mom,37,full term,14,married,24,7.88,not low,male,nonsmoker,white
800,42,33,younger mom,41,full term,15,married,30,8.88,not low,female,nonsmoker,white
801,33,33,younger mom,37,full term,14,married,0,7.81,not low,male,nonsmoker,not white
802,35,33,younger mom,41,full term,16,not married,41,7.38,not low,female,nonsmoker,white
803,35,33,younger mom,37,full term,15,married,30,7.5,not low,male,nonsmoker,white
804,33,33,younger mom,39,full term,30,married,0,7.31,not low,male,nonsmoker,not white
805,33,33,younger mom,37,full term,10,married,35,8.25,not low,female,nonsmoker,not white
806,40,33,younger mom,39,full term,10,married,23,6.56,not low,male,nonsmoker,white
807,32,33,younger mom,40,full term,12,not married,36,8.81,not low,female,nonsmoker,not white
808,31,33,younger mom,39,full term,,not married,40,7.88,not low,female,nonsmoker,white
809,34,33,younger mom,39,full term,12,married,0,8.31,not low,female,nonsmoker,white
810,38,33,younger mom,38,full term,14,married,30,5.88,not low,male,nonsmoker,white
811,37,33,younger mom,38,full term,13,married,18,8.63,not low,male,nonsmoker,white
812,27,33,younger mom,40,full term,15,married,35,9.31,not low,male,nonsmoker,white
813,34,33,younger mom,40,full term,25,not married,25,7.88,not low,male,nonsmoker,not white
814,32,33,younger mom,40,full term,13,married,77,9.63,not low,female,nonsmoker,white
815,38,33,younger mom,40,full term,15,married,45,10.06,not low,female,nonsmoker,not white
816,34,33,younger mom,38,full term,16,married,60,7.13,not low,male,nonsmoker,white
817,35,33,younger mom,40,full term,16,married,30,6.81,not low,male,nonsmoker,white
818,48,33,younger mom,40,full term,11,married,0,8.19,not low,male,smoker,white
819,34,33,younger mom,43,full term,13,married,25,9.13,not low,male,smoker,white
820,34,33,younger mom,35,premie,10,not married,20,5.63,not low,female,nonsmoker,white
821,37,33,younger mom,36,premie,13,married,23,6.56,not low,female,nonsmoker,white
822,37,33,younger mom,36,premie,11,married,15,6.31,not low,male,smoker,white
823,34,34,younger mom,41,full term,15,married,33,7.13,not low,male,nonsmoker,white
824,25,34,younger mom,41,full term,10,not married,35,8.19,not low,female,nonsmoker,white
825,32,34,younger mom,39,full term,13,married,30,8,not low,male,nonsmoker,white
826,35,34,younger mom,40,full term,12,married,35,8.63,not low,female,nonsmoker,white
827,37,34,younger mom,37,full term,15,married,75,6.69,not low,female,nonsmoker,white
828,40,34,younger mom,39,full term,15,married,20,6.38,not low,male,nonsmoker,not white
829,38,34,younger mom,38,full term,13,married,32,8.5,not low,female,nonsmoker,white
830,38,34,younger mom,37,full term,20,married,60,6.81,not low,female,nonsmoker,white
831,35,34,younger mom,40,full term,15,married,42,7.88,not low,female,nonsmoker,white
832,35,34,younger mom,39,full term,13,married,30,7.56,not low,male,nonsmoker,white
833,34,34,younger mom,38,full term,11,married,23,7.25,not low,male,nonsmoker,white
834,33,34,younger mom,38,full term,11,married,40,6.88,not low,male,nonsmoker,white
835,35,34,younger mom,40,full term,13,married,36,8.5,not low,male,nonsmoker,white
836,35,34,younger mom,45,full term,10,married,34,8.5,not low,male,nonsmoker,white
837,37,34,younger mom,37,full term,18,married,0,4.75,low,female,nonsmoker,not white
838,34,34,younger mom,37,full term,13,married,30,8.75,not low,male,nonsmoker,white
839,33,34,younger mom,39,full term,10,married,40,6.44,not low,female,nonsmoker,white
840,36,34,younger mom,38,full term,14,married,15,7,not low,female,nonsmoker,white
841,32,34,younger mom,37,full term,10,married,25,7.25,not low,female,nonsmoker,white
842,33,34,younger mom,40,full term,13,married,25,8.25,not low,male,nonsmoker,white
843,35,34,younger mom,37,full term,14,married,36,8.5,not low,male,nonsmoker,white
844,35,34,younger mom,40,full term,15,married,20,7.44,not low,male,nonsmoker,white
845,40,34,younger mom,37,full term,5,married,25,7.75,not low,female,nonsmoker,white
846,36,34,younger mom,41,full term,15,married,28,8.5,not low,female,nonsmoker,white
847,40,34,younger mom,39,full term,12,married,23,8.13,not low,male,nonsmoker,white
848,36,34,younger mom,41,full term,10,married,,6.94,not low,male,nonsmoker,white
849,34,34,younger mom,37,full term,15,married,20,7.25,not low,male,nonsmoker,white
850,22,34,younger mom,39,full term,12,married,57,9.69,not low,male,nonsmoker,not white
851,38,34,younger mom,40,full term,18,married,0,6.31,not low,female,nonsmoker,white
852,31,34,younger mom,42,full term,20,married,40,6.75,not low,male,nonsmoker,white
853,34,34,younger mom,37,full term,17,married,35,6.88,not low,female,nonsmoker,white
854,40,34,younger mom,44,full term,12,married,28,8.75,not low,male,nonsmoker,white
855,30,34,younger mom,40,full term,10,married,22,9.31,not low,male,nonsmoker,white
856,26,34,younger mom,39,full term,16,married,15,7.88,not low,female,nonsmoker,not white
857,35,34,younger mom,40,full term,16,married,38,7.63,not low,female,nonsmoker,white
858,35,34,younger mom,41,full term,10,married,33,8.31,not low,female,nonsmoker,not white
859,30,34,younger mom,41,full term,14,married,40,7.88,not low,female,nonsmoker,white
860,34,34,younger mom,39,full term,10,married,44,7.56,not low,female,nonsmoker,white
861,39,34,younger mom,38,full term,8,married,60,6.19,not low,female,nonsmoker,white
862,38,34,younger mom,39,full term,9,married,34,7.94,not low,female,nonsmoker,not white
863,38,34,younger mom,34,premie,10,married,29,7.19,not low,male,nonsmoker,white
864,38,34,younger mom,36,premie,7,married,22,6.31,not low,male,nonsmoker,white
865,38,34,younger mom,34,premie,10,married,15,4.69,low,female,nonsmoker,white
866,,34,younger mom,33,premie,17,not married,14,3.81,low,female,nonsmoker,white
867,34,34,younger mom,28,premie,20,married,21,2.88,low,male,nonsmoker,white
868,38,35,mature mom,38,full term,16,married,2,10.13,not low,male,nonsmoker,white
869,43,35,mature mom,39,full term,12,married,20,7.06,not low,female,nonsmoker,white
870,30,35,mature mom,40,full term,12,married,43,8.56,not low,male,nonsmoker,white
871,34,35,mature mom,39,full term,14,married,30,6.94,not low,female,nonsmoker,white
872,39,35,mature mom,39,full term,16,married,52,8.81,not low,male,nonsmoker,not white
873,38,35,mature mom,40,full term,14,married,15,8.44,not low,female,nonsmoker,white
874,,35,mature mom,39,full term,3,not married,10,8.13,not low,male,nonsmoker,not white
875,36,35,mature mom,37,full term,14,married,30,7.63,not low,male,nonsmoker,white
876,39,35,mature mom,38,full term,12,married,50,8.44,not low,male,nonsmoker,white
877,36,35,mature mom,40,full term,12,married,29,8.88,not low,male,nonsmoker,white
878,34,35,mature mom,39,full term,10,married,34,8.25,not low,female,nonsmoker,white
879,39,35,mature mom,41,full term,11,married,22,7.88,not low,male,nonsmoker,white
880,37,35,mature mom,40,full term,16,married,32,7.31,not low,female,nonsmoker,white
881,33,35,mature mom,40,full term,14,married,35,7.88,not low,male,nonsmoker,white
882,32,35,mature mom,38,full term,17,married,55,7.5,not low,female,nonsmoker,white
883,,35,mature mom,40,full term,18,not married,20,5.19,low,female,nonsmoker,white
884,35,35,mature mom,38,full term,14,married,35,8.06,not low,male,nonsmoker,white
885,41,35,mature mom,39,full term,18,not married,20,8.94,not low,male,nonsmoker,not white
886,35,35,mature mom,39,full term,13,married,30,7.69,not low,male,nonsmoker,white
887,35,35,mature mom,38,full term,12,married,30,6.63,not low,female,nonsmoker,white
888,42,35,mature mom,38,full term,10,married,50,7.63,not low,male,nonsmoker,white
889,34,35,mature mom,39,full term,12,married,30,7.56,not low,male,nonsmoker,white
890,32,35,mature mom,38,full term,15,married,20,6.38,not low,female,nonsmoker,white
891,48,35,mature mom,37,full term,20,married,18,6.25,not low,female,nonsmoker,white
892,32,35,mature mom,38,full term,8,married,10,7.13,not low,female,nonsmoker,white
893,36,35,mature mom,39,full term,10,married,0,7.94,not low,female,nonsmoker,white
894,33,35,mature mom,38,full term,10,married,20,6.44,not low,female,smoker,white
895,,35,mature mom,37,full term,10,married,25,5.63,not low,male,smoker,white
896,32,35,mature mom,35,premie,12,not married,13,6.5,not low,female,nonsmoker,white
897,38,35,mature mom,36,premie,16,married,32,6.44,not low,female,nonsmoker,white
898,31,35,mature mom,36,premie,12,married,24,8.69,not low,male,nonsmoker,white
899,38,35,mature mom,36,premie,11,married,16,5.63,not low,male,nonsmoker,not white
900,37,35,mature mom,28,premie,8,married,15,2.25,low,male,nonsmoker,white
901,42,35,mature mom,36,premie,18,married,25,6.75,not low,male,nonsmoker,white
902,35,35,mature mom,28,premie,6,not married,29,1.63,low,female,nonsmoker,white
903,37,36,mature mom,41,full term,4,not married,10,8.88,not low,female,nonsmoker,white
904,37,36,mature mom,39,full term,13,married,31,7.06,not low,female,nonsmoker,white
905,34,36,mature mom,37,full term,14,married,40,8.81,not low,male,nonsmoker,white
906,39,36,mature mom,41,full term,4,married,13,7.56,not low,female,nonsmoker,white
907,41,36,mature mom,38,full term,6,married,47,9.19,not low,male,nonsmoker,not white
908,30,36,mature mom,37,full term,22,married,28,6.19,not low,female,nonsmoker,white
909,32,36,mature mom,38,full term,18,married,24,5.38,low,female,nonsmoker,white
910,40,36,mature mom,38,full term,26,married,20,7.19,not low,female,nonsmoker,white
911,37,36,mature mom,44,full term,12,married,35,6.75,not low,female,nonsmoker,not white
912,42,36,mature mom,40,full term,13,not married,50,7.38,not low,male,nonsmoker,not white
913,33,36,mature mom,39,full term,15,married,20,6.06,not low,female,nonsmoker,not white
914,39,36,mature mom,37,full term,10,married,20,6.88,not low,male,nonsmoker,white
915,33,36,mature mom,38,full term,11,married,20,7,not low,male,nonsmoker,white
916,42,36,mature mom,39,full term,12,married,11,8.56,not low,male,nonsmoker,white
917,30,36,mature mom,39,full term,20,married,23,8.19,not low,male,nonsmoker,white
918,37,36,mature mom,38,full term,15,married,40,7,not low,female,nonsmoker,white
919,33,36,mature mom,40,full term,11,married,40,8.13,not low,female,nonsmoker,white
920,37,36,mature mom,38,full term,12,married,43,9.13,not low,female,nonsmoker,white
921,36,36,mature mom,39,full term,11,married,25,7.81,not low,female,nonsmoker,white
922,39,36,mature mom,38,full term,11,married,7,7,not low,female,nonsmoker,not white
923,35,36,mature mom,38,full term,18,married,37,8.25,not low,male,nonsmoker,white
924,32,36,mature mom,39,full term,14,married,2,8,not low,male,nonsmoker,white
925,40,36,mature mom,39,full term,9,married,,10.25,not low,female,nonsmoker,white
926,34,36,mature mom,39,full term,5,married,35,7.69,not low,male,nonsmoker,white
927,28,36,mature mom,38,full term,11,married,17,7.06,not low,female,nonsmoker,white
928,41,36,mature mom,39,full term,14,not married,56,7.06,not low,male,smoker,not white
929,37,36,mature mom,39,full term,5,not married,25,5.38,low,female,smoker,white
930,34,36,mature mom,38,full term,4,not married,25,6.88,not low,male,smoker,not white
931,41,36,mature mom,31,premie,5,married,40,3.25,low,male,nonsmoker,white
932,36,36,mature mom,30,premie,10,married,65,4,low,female,nonsmoker,white
933,38,36,mature mom,36,premie,18,married,25,4.13,low,female,nonsmoker,white
934,39,37,mature mom,38,full term,5,married,45,5.13,low,male,nonsmoker,white
935,37,37,mature mom,41,full term,17,married,45,9.88,not low,male,nonsmoker,white
936,35,37,mature mom,40,full term,13,married,23,6.19,not low,female,nonsmoker,white
937,,37,mature mom,41,full term,9,not married,30,7.81,not low,female,nonsmoker,not white
938,41,37,mature mom,38,full term,12,married,70,8.75,not low,male,nonsmoker,white
939,44,37,mature mom,39,full term,12,married,20,9.31,not low,male,nonsmoker,white
940,42,37,mature mom,41,full term,16,married,38,7,not low,female,nonsmoker,white
941,37,37,mature mom,38,full term,18,not married,29,6.69,not low,female,nonsmoker,not white
942,38,37,mature mom,40,full term,14,married,35,8.63,not low,male,nonsmoker,white
943,37,37,mature mom,40,full term,10,married,35,8.5,not low,male,nonsmoker,white
944,36,37,mature mom,44,full term,10,married,25,8.94,not low,male,nonsmoker,white
945,39,37,mature mom,41,full term,17,married,18,6.31,not low,male,nonsmoker,not white
946,36,37,mature mom,40,full term,15,married,17,7.25,not low,female,nonsmoker,white
947,38,37,mature mom,39,full term,10,married,10,7,not low,female,nonsmoker,white
948,47,37,mature mom,38,full term,13,married,40,7.94,not low,male,nonsmoker,white
949,37,37,mature mom,40,full term,12,married,29,6.25,not low,female,nonsmoker,white
950,42,37,mature mom,40,full term,,married,10,7.94,not low,male,nonsmoker,not white
951,34,37,mature mom,41,full term,16,married,36,8.31,not low,female,nonsmoker,white
952,43,37,mature mom,38,full term,10,married,23,8.5,not low,female,nonsmoker,white
953,37,37,mature mom,39,full term,14,married,30,8.38,not low,male,nonsmoker,white
954,,37,mature mom,38,full term,3,not married,,7.5,not low,male,smoker,white
955,,37,mature mom,39,full term,5,not married,20,8.19,not low,female,smoker,not white
956,41,37,mature mom,35,premie,15,married,40,4.94,low,male,nonsmoker,white
957,38,37,mature mom,35,premie,20,married,37,5.94,not low,male,nonsmoker,white
958,45,37,mature mom,35,premie,9,married,45,4.31,low,male,nonsmoker,white
959,38,37,mature mom,26,premie,5,married,25,3.63,low,male,nonsmoker,not white
960,37,38,mature mom,40,full term,11,married,44,8.75,not low,male,nonsmoker,white
961,39,38,mature mom,39,full term,16,married,30,7,not low,male,nonsmoker,not white
962,44,38,mature mom,38,full term,14,married,65,6.25,not low,female,nonsmoker,white
963,42,38,mature mom,39,full term,15,married,50,8.94,not low,female,nonsmoker,not white
964,,38,mature mom,38,full term,15,married,13,8.38,not low,male,nonsmoker,white
965,40,38,mature mom,42,full term,13,married,20,7.56,not low,female,nonsmoker,white
966,44,38,mature mom,41,full term,15,married,37,7.75,not low,female,nonsmoker,white
967,40,38,mature mom,41,full term,14,married,20,7.25,not low,male,nonsmoker,white
968,42,38,mature mom,41,full term,15,married,35,10.13,not low,female,nonsmoker,white
969,26,38,mature mom,20,premie,5,not married,30,1.38,low,female,nonsmoker,not white
970,36,38,mature mom,35,premie,15,not married,34,5.5,low,female,nonsmoker,white
971,,38,mature mom,32,premie,10,not married,16,2.19,low,female,smoker,white
972,41,39,mature mom,39,full term,11,married,30,8.06,not low,female,nonsmoker,white
973,39,39,mature mom,40,full term,12,married,27,7.81,not low,female,nonsmoker,white
974,43,39,mature mom,38,full term,17,not married,40,7.5,not low,female,nonsmoker,white
975,38,39,mature mom,39,full term,20,married,50,7.19,not low,female,nonsmoker,white
976,,39,mature mom,38,full term,16,not married,25,6.06,not low,female,smoker,not white
977,46,39,mature mom,38,full term,10,not married,35,6.75,not low,male,smoker,white
978,53,39,mature mom,33,premie,6,not married,24,5.5,low,male,smoker,not white
979,40,40,mature mom,38,full term,13,married,38,7.31,not low,male,nonsmoker,white
980,34,40,mature mom,41,full term,8,not married,29,9.88,not low,male,nonsmoker,
981,43,40,mature mom,41,full term,11,married,25,9.19,not low,male,nonsmoker,white
982,41,40,mature mom,43,full term,12,married,27,8.13,not low,male,nonsmoker,white
983,41,40,mature mom,40,full term,13,married,30,9,not low,female,nonsmoker,white
984,44,40,mature mom,37,full term,30,married,15,7.44,not low,female,nonsmoker,not white
985,42,40,mature mom,35,premie,12,married,35,5.69,not low,male,nonsmoker,white
986,33,40,mature mom,36,premie,13,not married,23,7.81,not low,female,nonsmoker,white
987,46,40,mature mom,35,premie,14,married,,6.69,not low,male,nonsmoker,white
988,,41,mature mom,,,,,,3.63,low,female,,white
989,48,41,mature mom,41,full term,15,married,28,6.38,not low,male,nonsmoker,not white
990,50,41,mature mom,37,full term,12,not married,61,7.44,not low,male,nonsmoker,white
991,42,41,mature mom,38,full term,11,not married,12,5.88,not low,female,nonsmoker,not white
992,43,41,mature mom,39,full term,14,married,10,7.69,not low,male,nonsmoker,white
993,40,41,mature mom,39,full term,12,married,20,7.56,not low,female,nonsmoker,white
994,34,41,mature mom,39,full term,15,married,40,6.56,not low,male,nonsmoker,not white
995,,41,mature mom,33,premie,13,married,0,5.69,not low,female,nonsmoker,not white
996,47,42,mature mom,40,full term,10,married,26,8.44,not low,male,nonsmoker,not white
997,34,42,mature mom,38,full term,18,married,20,6.19,not low,female,nonsmoker,white
998,39,45,mature mom,40,full term,15,married,32,6.94,not low,female,nonsmoker,white
999,55,46,mature mom,31,premie,8,married,25,4.56,low,female,nonsmoker,not white
1000,45,50,mature mom,39,full term,14,married,23,7.13,not low,female,nonsmoker,white
