rownames,v1,v2
1,position,college_grad
2,support,yes
3,support,yes
4,support,yes
5,support,yes
6,support,yes
7,support,yes
8,support,yes
9,support,yes
10,support,yes
11,support,yes
12,support,yes
13,support,yes
14,support,yes
15,support,yes
16,support,yes
17,support,yes
18,support,yes
19,support,yes
20,support,yes
21,support,yes
22,support,yes
23,support,yes
24,support,yes
25,support,yes
26,support,yes
27,support,yes
28,support,yes
29,support,yes
30,support,yes
31,support,yes
32,support,yes
33,support,yes
34,support,yes
35,support,yes
36,support,yes
37,support,yes
38,support,yes
39,support,yes
40,support,yes
41,support,yes
42,support,yes
43,support,yes
44,support,yes
45,support,yes
46,support,yes
47,support,yes
48,support,yes
49,support,yes
50,support,yes
51,support,yes
52,support,yes
53,support,yes
54,support,yes
55,support,yes
56,support,yes
57,support,yes
58,support,yes
59,support,yes
60,support,yes
61,support,yes
62,support,yes
63,support,yes
64,support,yes
65,support,yes
66,support,yes
67,support,yes
68,support,yes
69,support,yes
70,support,yes
71,support,yes
72,support,yes
73,support,yes
74,support,yes
75,support,yes
76,support,yes
77,support,yes
78,support,yes
79,support,yes
80,support,yes
81,support,yes
82,support,yes
83,support,yes
84,support,yes
85,support,yes
86,support,yes
87,support,yes
88,support,yes
89,support,yes
90,support,yes
91,support,yes
92,support,yes
93,support,yes
94,support,yes
95,support,yes
96,support,yes
97,support,yes
98,support,yes
99,support,yes
100,support,yes
101,support,yes
102,support,yes
103,support,yes
104,support,yes
105,support,yes
106,support,yes
107,support,yes
108,support,yes
109,support,yes
110,support,yes
111,support,yes
112,support,yes
113,support,yes
114,support,yes
115,support,yes
116,support,yes
117,support,yes
118,support,yes
119,support,yes
120,support,yes
121,support,yes
122,support,yes
123,support,yes
124,support,yes
125,support,yes
126,support,yes
127,support,yes
128,support,yes
129,support,yes
130,support,yes
131,support,yes
132,support,yes
133,support,yes
134,support,yes
135,support,yes
136,support,yes
137,support,yes
138,support,yes
139,support,yes
140,support,yes
141,support,yes
142,support,yes
143,support,yes
144,support,yes
145,support,yes
146,support,yes
147,support,yes
148,support,yes
149,support,yes
150,support,yes
151,support,yes
152,support,yes
153,support,yes
154,support,yes
155,support,yes
156,support,no
157,support,no
158,support,no
159,support,no
160,support,no
161,support,no
162,support,no
163,support,no
164,support,no
165,support,no
166,support,no
167,support,no
168,support,no
169,support,no
170,support,no
171,support,no
172,support,no
173,support,no
174,support,no
175,support,no
176,support,no
177,support,no
178,support,no
179,support,no
180,support,no
181,support,no
182,support,no
183,support,no
184,support,no
185,support,no
186,support,no
187,support,no
188,support,no
189,support,no
190,support,no
191,support,no
192,support,no
193,support,no
194,support,no
195,support,no
196,support,no
197,support,no
198,support,no
199,support,no
200,support,no
201,support,no
202,support,no
203,support,no
204,support,no
205,support,no
206,support,no
207,support,no
208,support,no
209,support,no
210,support,no
211,support,no
212,support,no
213,support,no
214,support,no
215,support,no
216,support,no
217,support,no
218,support,no
219,support,no
220,support,no
221,support,no
222,support,no
223,support,no
224,support,no
225,support,no
226,support,no
227,support,no
228,support,no
229,support,no
230,support,no
231,support,no
232,support,no
233,support,no
234,support,no
235,support,no
236,support,no
237,support,no
238,support,no
239,support,no
240,support,no
241,support,no
242,support,no
243,support,no
244,support,no
245,support,no
246,support,no
247,support,no
248,support,no
249,support,no
250,support,no
251,support,no
252,support,no
253,support,no
254,support,no
255,support,no
256,support,no
257,support,no
258,support,no
259,support,no
260,support,no
261,support,no
262,support,no
263,support,no
264,support,no
265,support,no
266,support,no
267,support,no
268,support,no
269,support,no
270,support,no
271,support,no
272,support,no
273,support,no
274,support,no
275,support,no
276,support,no
277,support,no
278,support,no
279,support,no
280,support,no
281,support,no
282,support,no
283,support,no
284,support,no
285,support,no
286,support,no
287,support,no
288,oppose,yes
289,oppose,yes
290,oppose,yes
291,oppose,yes
292,oppose,yes
293,oppose,yes
294,oppose,yes
295,oppose,yes
296,oppose,yes
297,oppose,yes
298,oppose,yes
299,oppose,yes
300,oppose,yes
301,oppose,yes
302,oppose,yes
303,oppose,yes
304,oppose,yes
305,oppose,yes
306,oppose,yes
307,oppose,yes
308,oppose,yes
309,oppose,yes
310,oppose,yes
311,oppose,yes
312,oppose,yes
313,oppose,yes
314,oppose,yes
315,oppose,yes
316,oppose,yes
317,oppose,yes
318,oppose,yes
319,oppose,yes
320,oppose,yes
321,oppose,yes
322,oppose,yes
323,oppose,yes
324,oppose,yes
325,oppose,yes
326,oppose,yes
327,oppose,yes
328,oppose,yes
329,oppose,yes
330,oppose,yes
331,oppose,yes
332,oppose,yes
333,oppose,yes
334,oppose,yes
335,oppose,yes
336,oppose,yes
337,oppose,yes
338,oppose,yes
339,oppose,yes
340,oppose,yes
341,oppose,yes
342,oppose,yes
343,oppose,yes
344,oppose,yes
345,oppose,yes
346,oppose,yes
347,oppose,yes
348,oppose,yes
349,oppose,yes
350,oppose,yes
351,oppose,yes
352,oppose,yes
353,oppose,yes
354,oppose,yes
355,oppose,yes
356,oppose,yes
357,oppose,yes
358,oppose,yes
359,oppose,yes
360,oppose,yes
361,oppose,yes
362,oppose,yes
363,oppose,yes
364,oppose,yes
365,oppose,yes
366,oppose,yes
367,oppose,yes
368,oppose,yes
369,oppose,yes
370,oppose,yes
371,oppose,yes
372,oppose,yes
373,oppose,yes
374,oppose,yes
375,oppose,yes
376,oppose,yes
377,oppose,yes
378,oppose,yes
379,oppose,yes
380,oppose,yes
381,oppose,yes
382,oppose,yes
383,oppose,yes
384,oppose,yes
385,oppose,yes
386,oppose,yes
387,oppose,yes
388,oppose,yes
389,oppose,yes
390,oppose,yes
391,oppose,yes
392,oppose,yes
393,oppose,yes
394,oppose,yes
395,oppose,yes
396,oppose,yes
397,oppose,yes
398,oppose,yes
399,oppose,yes
400,oppose,yes
401,oppose,yes
402,oppose,yes
403,oppose,yes
404,oppose,yes
405,oppose,yes
406,oppose,yes
407,oppose,yes
408,oppose,yes
409,oppose,yes
410,oppose,yes
411,oppose,yes
412,oppose,yes
413,oppose,yes
414,oppose,yes
415,oppose,yes
416,oppose,yes
417,oppose,yes
418,oppose,yes
419,oppose,yes
420,oppose,yes
421,oppose,yes
422,oppose,yes
423,oppose,yes
424,oppose,yes
425,oppose,yes
426,oppose,yes
427,oppose,yes
428,oppose,yes
429,oppose,yes
430,oppose,yes
431,oppose,yes
432,oppose,yes
433,oppose,yes
434,oppose,yes
435,oppose,yes
436,oppose,yes
437,oppose,yes
438,oppose,yes
439,oppose,yes
440,oppose,yes
441,oppose,yes
442,oppose,yes
443,oppose,yes
444,oppose,yes
445,oppose,yes
446,oppose,yes
447,oppose,yes
448,oppose,yes
449,oppose,yes
450,oppose,yes
451,oppose,yes
452,oppose,yes
453,oppose,yes
454,oppose,yes
455,oppose,yes
456,oppose,yes
457,oppose,yes
458,oppose,yes
459,oppose,yes
460,oppose,yes
461,oppose,yes
462,oppose,yes
463,oppose,yes
464,oppose,yes
465,oppose,yes
466,oppose,yes
467,oppose,yes
468,oppose,no
469,oppose,no
470,oppose,no
471,oppose,no
472,oppose,no
473,oppose,no
474,oppose,no
475,oppose,no
476,oppose,no
477,oppose,no
478,oppose,no
479,oppose,no
480,oppose,no
481,oppose,no
482,oppose,no
483,oppose,no
484,oppose,no
485,oppose,no
486,oppose,no
487,oppose,no
488,oppose,no
489,oppose,no
490,oppose,no
491,oppose,no
492,oppose,no
493,oppose,no
494,oppose,no
495,oppose,no
496,oppose,no
497,oppose,no
498,oppose,no
499,oppose,no
500,oppose,no
501,oppose,no
502,oppose,no
503,oppose,no
504,oppose,no
505,oppose,no
506,oppose,no
507,oppose,no
508,oppose,no
509,oppose,no
510,oppose,no
511,oppose,no
512,oppose,no
513,oppose,no
514,oppose,no
515,oppose,no
516,oppose,no
517,oppose,no
518,oppose,no
519,oppose,no
520,oppose,no
521,oppose,no
522,oppose,no
523,oppose,no
524,oppose,no
525,oppose,no
526,oppose,no
527,oppose,no
528,oppose,no
529,oppose,no
530,oppose,no
531,oppose,no
532,oppose,no
533,oppose,no
534,oppose,no
535,oppose,no
536,oppose,no
537,oppose,no
538,oppose,no
539,oppose,no
540,oppose,no
541,oppose,no
542,oppose,no
543,oppose,no
544,oppose,no
545,oppose,no
546,oppose,no
547,oppose,no
548,oppose,no
549,oppose,no
550,oppose,no
551,oppose,no
552,oppose,no
553,oppose,no
554,oppose,no
555,oppose,no
556,oppose,no
557,oppose,no
558,oppose,no
559,oppose,no
560,oppose,no
561,oppose,no
562,oppose,no
563,oppose,no
564,oppose,no
565,oppose,no
566,oppose,no
567,oppose,no
568,oppose,no
569,oppose,no
570,oppose,no
571,oppose,no
572,oppose,no
573,oppose,no
574,oppose,no
575,oppose,no
576,oppose,no
577,oppose,no
578,oppose,no
579,oppose,no
580,oppose,no
581,oppose,no
582,oppose,no
583,oppose,no
584,oppose,no
585,oppose,no
586,oppose,no
587,oppose,no
588,oppose,no
589,oppose,no
590,oppose,no
591,oppose,no
592,oppose,no
593,oppose,no
594,do_not_know,yes
595,do_not_know,yes
596,do_not_know,yes
597,do_not_know,yes
598,do_not_know,yes
599,do_not_know,yes
600,do_not_know,yes
601,do_not_know,yes
602,do_not_know,yes
603,do_not_know,yes
604,do_not_know,yes
605,do_not_know,yes
606,do_not_know,yes
607,do_not_know,yes
608,do_not_know,yes
609,do_not_know,yes
610,do_not_know,yes
611,do_not_know,yes
612,do_not_know,yes
613,do_not_know,yes
614,do_not_know,yes
615,do_not_know,yes
616,do_not_know,yes
617,do_not_know,yes
618,do_not_know,yes
619,do_not_know,yes
620,do_not_know,yes
621,do_not_know,yes
622,do_not_know,yes
623,do_not_know,yes
624,do_not_know,yes
625,do_not_know,yes
626,do_not_know,yes
627,do_not_know,yes
628,do_not_know,yes
629,do_not_know,yes
630,do_not_know,yes
631,do_not_know,yes
632,do_not_know,yes
633,do_not_know,yes
634,do_not_know,yes
635,do_not_know,yes
636,do_not_know,yes
637,do_not_know,yes
638,do_not_know,yes
639,do_not_know,yes
640,do_not_know,yes
641,do_not_know,yes
642,do_not_know,yes
643,do_not_know,yes
644,do_not_know,yes
645,do_not_know,yes
646,do_not_know,yes
647,do_not_know,yes
648,do_not_know,yes
649,do_not_know,yes
650,do_not_know,yes
651,do_not_know,yes
652,do_not_know,yes
653,do_not_know,yes
654,do_not_know,yes
655,do_not_know,yes
656,do_not_know,yes
657,do_not_know,yes
658,do_not_know,yes
659,do_not_know,yes
660,do_not_know,yes
661,do_not_know,yes
662,do_not_know,yes
663,do_not_know,yes
664,do_not_know,yes
665,do_not_know,yes
666,do_not_know,yes
667,do_not_know,yes
668,do_not_know,yes
669,do_not_know,yes
670,do_not_know,yes
671,do_not_know,yes
672,do_not_know,yes
673,do_not_know,yes
674,do_not_know,yes
675,do_not_know,yes
676,do_not_know,yes
677,do_not_know,yes
678,do_not_know,yes
679,do_not_know,yes
680,do_not_know,yes
681,do_not_know,yes
682,do_not_know,yes
683,do_not_know,yes
684,do_not_know,yes
685,do_not_know,yes
686,do_not_know,yes
687,do_not_know,yes
688,do_not_know,yes
689,do_not_know,yes
690,do_not_know,yes
691,do_not_know,yes
692,do_not_know,yes
693,do_not_know,yes
694,do_not_know,yes
695,do_not_know,yes
696,do_not_know,yes
697,do_not_know,yes
698,do_not_know,no
699,do_not_know,no
700,do_not_know,no
701,do_not_know,no
702,do_not_know,no
703,do_not_know,no
704,do_not_know,no
705,do_not_know,no
706,do_not_know,no
707,do_not_know,no
708,do_not_know,no
709,do_not_know,no
710,do_not_know,no
711,do_not_know,no
712,do_not_know,no
713,do_not_know,no
714,do_not_know,no
715,do_not_know,no
716,do_not_know,no
717,do_not_know,no
718,do_not_know,no
719,do_not_know,no
720,do_not_know,no
721,do_not_know,no
722,do_not_know,no
723,do_not_know,no
724,do_not_know,no
725,do_not_know,no
726,do_not_know,no
727,do_not_know,no
728,do_not_know,no
729,do_not_know,no
730,do_not_know,no
731,do_not_know,no
732,do_not_know,no
733,do_not_know,no
734,do_not_know,no
735,do_not_know,no
736,do_not_know,no
737,do_not_know,no
738,do_not_know,no
739,do_not_know,no
740,do_not_know,no
741,do_not_know,no
742,do_not_know,no
743,do_not_know,no
744,do_not_know,no
745,do_not_know,no
746,do_not_know,no
747,do_not_know,no
748,do_not_know,no
749,do_not_know,no
750,do_not_know,no
751,do_not_know,no
752,do_not_know,no
753,do_not_know,no
754,do_not_know,no
755,do_not_know,no
756,do_not_know,no
757,do_not_know,no
758,do_not_know,no
759,do_not_know,no
760,do_not_know,no
761,do_not_know,no
762,do_not_know,no
763,do_not_know,no
764,do_not_know,no
765,do_not_know,no
766,do_not_know,no
767,do_not_know,no
768,do_not_know,no
769,do_not_know,no
770,do_not_know,no
771,do_not_know,no
772,do_not_know,no
773,do_not_know,no
774,do_not_know,no
775,do_not_know,no
776,do_not_know,no
777,do_not_know,no
778,do_not_know,no
779,do_not_know,no
780,do_not_know,no
781,do_not_know,no
782,do_not_know,no
783,do_not_know,no
784,do_not_know,no
785,do_not_know,no
786,do_not_know,no
787,do_not_know,no
788,do_not_know,no
789,do_not_know,no
790,do_not_know,no
791,do_not_know,no
792,do_not_know,no
793,do_not_know,no
794,do_not_know,no
795,do_not_know,no
796,do_not_know,no
797,do_not_know,no
798,do_not_know,no
799,do_not_know,no
800,do_not_know,no
801,do_not_know,no
802,do_not_know,no
803,do_not_know,no
804,do_not_know,no
805,do_not_know,no
806,do_not_know,no
807,do_not_know,no
808,do_not_know,no
809,do_not_know,no
810,do_not_know,no
811,do_not_know,no
812,do_not_know,no
813,do_not_know,no
814,do_not_know,no
815,do_not_know,no
816,do_not_know,no
817,do_not_know,no
818,do_not_know,no
819,do_not_know,no
820,do_not_know,no
821,do_not_know,no
822,do_not_know,no
823,do_not_know,no
824,do_not_know,no
825,do_not_know,no
826,do_not_know,no
827,do_not_know,no
828,do_not_know,no
