rownames,name,party,state,money_pro,money_con,years,stance,chamber
1,"Ackerman, Gary", D,NY,13350,14800,30,unknown,house
2,"Adams, Sandra", R,FL,3500,5650,2,unknown,house
3,"Aderholt, Robert", R,AL,4779,23944,16,unknown,house
4,"Akin, Todd", R,MO,2500,8200,12,no,house
5,"Alexander, Rodney", R,LA,3500,2700,10,no,house
6,"Altmire, Jason", D,PA,24250,10650,6,unknown,house
7,"Amash, Justin", R,MI,6750,1700,2,no,house
8,"Amodei, Mark", R,NV,,,2,yes,house
9,"Andrews, Robert", D,NJ,9000,6400,24,no,house
10,"Austria, Steve", R,OH,4500,36474,4,unknown,house
11,"Baca, Joe", D,CA,12500,3800,14,yes,house
12,"Bachmann, Michele", R,MN,35690,37900,6,no,house
13,"Bachus, Spencer", R,AL,9500,6750,20,no,house
14,"Baldwin, Tammy", D,WI,25400,11600,14,leaning no,house
15,"Barletta, Lou", R,PA,4200,8450,2,unknown,house
16,"Barrow, John", D,GA,55550,10300,8,yes,house
17,"Bartlett, Roscoe", R,MD,750,2400,20,unknown,house
18,"Barton, Joe", R,TX,58500,27150,28,unknown,house
19,"Bass, Charles", R,NH,36300,11250,2,leaning no,house
20,"Bass, Karen", D,CA,52400,16800,2,yes,house
21,"Becerra, Xavier", D,CA,90944,28200,20,unknown,house
22,"Benishek, Dan", R,MI,5620,7550,2,no,house
23,"Berg, Rick", R,ND,7300,12800,2,unknown,house
24,"Berkley, Shelley", D,NV,11211,7300,14,unknown,house
25,"Berman, Howard", D,CA,286400,73539,30,yes,house
26,"Biggert, Judy", R,IL,12750,7500,14,no,house
27,"Bilbray, Brian", R,CA,16000,30000,8,unknown,house
28,"Bilirakis, Gus", R,FL,13050,2000,8,unknown,house
29,"Bishop, Timothy", D,NY,36200,21450,10,leaning no,house
30,"Bishop, Rob", R,UT,950,11400,10,leaning no,house
31,"Bishop Jr., Sanford", D,GA,9150,17000,20,unknown,house
32,"Black, Diane", R,TN,9750,,2,unknown,house
33,"Blackburn, Marsha", R,TN,85750,16750,10,yes,house
34,"Blumenauer, Earl", D,OR,6750,25850,18,no,house
35,"Boehner, John", R,OH,109600,72920,2,unknown,house
36,"Bonner, Jo", R,AL,3750,15600,10,unknown,house
37,"Bono Mack, Mary", R,CA,173890,30926,16,yes,house
38,"Boren, Dan", D,OK,5400,6300,8,unknown,house
39,"Boswell, Leonard", D,IA,16100,,16,unknown,house
40,"Boustany Jr., Charles", R,LA,7500,13350,8,unknown,house
41,"Brady, Kevin", R,TX,15000,19000,16,unknown,house
42,"Brady, Robert", D,PA,36400,3000,16,unknown,house
43,"Braley, Bruce", D,IA,28200,16000,6,no,house
44,"Brooks, Mo", R,AL,1000,23150,2,unknown,house
45,"Broun, Paul", R,GA,9629,2000,6,no,house
46,"Brown, Corrine", D,FL,2500,13200,20,unknown,house
47,"Buchanan, Vern", R,FL,34300,42050,6,unknown,house
48,"Bucshon, Larry", R,IN,1700,3250,2,unknown,house
49,"Buerkle, Ann Marie", R,NY,2900,900,2,unknown,house
50,"Burgess, Michael", R,TX,20000,15500,10,unknown,house
51,"Burton, Dan", R,IN,1250,,30,unknown,house
52,"Butterfield, G.", D,NC,21000,2000,10,unknown,house
53,"Calvert, Ken", R,CA,24000,15400,20,unknown,house
54,"Camp, Dave", R,MI,31000,62350,22,unknown,house
55,"Campbell, John", R,CA,6000,32700,8,no,house
56,"Canseco, Francisco", R,TX,4900,500,2,unknown,house
57,"Cantor, Eric", R,VA,103700,122650,12,unknown,house
58,"Capito, Shelley", R,WV,12000,10800,12,unknown,house
59,"Capps, Lois", D,CA,37350,7950,16,unknown,house
60,"Capuano, Michael", D,MA,20750,26600,14,leaning no,house
61,"Cardoza, Dennis", D,CA,15250,3500,10,unknown,house
62,"Carnahan, Russ", D,MO,21800,12500,8,unknown,house
63,"Carney, John", D,DE,14300,1750,2,unknown,house
64,"Carson, Andre", D,IN,6000,1400,6,no,house
65,"Carter, John", R,TX,12000,33000,10,no,house
66,"Cassidy, Bill", R,LA,17000,3400,4,unknown,house
67,"Castor, Kathy", D,FL,20750,8500,6,unknown,house
68,"Chabot, Steven", R,OH,10800,27100,2,yes,house
69,"Chaffetz, Jason", R,UT,12000,23407,4,no,house
70,"Chandler, Ben", D,KY,9000,8250,10,unknown,house
71,"Chu, Judy", D,CA,47300,8500,6,yes,house
72,"Cicilline, David", D,RI,45850,6850,2,unknown,house
73,"Clarke, Yvette", D,NY,9550,22250,6,no,house
74,"Clarke, Hansen", D,MI,1000,1750,2,unknown,house
75,"Clay, William", D,MO,7000,9300,12,unknown,house
76,"Cleaver II, Emanuel", D,MO,3000,3650,8,unknown,house
77,"Clyburn, James", D,SC,86600,62593,20,unknown,house
78,"Coble, Howard", R,NC,29250,10000,28,unknown,house
79,"Coffman, Mike", R,CO,24670,6300,4,no,house
80,"Cohen, Steve", D,TN,28000,23450,6,unknown,house
81,"Cole, Tom", R,OK,3000,8354,10,unknown,house
82,"Conaway, K.", R,TX,16500,,8,unknown,house
83,"Connolly, Gerald", D,VA,26334,96683,4,no,house
84,"Conyers Jr., John", D,MI,84591,73983,48,yes,house
85,"Cooper, Jim", D,TN,11050,8000,10,yes,house
86,"Costa, Jim", D,CA,13800,3400,8,unknown,house
87,"Costello, Jerry", D,IL,2000,,26,unknown,house
88,"Courtney, Joe", D,CT,14900,1250,6,no,house
89,"Cravaack, Chip", R,MN,1500,500,2,no,house
90,"Crawford, Rick", R,AR,2500,4650,2,leaning no,house
91,"Crenshaw, Ander", R,FL,5000,15350,12,unknown,house
92,"Critz, Mark", D,PA,23200,61800,4,unknown,house
93,"Crowley, Joseph", D,NY,44300,31449,14,unknown,house
94,"Cuellar, Henry", D,TX,12400,3000,8,leaning no,house
95,"Culberson, John", R,TX,5000,7000,12,no,house
96,"Cummings, Elijah", D,MD,4250,5500,18,unknown,house
97,"Davis, Danny", D,IL,1000,3500,16,unknown,house
98,"Davis, Susan", D,CA,2400,13700,12,unknown,house
99,"Davis, Geoff", R,KY,13400,11800,8,unknown,house
100,"DeFazio, Peter", D,OR,1000,2786,26,no,house
101,"DeGette, Diana", D,CO,39600,1250,16,leaning no,house
102,"DeLauro, Rosa", D,CT,13150,5250,22,no,house
103,"Denham, Jeffrey", R,CA,4100,4250,2,unknown,house
104,"Dent, Charlie", R,PA,35050,13400,8,leaning no,house
105,"DesJarlais, Scott", R,TN,5000,,2,no,house
106,"Deutch, Ted", D,FL,12500,13900,4,yes,house
107,"Diaz-Balart, Mario", R,FL,15250,2000,10,unknown,house
108,"Dicks, Norman", D,WA,2000,49700,36,no,house
109,"Dingell, John", D,MI,94500,14000,58,unknown,house
110,"Doggett, Lloyd", D,TX,13900,22050,18,no,house
111,"Dold, Robert", R,IL,11800,14700,2,leaning no,house
112,"Donnelly, Joe", D,IN,7800,1900,6,unknown,house
113,"Doyle, Mike", D,PA,26000,8500,18,no,house
114,"Dreier, David", R,CA,52100,33419,32,unknown,house
115,"Duffy, Sean", R,WI,5250,1250,2,unknown,house
116,"Duncan, Jeffrey", R,SC,1000,1000,2,no,house
117,"Duncan Jr., John", R,TN,3500,,26,unknown,house
118,"Edwards, Donna", D,MD,3062,3700,6,unknown,house
119,"Ellison, Keith", D,MN,4650,10060,6,no,house
120,"Ellmers, Renee", R,NC,,2950,2,unknown,house
121,"Emerson, Jo Ann", R,MO,26150,24900,18,unknown,house
122,"Engel, Eliot", D,NY,30900,1250,24,unknown,house
123,"Eshoo, Anna", D,CA,22400,163585,20,no,house
124,"Farenthold, Blake", R,TX,,,2,no,house
125,"Farr, Sam", D,CA,1500,850,20,unknown,house
126,"Fattah, Chaka", D,PA,27500,3000,18,unknown,house
127,"Filner, Bob", D,CA,14800,13800,20,unknown,house
128,"Fincher, Stephen", R,TN,34700,2000,2,unknown,house
129,"Fitzpatrick, Michael", R,PA,15600,16450,2,unknown,house
130,"Flake, Jeff", R,AZ,,16300,12,no,house
131,"Fleischmann, Chuck", R,TN,6400,2000,2,unknown,house
132,"Fleming, John", R,LA,3500,1000,4,unknown,house
133,"Flores, Bill", R,TX,1000,7800,2,leaning no,house
134,"Forbes, J.", R,VA,14250,7950,12,unknown,house
135,"Fortenberry, Jeff", R,NE,2000,500,8,no,house
136,"Foxx, Virginia", R,NC,5000,9910,6,unknown,house
137,"Frank, Barney", D,MA,32350,23900,32,unknown,house
138,"Franks, Trent", R,AZ,14300,23550,10,unknown,house
139,"Frelinghuysen, Rodney", R,NJ,11000,5250,18,unknown,house
140,"Fudge, Marcia", D,OH,2000,1500,6,unknown,house
141,"Gallegly, Elton", R,CA,19625,6515,26,yes,house
142,"Garamendi, John", D,CA,35850,20600,4,unknown,house
143,"Gardner, Cory", R,CO,15500,10731,2,unknown,house
144,"Garrett, Scott", R,NJ,13950,22900,10,unknown,house
145,"Gerlach, Jim", R,PA,30900,29150,10,unknown,house
146,"Gibbs, Bob", R,OH,3000,1750,2,unknown,house
147,"Gibson, Chris", R,NY,4900,7550,2,unknown,house
148,"Giffords, Gabrielle", D,AZ,19750,73915,6,unknown,house
149,"Gingrey, Phil", R,GA,25000,20933,10,unknown,house
150,"Gohmert, Louie", R,TX,16650,3000,8,unknown,house
151,"Gonzalez, Charlie", D,TX,57500,6500,14,unknown,house
152,"Goodlatte, Robert", R,VA,56500,67819,20,yes,house
153,"Gosar, Paul", R,AZ,250,11400,2,no,house
154,"Gowdy, Trey", R,SC,1250,,2,unknown,house
155,"Granger, Kay", R,TX,9500,26350,16,unknown,house
156,"Graves, Sam", R,MO,16000,16150,12,unknown,house
157,"Graves, Tom", R,GA,23900,7750,4,no,house
158,"Green, Gene", D,TX,37000,5800,20,unknown,house
159,"Green, Al", D,TX,1500,,8,unknown,house
160,"Griffin, Tim", R,AR,1500,12050,2,no,house
161,"Griffith, Morgan", R,VA,3500,4350,2,unknown,house
162,"Grijalva, Raul", D,AZ,10150,1555,10,no,house
163,"Grimm, Mike", R,NY,1500,,2,unknown,house
164,"Guinta, Frank", R,NH,5050,11500,2,leaning no,house
165,"Guthrie, Brett", R,KY,12500,3000,4,unknown,house
166,"Gutierrez, Luis", D,IL,8000,1000,20,unknown,house
167,"Hahn, Janice", D,CA,,,2,undecided,house
168,"Hall, Ralph", R,TX,11500,7930,32,unknown,house
169,"Hanabusa, Colleen", D,HI,16900,33650,2,unknown,house
170,"Hanna, Richard", R,NY,3089,500,2,unknown,house
171,"Harper, Gregg", R,MS,19000,4000,4,unknown,house
172,"Harris, Andy", R,MD,3800,8000,2,unknown,house
173,"Hartzler, Vicky", R,MO,1800,16250,2,unknown,house
174,"Hastings, Alcee", D,FL,5000,7700,20,unknown,house
175,"Hastings, Doc", R,WA,9750,10500,18,unknown,house
176,"Hayworth, Nan", R,NY,1500,9050,2,unknown,house
177,"Heck, Joe", R,NV,3200,8750,2,unknown,house
178,"Heinrich, Martin", D,NM,21450,23919,4,no,house
179,"Hensarling, Jeb", R,TX,12800,11950,10,unknown,house
180,"Herger, Wally", R,CA,3500,5000,26,no,house
181,"Herrera Beutler, Jaime", R,WA,4200,10150,2,unknown,house
182,"Higgins, Brian", D,NY,250,1000,6,no,house
183,"Himes, Jim", D,CT,42150,7864,4,leaning no,house
184,"Hinchey, Maurice", D,NY,11750,9000,20,unknown,house
185,"Hinojosa, Ruben", D,TX,3900,5150,16,unknown,house
186,"Hirono, Mazie", D,HI,250,9400,6,unknown,house
187,"Hochul, Kathy", D,NY,,,2,unknown,house
188,"Holden, Tim", D,PA,15500,9000,20,no,house
189,"Holt, Rush", D,NJ,22200,15300,14,no,house
190,"Honda, Michael", D,CA,3600,42807,12,no,house
191,"Hoyer, Steny", D,MD,117190,41150,32,unknown,house
192,"Huelskamp, Tim", R,KS,4125,7500,2,no,house
193,"Huizenga, Bill", R,MI,3750,,2,unknown,house
194,"Hultgren, Randy", R,IL,7400,2750,2,leaning no,house
195,"Hunter, Duncan", R,CA,5000,10950,4,unknown,house
196,"Hurt, Robert", R,VA,11650,21050,2,unknown,house
197,"Inslee, Jay", D,WA,20400,70515,14,undecided,house
198,"Israel, Steve", D,NY,41700,28100,12,leaning no,house
199,"Issa, Darrell", R,CA,33300,60324,12,no,house
200,"Jackson Jr., Jesse", D,IL,7800,1000,18,unknown,house
201,"Jackson-Lee, Sheila", D,TX,11500,6500,18,leaning no,house
202,"Jenkins, Lynn", R,KS,10500,11732,4,no,house
203,"Johnson, Eddie", D,TX,2800,3800,20,unknown,house
204,"Johnson, Sam", R,TX,4500,8700,22,unknown,house
205,"Johnson, Timothy", R,IL,2000,,12,no,house
206,"Johnson, Hank", D,GA,14900,5750,6,no,house
207,"Johnson, Bill", R,OH,12700,750,2,unknown,house
208,"Jones, Walter", R,NC,1500,1250,18,no,house
209,"Jordan, Jim", R,OH,30800,4300,6,unknown,house
210,"Kaptur, Marcy", D,OH,500,,30,unknown,house
211,"Keating, Bill", D,MA,3400,9800,2,unknown,house
212,"Kelly, Mike", R,PA,7800,3500,2,unknown,house
213,"Kildee, Dale", D,MI,3000,,36,unknown,house
214,"Kind, Ron", D,WI,19500,19861,16,unknown,house
215,"King, Peter", R,NY,12400,24150,20,yes,house
216,"King, Steve", R,IA,12500,4500,10,unknown,house
217,"Kingston, Jack", R,GA,9750,16650,20,unknown,house
218,"Kinzinger, Adam", R,IL,9100,1950,2,leaning no,house
219,"Kissell, Larry", D,NC,9000,4840,4,unknown,house
220,"Kline, John", R,MN,16600,16950,10,no,house
221,"Kucinich, Dennis", D,OH,16950,1500,16,unknown,house
222,"Labrador, Raul", R,ID,1000,5250,2,leaning no,house
223,"Lamborn, Doug", R,CO,2500,7400,6,unknown,house
224,"Lance, Leonard", R,NJ,18550,1500,4,leaning no,house
225,"Landry, Jeff", R,LA,3500,1000,2,unknown,house
226,"Langevin, Jim", D,RI,1250,32850,12,no,house
227,"Lankford, James", R,OK,1000,9700,2,leaning no,house
228,"Larsen, Rick", D,WA,15300,53200,12,no,house
229,"Larson, John", D,CT,35150,18644,14,yes,house
230,"Latham, Tom", R,IA,8000,,18,no,house
231,"LaTourette, Steven", R,OH,9000,3500,18,unknown,house
232,"Latta, Robert", R,OH,29500,5000,6,leaning no,house
233,"Lee, Barbara", D,CA,18407,15750,16,leaning no,house
234,"Levin, Sander", D,MI,26400,24000,30,no,house
235,"Lewis, Jerry", R,CA,8400,23050,34,undecided,house
236,"Lewis, John", D,GA,20000,7000,26,leaning no,house
237,"Lipinski, Daniel", D,IL,1000,,8,unknown,house
238,"Loebsack, Dave", D,IA,5000,1000,6,unknown,house
239,"Lofgren, Zoe", D,CA,17850,142897,18,no,house
240,"Long, Billy", R,MO,4350,3400,2,unknown,house
241,"Lowey, Nita", D,NY,23900,750,24,unknown,house
242,"Lucas, Frank", R,OK,3750,1000,20,unknown,house
243,"Luetkemeyer, Blaine", R,MO,11250,4750,4,unknown,house
244,"Lujan, Ben", D,NM,19300,12250,4,yes,house
245,"Lummis, Cynthia", R,WY,6000,2250,4,unknown,house
246,"Lungren, Dan", R,CA,40000,61935,8,unknown,house
247,"Lynch, Stephen", D,MA,500,1000,12,unknown,house
248,"Mack, Connie", R,FL,14200,4000,8,unknown,house
249,"Maloney, Carolyn", D,NY,44040,20800,20,unknown,house
250,"Manzullo, Donald", R,IL,6500,4500,20,no,house
251,"Marchant, Kenny", R,TX,5500,4750,8,no,house
252,"Marino, Tom", R,PA,2800,2250,2,yes,house
253,"Markey, Edward", D,MA,65750,45658,38,unknown,house
254,"Matheson, Jim", D,UT,42250,26850,12,no,house
255,"Matsui, Doris", D,CA,31000,15000,8,no,house
256,"McCarthy, Carolyn", D,NY,10850,2650,16,unknown,house
257,"McCarthy, Kevin", R,CA,48500,51500,6,unknown,house
258,"McCaul, Michael", R,TX,46200,76600,8,unknown,house
259,"McClintock, Tom", R,CA,4950,24900,4,unknown,house
260,"McCollum, Betty", D,MN,2450,4700,12,no,house
261,"McCotter, Thaddeus", R,MI,19309,4000,10,no,house
262,"McDermott, Jim", D,WA,4800,7700,24,no,house
263,"McGovern, Jim", D,MA,5400,17151,16,leaning no,house
264,"McHenry, Patrick", R,NC,12000,4500,8,no,house
265,"McIntyre, Mike", D,NC,11000,7000,16,unknown,house
266,"McKeon, Howard", R,CA,10990,13000,20,unknown,house
267,"McKinley, David", R,WV,2000,4900,2,unknown,house
268,"McMorris Rodgers, Cathy", R,WA,15000,25288,8,unknown,house
269,"McNerney, Jerry", D,CA,45100,86850,6,no,house
270,"Meehan, Pat", R,PA,20800,16025,2,unknown,house
271,"Meeks, Gregory", D,NY,7050,10015,16,unknown,house
272,"Mica, John", R,FL,5250,2550,20,unknown,house
273,"Michaud, Michael", D,ME,4500,5499,10,no,house
274,"Miller, George", D,CA,7650,8650,38,no,house
275,"Miller, Gary", R,CA,4500,750,14,unknown,house
276,"Miller, Jeff", R,FL,4500,34250,12,unknown,house
277,"Miller, Candice", R,MI,6600,1550,10,no,house
278,"Miller, Brad", D,NC,5500,12100,10,unknown,house
279,"Moore, Gwen", D,WI,2750,,8,unknown,house
280,"Moran, James", D,VA,,129150,22,no,house
281,"Mulvaney, Mick", R,SC,1000,15460,2,unknown,house
282,"Murphy, Tim", R,PA,26500,14650,10,unknown,house
283,"Murphy, Christopher", D,CT,69700,19500,6,unknown,house
284,"Myrick, Sue", R,NC,32250,12750,18,unknown,house
285,"Nadler, Jerrold", D,NY,36500,8750,22,unknown,house
286,"Napolitano, Grace", D,CA,3000,,14,unknown,house
287,"Neal, Richard", D,MA,7750,41716,24,unknown,house
288,"Neugebauer, Randy", R,TX,4000,1500,10,unknown,house
289,"Noem, Kristi", R,SD,3950,5800,2,undecided,house
290,"Nugent, Richard", R,FL,2750,500,2,no,house
291,"Nunes, Devin", R,CA,11000,11000,10,unknown,house
292,"Nunnelee, Alan", R,MS,1700,6000,2,yes,house
293,"Olson, Pete", R,TX,6000,9450,4,unknown,house
294,"Olver, John", D,MA,1550,2500,22,leaning no,house
295,"Owens, Bill", D,NY,35850,8550,4,yes,house
296,"Palazzo, Steven", R,MS,500,7250,2,unknown,house
297,"Pallone, Frank", D,NJ,49200,11500,26,unknown,house
298,"Pascrell Jr., Bill", D,NJ,6000,1500,16,no,house
299,"Pastor, Ed", D,AZ,3000,5250,22,unknown,house
300,"Paul, Ron", R,TX,500,3856,24,no,house
301,"Paulsen, Erik", R,MN,39300,19600,4,no,house
302,"Payne, Donald", D,NJ,6000,2250,24,unknown,house
303,"Pearce, Steve", R,NM,20400,7150,2,unknown,house
304,"Pelosi, Nancy", D,CA,76950,63475,24,no,house
305,"Pence, Mike", R,IN,33150,23228,12,unknown,house
306,"Perlmutter, Ed", D,CO,29350,13500,6,unknown,house
307,"Peters, Gary", D,MI,25450,24650,4,unknown,house
308,"Peterson, Collin", D,MN,5900,,22,unknown,house
309,"Petri, Tom", R,WI,7200,500,34,unknown,house
310,"Pingree, Chellie", D,ME,11300,500,4,no,house
311,"Pitts, Joe", R,PA,26300,11500,16,unknown,house
312,"Platts, Todd", R,PA,2000,200,12,unknown,house
313,"Poe, Ted", R,TX,15500,4300,8,unknown,house
314,"Polis, Jared", D,CO,3500,4500,4,no,house
315,"Pompeo, Mike", R,KS,7850,6665,2,leaning no,house
316,"Posey, Bill", R,FL,6500,6250,4,unknown,house
317,"Price, David", D,NC,2500,22950,24,leaning no,house
318,"Price, Tom", R,GA,11000,19233,8,unknown,house
319,"Quayle, Ben", R,AZ,35850,33233,2,no,house
320,"Quigley, Mike", D,IL,7000,13732,4,unknown,house
321,"Rahall II, Nick", D,WV,8650,9800,36,unknown,house
322,"Rangel, Charles", D,NY,36450,45883,42,unknown,house
323,"Reed, Tom", R,NY,1000,25350,4,unknown,house
324,"Rehberg, Denny", R,MT,20050,7900,12,undecided,house
325,"Reichert, Dave", R,WA,26950,72876,8,unknown,house
326,"Renacci, Jim", R,OH,19650,2400,2,leaning no,house
327,"Reyes, Silvestre", D,TX,8400,11900,16,no,house
328,"Ribble, Reid", R,WI,300,,2,unknown,house
329,"Richardson, Laura", D,CA,5250,10000,6,unknown,house
330,"Richmond, Cedric", D,LA,3500,6650,2,unknown,house
331,"Rigell, Scott", R,VA,10300,12700,2,unknown,house
332,"Rivera, David", R,FL,5500,17400,2,unknown,house
333,"Roby, Martha", R,AL,2720,6100,2,unknown,house
334,"Roe, Phil", R,TN,200,,4,unknown,house
335,"Rogers, Harold", R,KY,9000,35500,32,unknown,house
336,"Rogers, Mike", R,MI,47400,46000,12,leaning no,house
337,"Rogers, Mike", R,AL,500,12333,12,unknown,house
338,"Rohrabacher, Dana", R,CA,500,10200,24,unknown,house
339,"Rokita, Todd", R,IN,7500,8550,2,leaning no,house
340,"Rooney, Tom", R,FL,35250,14600,4,unknown,house
341,"Ros-Lehtinen, Ileana", R,FL,37200,13650,24,unknown,house
342,"Roskam, Peter", R,IL,14000,26750,6,leaning no,house
343,"Ross, Mike", D,AR,43700,13000,12,unknown,house
344,"Ross, Dennis", R,FL,8500,3000,2,yes,house
345,"Rothman, Steven", D,NJ,4500,9400,16,unknown,house
346,"Roybal-Allard, Lucille", D,CA,4400,1000,20,unknown,house
347,"Royce, Ed", R,CA,6150,3800,20,unknown,house
348,"Runyan, Jon", R,NJ,5700,2000,2,unknown,house
349,"Ruppersberger, C.A. Dutch", D,MD,23500,32200,10,unknown,house
350,"Rush, Bobby", D,IL,33000,15250,20,unknown,house
351,"Ryan, Paul", R,WI,24250,28850,14,no,house
352,"Ryan, Tim", D,OH,7000,7200,10,unknown,house
353,"Sanchez, Loretta", D,CA,56725,26400,16,unknown,house
354,"Sanchez, Linda", D,CA,24400,9019,10,unknown,house
355,"Sarbanes, John", D,MD,1000,3000,6,leaning no,house
356,"Scalise, Steve", R,LA,37250,20300,6,no,house
357,"Schakowsky, Jan", D,IL,12050,10700,14,no,house
358,"Schiff, Adam", D,CA,62700,6250,12,yes,house
359,"Schilling, Bobby", R,IL,2750,2300,2,leaning no,house
360,"Schmidt, Jean", R,OH,750,2400,8,unknown,house
361,"Schock, Aaron", R,IL,29100,8750,4,no,house
362,"Schrader, Kurt", D,OR,25600,30800,4,no,house
363,"Schwartz, Allyson", D,PA,39200,42550,6,no,house
364,"Schweikert, David", R,AZ,5000,14683,2,unknown,house
365,"Scott, Robert", D,VA,11000,10000,20,unknown,house
366,"Scott, David", D,GA,7500,1000,10,unknown,house
367,"Scott, Tim", R,SC,3750,4000,2,no,house
368,"Scott, Austin", R,GA,2750,9000,2,unknown,house
369,"Sensenbrenner, F.", R,WI,33500,13000,34,no,house
370,"Serrano, Jose", D,NY,2400,2250,24,unknown,house
371,"Sessions, Pete", R,TX,17500,28950,16,unknown,house
372,"Sewell, Terri", D,AL,14800,6500,2,unknown,house
373,"Sherman, Brad", D,CA,97500,18800,16,yes,house
374,"Shimkus, John", R,IL,50250,20750,16,leaning no,house
375,"Shuler, Heath", D,NC,14000,11400,6,unknown,house
376,"Shuster, Bill", R,PA,14500,4400,12,unknown,house
377,"Simpson, Mike", R,ID,8000,13210,14,unknown,house
378,"Sires, Albio", D,NJ,16800,,8,unknown,house
379,"Slaughter, Louise", D,NY,10000,11750,26,no,house
380,"Smith, Adam", D,WA,5000,36446,16,no,house
381,"Smith, Christopher", R,NJ,10500,2900,32,unknown,house
382,"Smith, Lamar", R,TX,90850,47250,26,yes,house
383,"Smith, Adrian", R,NE,11500,4800,6,unknown,house
384,"Southerland, Steve", R,FL,2200,4750,2,no,house
385,"Speier, Jackie", D,CA,2000,21950,6,no,house
386,"Stark, Pete", D,CA,,1000,40,no,house
387,"Stearns, Cliff", R,FL,66500,24400,24,unknown,house
388,"Stivers, Steve", R,OH,22551,6750,2,leaning no,house
389,"Stutzman, Marlin", R,IN,2750,3200,4,undecided,house
390,"Sullivan, John", R,OK,39000,2000,12,leaning no,house
391,"Sutton, Betty", D,OH,18100,2750,6,unknown,house
392,"Terry, Lee", R,NE,52750,26150,14,no,house
393,"Thompson, Bennie", D,MS,8450,44000,20,unknown,house
394,"Thompson, Mike", D,CA,4500,9127,14,no,house
395,"Thompson, Glenn", R,PA,12000,2900,4,unknown,house
396,"Thornberry, William", R,TX,4000,5150,18,no,house
397,"Tiberi, Pat", R,OH,27450,23400,12,unknown,house
398,"Tierney, John", D,MA,2250,16600,16,unknown,house
399,"Tipton, Scott", R,CO,13900,6400,2,unknown,house
400,"Tonko, Paul", D,NY,3500,12800,4,unknown,house
401,"Towns, Edolphus", D,NY,64350,46000,30,unknown,house
402,"Tsongas, Niki", D,MA,25950,25550,6,no,house
403,"Turner, Michael", R,OH,1000,33050,10,no,house
404,"Turner, Bob", R,NY,1000,,2,unknown,house
405,"Upton, Fred", R,MI,101350,38076,26,unknown,house
406,"Van Hollen, Chris", D,MD,18500,33350,10,unknown,house
407,"Velazquez, Nydia", D,NY,17000,20750,20,unknown,house
408,"Visclosky, Peter", D,IN,500,3000,28,unknown,house
409,"Walberg, Tim", R,MI,12600,2250,2,unknown,house
410,"Walden, Greg", R,OR,69600,48250,14,unknown,house
411,"Walsh, Joe", R,IL,2500,1500,2,no,house
412,"Walz, Tim", D,MN,13900,2870,6,no,house
413,"Wasserman Schultz, Debbie", D,FL,70600,23169,8,yes,house
414,"Waters, Maxine", D,CA,4900,5800,22,unknown,house
415,"Watt, Melvin", D,NC,25000,7000,20,yes,house
416,"Waxman, Henry", D,CA,148150,31547,38,unknown,house
417,"Webster, Daniel", R,FL,11000,4250,2,unknown,house
418,"Welch, Peter", D,VT,37400,13750,6,unknown,house
419,"West, Allen", R,FL,12690,17850,2,unknown,house
420,"Westmoreland, Lynn", R,GA,10000,8083,8,no,house
421,"Whitfield, Edward", R,KY,33750,13000,18,unknown,house
422,"Wilson, Joe", R,SC,5650,7400,12,unknown,house
423,"Wilson, Frederica", D,FL,1250,,2,unknown,house
424,"Wittman, Robert", R,VA,7250,8950,6,unknown,house
425,"Wolf, Frank", R,VA,6000,54500,32,unknown,house
426,"Womack, Steve", R,AR,18460,,2,unknown,house
427,"Woodall, Rob", R,GA,2750,2500,2,no,house
428,"Woolsey, Lynn", D,CA,6350,5250,20,unknown,house
429,"Yarmuth, John", D,KY,7050,6900,6,leaning no,house
430,"Yoder, Kevin", R,KS,3380,28142,2,no,house
431,"Young, C. W. Bill", R,FL,3000,6650,42,unknown,house
432,"Young, Don", R,AK,7200,5750,40,unknown,house
433,"Young, Todd", R,IN,2000,15150,2,unknown,house
434,"LoBiondo, Frank", R,NJ,9000,1500,18,leaning no,house
435,"Akaka, Daniel", D,HI,,1000,21,unknown,senate
436,"Alexander, Lamar", R,TN,1000,3000,9,yes,senate
437,"Ayotte, Kelly", R,NH,55900,59216,1,no,senate
438,"Barrasso, John", R,WY,12500,1000,5,unknown,senate
439,"Baucus, Max", D,MT,4000,24000,33,unknown,senate
440,"Begich, Mark", D,AK,5000,4000,3,no,senate
441,"Bennet, Michael", D,CO,367733,162575,3,yes,senate
442,"Bingaman, Jeff", D,NM,2000,1750,29,yes,senate
443,"Blumenthal, Richard", D,CT,154066,52150,1,yes,senate
444,"Blunt, Roy", R,MO,154166,64238,1,no,senate
445,"Boozman, John", R,AR,13150,9346,1,no,senate
446,"Boxer, Barbara", D,CA,571600,348691,19,yes,senate
447,"Brown, Scott", R,MA,36255,153050,3,no,senate
448,"Brown, Sherrod", D,OH,9150,21350,5,yes,senate
449,"Burr, Richard", R,NC,67150,66288,7,unknown,senate
450,"Cantwell, Maria", D,WA,7650,24838,11,no,senate
451,"Cardin, Benjamin", D,MD,7000,5500,5,yes,senate
452,"Carper, Thomas", D,DE,1400,7030,11,unknown,senate
453,"Casey, Bob", D,PA,75800,12100,5,yes,senate
454,"Chambliss, Saxby", R,GA,-5000,1250,9,yes,senate
455,"Coats, Daniel", R,IN,36200,26714,1,unknown,senate
456,"Coburn, Tom", R,OK,41500,25800,7,leaning no,senate
457,"Cochran, Thad", R,MS,,,33,yes,senate
458,"Collins, Susan", R,ME,4750,5000,15,undecided,senate
459,"Conrad, Kent", D,ND,3500,1000,25,unknown,senate
460,"Coons, Christopher", D,DE,92700,23950,3,yes,senate
461,"Corker, Bob", R,TN,21250,7600,5,yes,senate
462,"Cornyn, John", R,TX,18150,21800,9,leaning no,senate
463,"Crapo, Michael", R,ID,33500,53670,13,unknown,senate
464,"DeMint, Jim", R,SC,56500,50950,7,no,senate
465,"Durbin, Richard", D,IL,13050,5000,15,yes,senate
466,"Enzi, Michael", R,WY,2000,,15,yes,senate
467,"Feinstein, Dianne", D,CA,54750,33300,19,yes,senate
468,"Franken, Al", D,MN,88900,30300,3,yes,senate
469,"Gillibrand, Kirsten", D,NY,360541,217750,3,yes,senate
470,"Graham, Lindsey", R,SC,21993,5250,9,yes,senate
471,"Grassley, Charles", R,IA,111150,92976,31,yes,senate
472,"Hagan, Kay", D,NC,21000,15000,3,yes,senate
473,"Harkin, Tom", D,IA,27400,2000,27,unknown,senate
474,"Hatch, Orrin", R,UT,37300,20500,35,no,senate
475,"Heller, Dean", R,NV,36800,7500,1,unknown,senate
476,"Hoeven, John", R,ND,37500,41355,1,unknown,senate
477,"Hutchison, Kay", R,TX,2500,2000,19,unknown,senate
478,"Inhofe, James", R,OK,1000,6900,19,no,senate
479,"Inouye, Daniel", D,HI,99900,61500,43,unknown,senate
480,"Isakson, Johnny", R,GA,97400,74000,7,yes,senate
481,"Johanns, Mike", R,NE,6500,5750,3,no,senate
482,"Johnson, Ron", R,WI,20400,20550,1,unknown,senate
483,"Johnson, Tim", D,SD,2500,,15,yes,senate
484,"Kerry, John", D,MA,46700,23250,27,unknown,senate
485,"Kirk, Mark", R,IL,75900,49850,3,leaning no,senate
486,"Klobuchar, Amy", D,MN,32200.000000000004,25823,5,yes,senate
487,"Kohl, Herb", D,WI,,,23,yes,senate
488,"Kyl, Jon", R,AZ,8500,12500,17,yes,senate
489,"Landrieu, Mary", D,LA,2500,11350,15,yes,senate
490,"Lautenberg, Frank", D,NJ,5500,-1000,27,undecided,senate
491,"Leahy, Patrick", D,VT,346056,140620,37,yes,senate
492,"Lee, Mike", R,UT,16500,63800,1,leaning no,senate
493,"Levin, Carl", D,MI,,,33,unknown,senate
494,"Lieberman, Joseph", I,CT,4800,8250,23,yes,senate
495,"Lugar, Richard", R,IN,,550000,35,unknown,senate
496,"Manchin III, Joe", D,WV,34200,33750,3,unknown,senate
497,"McCain, John", R,AZ,104472,116318,25,yes,senate
498,"McCaskill, Claire", D,MO,44475,24300,5,leaning no,senate
499,"McConnell, Mitch", R,KY,21200,30250,27,unknown,senate
500,"Menendez, Robert", D,NJ,53150,33500,6,yes,senate
501,"Merkley, Jeff", D,OR,9500,23050,3,no,senate
502,"Mikulski, Barbara", D,MD,22866,51050,25,undecided,senate
503,"Moran, Jerry", R,KS,23250,16743,1,no,senate
504,"Murkowski, Lisa", R,AK,50900,19050,11,no,senate
505,"Murray, Patty", D,WA,99166,363129,19,unknown,senate
506,"Nelson, Ben", D,NE,24200,2000,11,undecided,senate
507,"Nelson, Bill", D,FL,17750,18100,11,yes,senate
508,"Paul, Rand", R,KY,14300,53195,1,no,senate
509,"Portman, Rob", R,OH,81265,148500,1,unknown,senate
510,"Pryor, Mark", D,AR,250000,9000,9,no,senate
511,"Reed, Jack", D,RI,,,15,unknown,senate
512,"Reid, Harry", D,NV,500300,299448,25,yes,senate
513,"Risch, Jim", R,ID,2500,1250,3,yes,senate
514,"Roberts, Pat", R,KS,5800,7250,15,no,senate
515,"Rockefeller IV, John", D,WV,31000,7500,27,unknown,senate
516,"Rubio, Marco", R,FL,55050,94107,1,no,senate
517,"Sanders, Bernard", I,VT,11550,5591,5,unknown,senate
518,"Schumer, Charles", D,NY,494325,291384,13,yes,senate
519,"Sessions, Jeff", R,AL,1000,3000,15,leaning no,senate
520,"Shaheen, Jeanne", D,NH,3250,16500,3,yes,senate
521,"Shelby, Richard", R,AL,28000,101250,25,unknown,senate
522,"Snowe, Olympia", R,ME,22500,10000,17,undecided,senate
523,"Stabenow, Debbie", D,MI,20600,26100,11,unknown,senate
524,"Tester, Jon", D,MT,20300,4850,5,unknown,senate
525,"Thune, John", R,SD,97915,80300,7,unknown,senate
526,"Toomey, Patrick", R,PA,43500,82222,1,no,senate
527,"Udall, Mark", D,CO,4375,9000,4,no,senate
528,"Udall, Tom", D,NM,11500,2000,4,yes,senate
529,"Vitter, David", R,LA,74850,26502,7,no,senate
530,"Warner, Mark", D,VA,19550,61250,3,no,senate
531,"Webb, Jim", D,VA,6000,18150,5,unknown,senate
532,"Whitehouse, Sheldon", D,RI,10250,23476,5,yes,senate
533,"Wicker, Roger", R,MS,7750,11700,5,unknown,senate
534,"Wyden, Ron", D,OR,67200,189350,16,no,senate
