rownames,date,aqs_site_id,poc,daily_mean_pm2_5_concentration,units,daily_aqi_value,daily_obs_count,percent_complete,aqs_parameter_code,aqs_parameter_desc,csa_code,csa_name,cbsa_code,cbsa_name,state_code,state,county_code,county,site_latitude,site_longitude
1,1/3/11,37-063-0015,1,5.9,ug/m3 LC,19,1,100,88101,PM2.5 - Local Conditions,450,"Raleigh-Durham-Cary, NC",20500,"Durham, NC",37,North Carolina,63,Durham,36.032944,-78.905417
2,1/6/11,37-063-0015,1,10.4,ug/m3 LC,34,1,100,88101,PM2.5 - Local Conditions,450,"Raleigh-Durham-Cary, NC",20500,"Durham, NC",37,North Carolina,63,Durham,36.032944,-78.905417
3,1/9/11,37-063-0015,1,5.6,ug/m3 LC,18,1,100,88101,PM2.5 - Local Conditions,450,"Raleigh-Durham-Cary, NC",20500,"Durham, NC",37,North Carolina,63,Durham,36.032944,-78.905417
4,1/10/11,37-063-0015,1,6.2,ug/m3 LC,20,1,100,88101,PM2.5 - Local Conditions,450,"Raleigh-Durham-Cary, NC",20500,"Durham, NC",37,North Carolina,63,Durham,36.032944,-78.905417
5,1/18/11,37-063-0015,1,9.4,ug/m3 LC,31,1,100,88101,PM2.5 - Local Conditions,450,"Raleigh-Durham-Cary, NC",20500,"Durham, NC",37,North Carolina,63,Durham,36.032944,-78.905417
6,1/21/11,37-063-0015,1,5,ug/m3 LC,16,1,100,88101,PM2.5 - Local Conditions,450,"Raleigh-Durham-Cary, NC",20500,"Durham, NC",37,North Carolina,63,Durham,36.032944,-78.905417
7,1/24/11,37-063-0015,1,11.5,ug/m3 LC,37,1,100,88101,PM2.5 - Local Conditions,450,"Raleigh-Durham-Cary, NC",20500,"Durham, NC",37,North Carolina,63,Durham,36.032944,-78.905417
8,1/27/11,37-063-0015,1,9.8,ug/m3 LC,32,1,100,88101,PM2.5 - Local Conditions,450,"Raleigh-Durham-Cary, NC",20500,"Durham, NC",37,North Carolina,63,Durham,36.032944,-78.905417
9,1/30/11,37-063-0015,1,12.5,ug/m3 LC,41,1,100,88101,PM2.5 - Local Conditions,450,"Raleigh-Durham-Cary, NC",20500,"Durham, NC",37,North Carolina,63,Durham,36.032944,-78.905417
10,2/2/11,37-063-0015,1,5.5,ug/m3 LC,18,1,100,88101,PM2.5 - Local Conditions,450,"Raleigh-Durham-Cary, NC",20500,"Durham, NC",37,North Carolina,63,Durham,36.032944,-78.905417
11,2/5/11,37-063-0015,1,5.3,ug/m3 LC,17,1,100,88101,PM2.5 - Local Conditions,450,"Raleigh-Durham-Cary, NC",20500,"Durham, NC",37,North Carolina,63,Durham,36.032944,-78.905417
12,2/8/11,37-063-0015,1,5,ug/m3 LC,16,1,100,88101,PM2.5 - Local Conditions,450,"Raleigh-Durham-Cary, NC",20500,"Durham, NC",37,North Carolina,63,Durham,36.032944,-78.905417
13,2/11/11,37-063-0015,1,11.3,ug/m3 LC,37,1,100,88101,PM2.5 - Local Conditions,450,"Raleigh-Durham-Cary, NC",20500,"Durham, NC",37,North Carolina,63,Durham,36.032944,-78.905417
14,2/14/11,37-063-0015,1,5.9,ug/m3 LC,19,1,100,88101,PM2.5 - Local Conditions,450,"Raleigh-Durham-Cary, NC",20500,"Durham, NC",37,North Carolina,63,Durham,36.032944,-78.905417
15,2/17/11,37-063-0015,1,17.2,ug/m3 LC,54,1,100,88101,PM2.5 - Local Conditions,450,"Raleigh-Durham-Cary, NC",20500,"Durham, NC",37,North Carolina,63,Durham,36.032944,-78.905417
16,2/20/11,37-063-0015,1,5.3,ug/m3 LC,17,1,100,88101,PM2.5 - Local Conditions,450,"Raleigh-Durham-Cary, NC",20500,"Durham, NC",37,North Carolina,63,Durham,36.032944,-78.905417
17,2/23/11,37-063-0015,1,7.5,ug/m3 LC,24,1,100,88101,PM2.5 - Local Conditions,450,"Raleigh-Durham-Cary, NC",20500,"Durham, NC",37,North Carolina,63,Durham,36.032944,-78.905417
18,2/26/11,37-063-0015,1,7.6,ug/m3 LC,25,1,100,88101,PM2.5 - Local Conditions,450,"Raleigh-Durham-Cary, NC",20500,"Durham, NC",37,North Carolina,63,Durham,36.032944,-78.905417
19,3/1/11,37-063-0015,1,3.7,ug/m3 LC,12,1,100,88101,PM2.5 - Local Conditions,450,"Raleigh-Durham-Cary, NC",20500,"Durham, NC",37,North Carolina,63,Durham,36.032944,-78.905417
20,3/4/11,37-063-0015,1,8.9,ug/m3 LC,29,1,100,88101,PM2.5 - Local Conditions,450,"Raleigh-Durham-Cary, NC",20500,"Durham, NC",37,North Carolina,63,Durham,36.032944,-78.905417
21,3/7/11,37-063-0015,1,4.5,ug/m3 LC,15,1,100,88101,PM2.5 - Local Conditions,450,"Raleigh-Durham-Cary, NC",20500,"Durham, NC",37,North Carolina,63,Durham,36.032944,-78.905417
22,3/10/11,37-063-0015,1,2.7,ug/m3 LC,9,1,100,88101,PM2.5 - Local Conditions,450,"Raleigh-Durham-Cary, NC",20500,"Durham, NC",37,North Carolina,63,Durham,36.032944,-78.905417
23,3/13/11,37-063-0015,1,10.5,ug/m3 LC,34,1,100,88101,PM2.5 - Local Conditions,450,"Raleigh-Durham-Cary, NC",20500,"Durham, NC",37,North Carolina,63,Durham,36.032944,-78.905417
24,3/16/11,37-063-0015,1,6.1,ug/m3 LC,20,1,100,88101,PM2.5 - Local Conditions,450,"Raleigh-Durham-Cary, NC",20500,"Durham, NC",37,North Carolina,63,Durham,36.032944,-78.905417
25,3/19/11,37-063-0015,1,8.3,ug/m3 LC,27,1,100,88101,PM2.5 - Local Conditions,450,"Raleigh-Durham-Cary, NC",20500,"Durham, NC",37,North Carolina,63,Durham,36.032944,-78.905417
26,3/22/11,37-063-0015,1,13.8,ug/m3 LC,45,1,100,88101,PM2.5 - Local Conditions,450,"Raleigh-Durham-Cary, NC",20500,"Durham, NC",37,North Carolina,63,Durham,36.032944,-78.905417
27,3/25/11,37-063-0015,1,9.1,ug/m3 LC,30,1,100,88101,PM2.5 - Local Conditions,450,"Raleigh-Durham-Cary, NC",20500,"Durham, NC",37,North Carolina,63,Durham,36.032944,-78.905417
28,3/28/11,37-063-0015,1,10.6,ug/m3 LC,34,1,100,88101,PM2.5 - Local Conditions,450,"Raleigh-Durham-Cary, NC",20500,"Durham, NC",37,North Carolina,63,Durham,36.032944,-78.905417
29,3/31/11,37-063-0015,1,4.8,ug/m3 LC,16,1,100,88101,PM2.5 - Local Conditions,450,"Raleigh-Durham-Cary, NC",20500,"Durham, NC",37,North Carolina,63,Durham,36.032944,-78.905417
30,4/3/11,37-063-0015,1,6.1,ug/m3 LC,20,1,100,88101,PM2.5 - Local Conditions,450,"Raleigh-Durham-Cary, NC",20500,"Durham, NC",37,North Carolina,63,Durham,36.032944,-78.905417
31,4/6/11,37-063-0015,1,5.6,ug/m3 LC,18,1,100,88101,PM2.5 - Local Conditions,450,"Raleigh-Durham-Cary, NC",20500,"Durham, NC",37,North Carolina,63,Durham,36.032944,-78.905417
32,4/9/11,37-063-0015,1,9.1,ug/m3 LC,30,1,100,88101,PM2.5 - Local Conditions,450,"Raleigh-Durham-Cary, NC",20500,"Durham, NC",37,North Carolina,63,Durham,36.032944,-78.905417
33,4/12/11,37-063-0015,1,7.2,ug/m3 LC,23,1,100,88101,PM2.5 - Local Conditions,450,"Raleigh-Durham-Cary, NC",20500,"Durham, NC",37,North Carolina,63,Durham,36.032944,-78.905417
34,4/16/11,37-063-0015,1,6.6,ug/m3 LC,21,1,100,88101,PM2.5 - Local Conditions,450,"Raleigh-Durham-Cary, NC",20500,"Durham, NC",37,North Carolina,63,Durham,36.032944,-78.905417
35,4/18/11,37-063-0015,1,8.6,ug/m3 LC,28,1,100,88101,PM2.5 - Local Conditions,450,"Raleigh-Durham-Cary, NC",20500,"Durham, NC",37,North Carolina,63,Durham,36.032944,-78.905417
36,4/21/11,37-063-0015,1,8.6,ug/m3 LC,28,1,100,88101,PM2.5 - Local Conditions,450,"Raleigh-Durham-Cary, NC",20500,"Durham, NC",37,North Carolina,63,Durham,36.032944,-78.905417
37,4/24/11,37-063-0015,1,11,ug/m3 LC,36,1,100,88101,PM2.5 - Local Conditions,450,"Raleigh-Durham-Cary, NC",20500,"Durham, NC",37,North Carolina,63,Durham,36.032944,-78.905417
38,4/27/11,37-063-0015,1,5.6,ug/m3 LC,18,1,100,88101,PM2.5 - Local Conditions,450,"Raleigh-Durham-Cary, NC",20500,"Durham, NC",37,North Carolina,63,Durham,36.032944,-78.905417
39,4/30/11,37-063-0015,1,6.2,ug/m3 LC,20,1,100,88101,PM2.5 - Local Conditions,450,"Raleigh-Durham-Cary, NC",20500,"Durham, NC",37,North Carolina,63,Durham,36.032944,-78.905417
40,5/3/11,37-063-0015,1,8.5,ug/m3 LC,28,1,100,88101,PM2.5 - Local Conditions,450,"Raleigh-Durham-Cary, NC",20500,"Durham, NC",37,North Carolina,63,Durham,36.032944,-78.905417
41,5/6/11,37-063-0015,1,9.3,ug/m3 LC,30,1,100,88101,PM2.5 - Local Conditions,450,"Raleigh-Durham-Cary, NC",20500,"Durham, NC",37,North Carolina,63,Durham,36.032944,-78.905417
42,5/9/11,37-063-0015,1,8.8,ug/m3 LC,29,1,100,88101,PM2.5 - Local Conditions,450,"Raleigh-Durham-Cary, NC",20500,"Durham, NC",37,North Carolina,63,Durham,36.032944,-78.905417
43,5/11/11,37-063-0015,1,18.6,ug/m3 LC,57,1,100,88101,PM2.5 - Local Conditions,450,"Raleigh-Durham-Cary, NC",20500,"Durham, NC",37,North Carolina,63,Durham,36.032944,-78.905417
44,5/12/11,37-063-0015,1,20,ug/m3 LC,60,1,100,88101,PM2.5 - Local Conditions,450,"Raleigh-Durham-Cary, NC",20500,"Durham, NC",37,North Carolina,63,Durham,36.032944,-78.905417
45,5/15/11,37-063-0015,1,8,ug/m3 LC,26,1,100,88101,PM2.5 - Local Conditions,450,"Raleigh-Durham-Cary, NC",20500,"Durham, NC",37,North Carolina,63,Durham,36.032944,-78.905417
46,5/18/11,37-063-0015,1,6.3,ug/m3 LC,20,1,100,88101,PM2.5 - Local Conditions,450,"Raleigh-Durham-Cary, NC",20500,"Durham, NC",37,North Carolina,63,Durham,36.032944,-78.905417
47,5/21/11,37-063-0015,1,10.8,ug/m3 LC,35,1,100,88101,PM2.5 - Local Conditions,450,"Raleigh-Durham-Cary, NC",20500,"Durham, NC",37,North Carolina,63,Durham,36.032944,-78.905417
48,5/27/11,37-063-0015,1,6.8,ug/m3 LC,22,1,100,88101,PM2.5 - Local Conditions,450,"Raleigh-Durham-Cary, NC",20500,"Durham, NC",37,North Carolina,63,Durham,36.032944,-78.905417
49,5/30/11,37-063-0015,1,14.9,ug/m3 LC,48,1,100,88101,PM2.5 - Local Conditions,450,"Raleigh-Durham-Cary, NC",20500,"Durham, NC",37,North Carolina,63,Durham,36.032944,-78.905417
50,5/31/11,37-063-0015,1,22.5,ug/m3 LC,65,1,100,88101,PM2.5 - Local Conditions,450,"Raleigh-Durham-Cary, NC",20500,"Durham, NC",37,North Carolina,63,Durham,36.032944,-78.905417
51,6/2/11,37-063-0015,1,16.9,ug/m3 LC,54,1,100,88101,PM2.5 - Local Conditions,450,"Raleigh-Durham-Cary, NC",20500,"Durham, NC",37,North Carolina,63,Durham,36.032944,-78.905417
52,6/5/11,37-063-0015,1,16.8,ug/m3 LC,54,1,100,88101,PM2.5 - Local Conditions,450,"Raleigh-Durham-Cary, NC",20500,"Durham, NC",37,North Carolina,63,Durham,36.032944,-78.905417
53,6/8/11,37-063-0015,1,21.3,ug/m3 LC,62,1,100,88101,PM2.5 - Local Conditions,450,"Raleigh-Durham-Cary, NC",20500,"Durham, NC",37,North Carolina,63,Durham,36.032944,-78.905417
54,6/11/11,37-063-0015,1,14.2,ug/m3 LC,46,1,100,88101,PM2.5 - Local Conditions,450,"Raleigh-Durham-Cary, NC",20500,"Durham, NC",37,North Carolina,63,Durham,36.032944,-78.905417
55,6/14/11,37-063-0015,1,10.8,ug/m3 LC,35,1,100,88101,PM2.5 - Local Conditions,450,"Raleigh-Durham-Cary, NC",20500,"Durham, NC",37,North Carolina,63,Durham,36.032944,-78.905417
56,6/17/11,37-063-0015,1,12,ug/m3 LC,39,1,100,88101,PM2.5 - Local Conditions,450,"Raleigh-Durham-Cary, NC",20500,"Durham, NC",37,North Carolina,63,Durham,36.032944,-78.905417
57,6/20/11,37-063-0015,1,8.4,ug/m3 LC,27,1,100,88101,PM2.5 - Local Conditions,450,"Raleigh-Durham-Cary, NC",20500,"Durham, NC",37,North Carolina,63,Durham,36.032944,-78.905417
58,6/23/11,37-063-0015,1,4.3,ug/m3 LC,14,1,100,88101,PM2.5 - Local Conditions,450,"Raleigh-Durham-Cary, NC",20500,"Durham, NC",37,North Carolina,63,Durham,36.032944,-78.905417
59,6/26/11,37-063-0015,1,14.1,ug/m3 LC,46,1,100,88101,PM2.5 - Local Conditions,450,"Raleigh-Durham-Cary, NC",20500,"Durham, NC",37,North Carolina,63,Durham,36.032944,-78.905417
60,6/29/11,37-063-0015,1,8.4,ug/m3 LC,27,1,100,88101,PM2.5 - Local Conditions,450,"Raleigh-Durham-Cary, NC",20500,"Durham, NC",37,North Carolina,63,Durham,36.032944,-78.905417
61,7/2/11,37-063-0015,1,17.3,ug/m3 LC,55,1,100,88101,PM2.5 - Local Conditions,450,"Raleigh-Durham-Cary, NC",20500,"Durham, NC",37,North Carolina,63,Durham,36.032944,-78.905417
62,7/5/11,37-063-0015,1,10,ug/m3 LC,32,1,100,88101,PM2.5 - Local Conditions,450,"Raleigh-Durham-Cary, NC",20500,"Durham, NC",37,North Carolina,63,Durham,36.032944,-78.905417
63,7/8/11,37-063-0015,1,12.4,ug/m3 LC,40,1,100,88101,PM2.5 - Local Conditions,450,"Raleigh-Durham-Cary, NC",20500,"Durham, NC",37,North Carolina,63,Durham,36.032944,-78.905417
64,7/14/11,37-063-0015,1,9.2,ug/m3 LC,30,1,100,88101,PM2.5 - Local Conditions,450,"Raleigh-Durham-Cary, NC",20500,"Durham, NC",37,North Carolina,63,Durham,36.032944,-78.905417
65,7/17/11,37-063-0015,1,7.9,ug/m3 LC,26,1,100,88101,PM2.5 - Local Conditions,450,"Raleigh-Durham-Cary, NC",20500,"Durham, NC",37,North Carolina,63,Durham,36.032944,-78.905417
66,7/18/11,37-063-0015,1,9.6,ug/m3 LC,31,1,100,88101,PM2.5 - Local Conditions,450,"Raleigh-Durham-Cary, NC",20500,"Durham, NC",37,North Carolina,63,Durham,36.032944,-78.905417
67,7/21/11,37-063-0015,1,18,ug/m3 LC,56,1,100,88101,PM2.5 - Local Conditions,450,"Raleigh-Durham-Cary, NC",20500,"Durham, NC",37,North Carolina,63,Durham,36.032944,-78.905417
68,7/23/11,37-063-0015,1,17.2,ug/m3 LC,54,1,100,88101,PM2.5 - Local Conditions,450,"Raleigh-Durham-Cary, NC",20500,"Durham, NC",37,North Carolina,63,Durham,36.032944,-78.905417
69,7/26/11,37-063-0015,1,10,ug/m3 LC,32,1,100,88101,PM2.5 - Local Conditions,450,"Raleigh-Durham-Cary, NC",20500,"Durham, NC",37,North Carolina,63,Durham,36.032944,-78.905417
70,7/29/11,37-063-0015,1,14.3,ug/m3 LC,46,1,100,88101,PM2.5 - Local Conditions,450,"Raleigh-Durham-Cary, NC",20500,"Durham, NC",37,North Carolina,63,Durham,36.032944,-78.905417
71,8/1/11,37-063-0015,1,10.7,ug/m3 LC,35,1,100,88101,PM2.5 - Local Conditions,450,"Raleigh-Durham-Cary, NC",20500,"Durham, NC",37,North Carolina,63,Durham,36.032944,-78.905417
72,8/4/11,37-063-0015,1,16.2,ug/m3 LC,52,1,100,88101,PM2.5 - Local Conditions,450,"Raleigh-Durham-Cary, NC",20500,"Durham, NC",37,North Carolina,63,Durham,36.032944,-78.905417
73,8/7/11,37-063-0015,1,10.1,ug/m3 LC,33,1,100,88101,PM2.5 - Local Conditions,450,"Raleigh-Durham-Cary, NC",20500,"Durham, NC",37,North Carolina,63,Durham,36.032944,-78.905417
74,8/10/11,37-063-0015,1,8.8,ug/m3 LC,29,1,100,88101,PM2.5 - Local Conditions,450,"Raleigh-Durham-Cary, NC",20500,"Durham, NC",37,North Carolina,63,Durham,36.032944,-78.905417
75,8/13/11,37-063-0015,1,15.2,ug/m3 LC,49,1,100,88101,PM2.5 - Local Conditions,450,"Raleigh-Durham-Cary, NC",20500,"Durham, NC",37,North Carolina,63,Durham,36.032944,-78.905417
76,8/16/11,37-063-0015,1,10.1,ug/m3 LC,33,1,100,88101,PM2.5 - Local Conditions,450,"Raleigh-Durham-Cary, NC",20500,"Durham, NC",37,North Carolina,63,Durham,36.032944,-78.905417
77,8/19/11,37-063-0015,1,13.7,ug/m3 LC,44,1,100,88101,PM2.5 - Local Conditions,450,"Raleigh-Durham-Cary, NC",20500,"Durham, NC",37,North Carolina,63,Durham,36.032944,-78.905417
78,8/22/11,37-063-0015,1,8.4,ug/m3 LC,27,1,100,88101,PM2.5 - Local Conditions,450,"Raleigh-Durham-Cary, NC",20500,"Durham, NC",37,North Carolina,63,Durham,36.032944,-78.905417
79,8/25/11,37-063-0015,1,6.6,ug/m3 LC,21,1,100,88101,PM2.5 - Local Conditions,450,"Raleigh-Durham-Cary, NC",20500,"Durham, NC",37,North Carolina,63,Durham,36.032944,-78.905417
80,8/28/11,37-063-0015,1,15.2,ug/m3 LC,49,1,100,88101,PM2.5 - Local Conditions,450,"Raleigh-Durham-Cary, NC",20500,"Durham, NC",37,North Carolina,63,Durham,36.032944,-78.905417
81,8/31/11,37-063-0015,1,8.7,ug/m3 LC,28,1,100,88101,PM2.5 - Local Conditions,450,"Raleigh-Durham-Cary, NC",20500,"Durham, NC",37,North Carolina,63,Durham,36.032944,-78.905417
82,9/3/11,37-063-0015,1,15.8,ug/m3 LC,52,1,100,88101,PM2.5 - Local Conditions,450,"Raleigh-Durham-Cary, NC",20500,"Durham, NC",37,North Carolina,63,Durham,36.032944,-78.905417
83,9/6/11,37-063-0015,1,3.8,ug/m3 LC,12,1,100,88101,PM2.5 - Local Conditions,450,"Raleigh-Durham-Cary, NC",20500,"Durham, NC",37,North Carolina,63,Durham,36.032944,-78.905417
84,9/9/11,37-063-0015,1,10.7,ug/m3 LC,35,1,100,88101,PM2.5 - Local Conditions,450,"Raleigh-Durham-Cary, NC",20500,"Durham, NC",37,North Carolina,63,Durham,36.032944,-78.905417
85,9/12/11,37-063-0015,1,11.7,ug/m3 LC,38,1,100,88101,PM2.5 - Local Conditions,450,"Raleigh-Durham-Cary, NC",20500,"Durham, NC",37,North Carolina,63,Durham,36.032944,-78.905417
86,9/15/11,37-063-0015,1,13.2,ug/m3 LC,43,1,100,88101,PM2.5 - Local Conditions,450,"Raleigh-Durham-Cary, NC",20500,"Durham, NC",37,North Carolina,63,Durham,36.032944,-78.905417
87,9/18/11,37-063-0015,1,2.9,ug/m3 LC,9,1,100,88101,PM2.5 - Local Conditions,450,"Raleigh-Durham-Cary, NC",20500,"Durham, NC",37,North Carolina,63,Durham,36.032944,-78.905417
88,9/21/11,37-063-0015,1,4.6,ug/m3 LC,15,1,100,88101,PM2.5 - Local Conditions,450,"Raleigh-Durham-Cary, NC",20500,"Durham, NC",37,North Carolina,63,Durham,36.032944,-78.905417
89,9/24/11,37-063-0015,1,5.6,ug/m3 LC,18,1,100,88101,PM2.5 - Local Conditions,450,"Raleigh-Durham-Cary, NC",20500,"Durham, NC",37,North Carolina,63,Durham,36.032944,-78.905417
90,9/27/11,37-063-0015,1,8.2,ug/m3 LC,27,1,100,88101,PM2.5 - Local Conditions,450,"Raleigh-Durham-Cary, NC",20500,"Durham, NC",37,North Carolina,63,Durham,36.032944,-78.905417
91,9/30/11,37-063-0015,1,5.7,ug/m3 LC,19,1,100,88101,PM2.5 - Local Conditions,450,"Raleigh-Durham-Cary, NC",20500,"Durham, NC",37,North Carolina,63,Durham,36.032944,-78.905417
92,1/1/11,37-063-0015,3,16.7125,ug/m3 LC,,24,100,88502,Acceptable PM2.5 AQI & Speciation Mass,450,"Raleigh-Durham-Cary, NC",20500,"Durham, NC",37,North Carolina,63,Durham,36.032944,-78.905417
93,1/2/11,37-063-0015,3,3.754166667,ug/m3 LC,,24,100,88502,Acceptable PM2.5 AQI & Speciation Mass,450,"Raleigh-Durham-Cary, NC",20500,"Durham, NC",37,North Carolina,63,Durham,36.032944,-78.905417
94,1/3/11,37-063-0015,3,4.855555556,ug/m3 LC,,18,75,88502,Acceptable PM2.5 AQI & Speciation Mass,450,"Raleigh-Durham-Cary, NC",20500,"Durham, NC",37,North Carolina,63,Durham,36.032944,-78.905417
95,1/4/11,37-063-0015,3,8.6875,ug/m3 LC,,24,100,88502,Acceptable PM2.5 AQI & Speciation Mass,450,"Raleigh-Durham-Cary, NC",20500,"Durham, NC",37,North Carolina,63,Durham,36.032944,-78.905417
96,1/5/11,37-063-0015,3,10.18333333,ug/m3 LC,,24,100,88502,Acceptable PM2.5 AQI & Speciation Mass,450,"Raleigh-Durham-Cary, NC",20500,"Durham, NC",37,North Carolina,63,Durham,36.032944,-78.905417
97,1/6/11,37-063-0015,3,8.495833333,ug/m3 LC,,24,100,88502,Acceptable PM2.5 AQI & Speciation Mass,450,"Raleigh-Durham-Cary, NC",20500,"Durham, NC",37,North Carolina,63,Durham,36.032944,-78.905417
98,1/7/11,37-063-0015,3,5.991666667,ug/m3 LC,,24,100,88502,Acceptable PM2.5 AQI & Speciation Mass,450,"Raleigh-Durham-Cary, NC",20500,"Durham, NC",37,North Carolina,63,Durham,36.032944,-78.905417
99,1/8/11,37-063-0015,3,5.320833333,ug/m3 LC,,24,100,88502,Acceptable PM2.5 AQI & Speciation Mass,450,"Raleigh-Durham-Cary, NC",20500,"Durham, NC",37,North Carolina,63,Durham,36.032944,-78.905417
100,1/9/11,37-063-0015,3,6.9125,ug/m3 LC,,24,100,88502,Acceptable PM2.5 AQI & Speciation Mass,450,"Raleigh-Durham-Cary, NC",20500,"Durham, NC",37,North Carolina,63,Durham,36.032944,-78.905417
101,1/10/11,37-063-0015,3,6.604166667,ug/m3 LC,,24,100,88502,Acceptable PM2.5 AQI & Speciation Mass,450,"Raleigh-Durham-Cary, NC",20500,"Durham, NC",37,North Carolina,63,Durham,36.032944,-78.905417
102,1/11/11,37-063-0015,3,5.804166667,ug/m3 LC,,24,100,88502,Acceptable PM2.5 AQI & Speciation Mass,450,"Raleigh-Durham-Cary, NC",20500,"Durham, NC",37,North Carolina,63,Durham,36.032944,-78.905417
103,1/12/11,37-063-0015,3,7.808333333,ug/m3 LC,,24,100,88502,Acceptable PM2.5 AQI & Speciation Mass,450,"Raleigh-Durham-Cary, NC",20500,"Durham, NC",37,North Carolina,63,Durham,36.032944,-78.905417
104,1/13/11,37-063-0015,3,9.095833333,ug/m3 LC,,24,100,88502,Acceptable PM2.5 AQI & Speciation Mass,450,"Raleigh-Durham-Cary, NC",20500,"Durham, NC",37,North Carolina,63,Durham,36.032944,-78.905417
105,1/14/11,37-063-0015,3,10.45416667,ug/m3 LC,,24,100,88502,Acceptable PM2.5 AQI & Speciation Mass,450,"Raleigh-Durham-Cary, NC",20500,"Durham, NC",37,North Carolina,63,Durham,36.032944,-78.905417
106,1/15/11,37-063-0015,3,11.92916667,ug/m3 LC,,24,100,88502,Acceptable PM2.5 AQI & Speciation Mass,450,"Raleigh-Durham-Cary, NC",20500,"Durham, NC",37,North Carolina,63,Durham,36.032944,-78.905417
107,1/16/11,37-063-0015,3,14.01666667,ug/m3 LC,,24,100,88502,Acceptable PM2.5 AQI & Speciation Mass,450,"Raleigh-Durham-Cary, NC",20500,"Durham, NC",37,North Carolina,63,Durham,36.032944,-78.905417
108,1/17/11,37-063-0015,3,12.98333333,ug/m3 LC,,24,100,88502,Acceptable PM2.5 AQI & Speciation Mass,450,"Raleigh-Durham-Cary, NC",20500,"Durham, NC",37,North Carolina,63,Durham,36.032944,-78.905417
109,1/18/11,37-063-0015,3,8.579166667,ug/m3 LC,,24,100,88502,Acceptable PM2.5 AQI & Speciation Mass,450,"Raleigh-Durham-Cary, NC",20500,"Durham, NC",37,North Carolina,63,Durham,36.032944,-78.905417
110,1/19/11,37-063-0015,3,7.195833333,ug/m3 LC,,24,100,88502,Acceptable PM2.5 AQI & Speciation Mass,450,"Raleigh-Durham-Cary, NC",20500,"Durham, NC",37,North Carolina,63,Durham,36.032944,-78.905417
111,1/20/11,37-063-0015,3,6.9375,ug/m3 LC,,24,100,88502,Acceptable PM2.5 AQI & Speciation Mass,450,"Raleigh-Durham-Cary, NC",20500,"Durham, NC",37,North Carolina,63,Durham,36.032944,-78.905417
112,1/21/11,37-063-0015,3,4.9125,ug/m3 LC,,24,100,88502,Acceptable PM2.5 AQI & Speciation Mass,450,"Raleigh-Durham-Cary, NC",20500,"Durham, NC",37,North Carolina,63,Durham,36.032944,-78.905417
113,1/22/11,37-063-0015,3,7.183333333,ug/m3 LC,,24,100,88502,Acceptable PM2.5 AQI & Speciation Mass,450,"Raleigh-Durham-Cary, NC",20500,"Durham, NC",37,North Carolina,63,Durham,36.032944,-78.905417
114,1/23/11,37-063-0015,3,14.22916667,ug/m3 LC,,24,100,88502,Acceptable PM2.5 AQI & Speciation Mass,450,"Raleigh-Durham-Cary, NC",20500,"Durham, NC",37,North Carolina,63,Durham,36.032944,-78.905417
115,1/24/11,37-063-0015,3,10.61904762,ug/m3 LC,,21,88,88502,Acceptable PM2.5 AQI & Speciation Mass,450,"Raleigh-Durham-Cary, NC",20500,"Durham, NC",37,North Carolina,63,Durham,36.032944,-78.905417
116,1/25/11,37-063-0015,3,13.15833333,ug/m3 LC,,24,100,88502,Acceptable PM2.5 AQI & Speciation Mass,450,"Raleigh-Durham-Cary, NC",20500,"Durham, NC",37,North Carolina,63,Durham,36.032944,-78.905417
117,1/26/11,37-063-0015,3,3.95,ug/m3 LC,,24,100,88502,Acceptable PM2.5 AQI & Speciation Mass,450,"Raleigh-Durham-Cary, NC",20500,"Durham, NC",37,North Carolina,63,Durham,36.032944,-78.905417
118,1/27/11,37-063-0015,3,10.58333333,ug/m3 LC,,24,100,88502,Acceptable PM2.5 AQI & Speciation Mass,450,"Raleigh-Durham-Cary, NC",20500,"Durham, NC",37,North Carolina,63,Durham,36.032944,-78.905417
119,1/28/11,37-063-0015,3,12.18333333,ug/m3 LC,,24,100,88502,Acceptable PM2.5 AQI & Speciation Mass,450,"Raleigh-Durham-Cary, NC",20500,"Durham, NC",37,North Carolina,63,Durham,36.032944,-78.905417
120,1/29/11,37-063-0015,3,9.420833333,ug/m3 LC,,24,100,88502,Acceptable PM2.5 AQI & Speciation Mass,450,"Raleigh-Durham-Cary, NC",20500,"Durham, NC",37,North Carolina,63,Durham,36.032944,-78.905417
121,1/30/11,37-063-0015,3,14.25833333,ug/m3 LC,,24,100,88502,Acceptable PM2.5 AQI & Speciation Mass,450,"Raleigh-Durham-Cary, NC",20500,"Durham, NC",37,North Carolina,63,Durham,36.032944,-78.905417
122,1/31/11,37-063-0015,3,13.80833333,ug/m3 LC,,24,100,88502,Acceptable PM2.5 AQI & Speciation Mass,450,"Raleigh-Durham-Cary, NC",20500,"Durham, NC",37,North Carolina,63,Durham,36.032944,-78.905417
123,2/1/11,37-063-0015,3,10.25238095,ug/m3 LC,,21,88,88502,Acceptable PM2.5 AQI & Speciation Mass,450,"Raleigh-Durham-Cary, NC",20500,"Durham, NC",37,North Carolina,63,Durham,36.032944,-78.905417
124,2/2/11,37-063-0015,3,6.129166667,ug/m3 LC,,24,100,88502,Acceptable PM2.5 AQI & Speciation Mass,450,"Raleigh-Durham-Cary, NC",20500,"Durham, NC",37,North Carolina,63,Durham,36.032944,-78.905417
125,2/3/11,37-063-0015,3,6.7875,ug/m3 LC,,24,100,88502,Acceptable PM2.5 AQI & Speciation Mass,450,"Raleigh-Durham-Cary, NC",20500,"Durham, NC",37,North Carolina,63,Durham,36.032944,-78.905417
126,2/4/11,37-063-0015,3,7.604166667,ug/m3 LC,,24,100,88502,Acceptable PM2.5 AQI & Speciation Mass,450,"Raleigh-Durham-Cary, NC",20500,"Durham, NC",37,North Carolina,63,Durham,36.032944,-78.905417
127,2/5/11,37-063-0015,3,4.320833333,ug/m3 LC,,24,100,88502,Acceptable PM2.5 AQI & Speciation Mass,450,"Raleigh-Durham-Cary, NC",20500,"Durham, NC",37,North Carolina,63,Durham,36.032944,-78.905417
128,2/6/11,37-063-0015,3,8.225,ug/m3 LC,,24,100,88502,Acceptable PM2.5 AQI & Speciation Mass,450,"Raleigh-Durham-Cary, NC",20500,"Durham, NC",37,North Carolina,63,Durham,36.032944,-78.905417
129,2/7/11,37-063-0015,3,10.31666667,ug/m3 LC,,24,100,88502,Acceptable PM2.5 AQI & Speciation Mass,450,"Raleigh-Durham-Cary, NC",20500,"Durham, NC",37,North Carolina,63,Durham,36.032944,-78.905417
130,2/8/11,37-063-0015,3,6.833333333,ug/m3 LC,,24,100,88502,Acceptable PM2.5 AQI & Speciation Mass,450,"Raleigh-Durham-Cary, NC",20500,"Durham, NC",37,North Carolina,63,Durham,36.032944,-78.905417
131,2/9/11,37-063-0015,3,5.6125,ug/m3 LC,,24,100,88502,Acceptable PM2.5 AQI & Speciation Mass,450,"Raleigh-Durham-Cary, NC",20500,"Durham, NC",37,North Carolina,63,Durham,36.032944,-78.905417
132,2/10/11,37-063-0015,3,7.25,ug/m3 LC,,24,100,88502,Acceptable PM2.5 AQI & Speciation Mass,450,"Raleigh-Durham-Cary, NC",20500,"Durham, NC",37,North Carolina,63,Durham,36.032944,-78.905417
133,2/11/11,37-063-0015,3,11.30833333,ug/m3 LC,,24,100,88502,Acceptable PM2.5 AQI & Speciation Mass,450,"Raleigh-Durham-Cary, NC",20500,"Durham, NC",37,North Carolina,63,Durham,36.032944,-78.905417
134,2/12/11,37-063-0015,3,8.595833333,ug/m3 LC,,24,100,88502,Acceptable PM2.5 AQI & Speciation Mass,450,"Raleigh-Durham-Cary, NC",20500,"Durham, NC",37,North Carolina,63,Durham,36.032944,-78.905417
135,2/13/11,37-063-0015,3,5.2625,ug/m3 LC,,24,100,88502,Acceptable PM2.5 AQI & Speciation Mass,450,"Raleigh-Durham-Cary, NC",20500,"Durham, NC",37,North Carolina,63,Durham,36.032944,-78.905417
136,2/14/11,37-063-0015,3,7.25,ug/m3 LC,,24,100,88502,Acceptable PM2.5 AQI & Speciation Mass,450,"Raleigh-Durham-Cary, NC",20500,"Durham, NC",37,North Carolina,63,Durham,36.032944,-78.905417
137,2/15/11,37-063-0015,3,7.070833333,ug/m3 LC,,24,100,88502,Acceptable PM2.5 AQI & Speciation Mass,450,"Raleigh-Durham-Cary, NC",20500,"Durham, NC",37,North Carolina,63,Durham,36.032944,-78.905417
138,2/16/11,37-063-0015,3,11.10416667,ug/m3 LC,,24,100,88502,Acceptable PM2.5 AQI & Speciation Mass,450,"Raleigh-Durham-Cary, NC",20500,"Durham, NC",37,North Carolina,63,Durham,36.032944,-78.905417
139,2/17/11,37-063-0015,3,21.9125,ug/m3 LC,,24,100,88502,Acceptable PM2.5 AQI & Speciation Mass,450,"Raleigh-Durham-Cary, NC",20500,"Durham, NC",37,North Carolina,63,Durham,36.032944,-78.905417
140,2/18/11,37-063-0015,3,17.39166667,ug/m3 LC,,24,100,88502,Acceptable PM2.5 AQI & Speciation Mass,450,"Raleigh-Durham-Cary, NC",20500,"Durham, NC",37,North Carolina,63,Durham,36.032944,-78.905417
141,2/19/11,37-063-0015,3,2.683333333,ug/m3 LC,,24,100,88502,Acceptable PM2.5 AQI & Speciation Mass,450,"Raleigh-Durham-Cary, NC",20500,"Durham, NC",37,North Carolina,63,Durham,36.032944,-78.905417
142,2/20/11,37-063-0015,3,5.8875,ug/m3 LC,,24,100,88502,Acceptable PM2.5 AQI & Speciation Mass,450,"Raleigh-Durham-Cary, NC",20500,"Durham, NC",37,North Carolina,63,Durham,36.032944,-78.905417
143,2/21/11,37-063-0015,3,7.485714286,ug/m3 LC,,21,88,88502,Acceptable PM2.5 AQI & Speciation Mass,450,"Raleigh-Durham-Cary, NC",20500,"Durham, NC",37,North Carolina,63,Durham,36.032944,-78.905417
144,2/22/11,37-063-0015,3,8.186363636,ug/m3 LC,,22,92,88502,Acceptable PM2.5 AQI & Speciation Mass,450,"Raleigh-Durham-Cary, NC",20500,"Durham, NC",37,North Carolina,63,Durham,36.032944,-78.905417
145,2/23/11,37-063-0015,3,7.770833333,ug/m3 LC,,24,100,88502,Acceptable PM2.5 AQI & Speciation Mass,450,"Raleigh-Durham-Cary, NC",20500,"Durham, NC",37,North Carolina,63,Durham,36.032944,-78.905417
146,2/24/11,37-063-0015,3,10.55833333,ug/m3 LC,,24,100,88502,Acceptable PM2.5 AQI & Speciation Mass,450,"Raleigh-Durham-Cary, NC",20500,"Durham, NC",37,North Carolina,63,Durham,36.032944,-78.905417
147,2/25/11,37-063-0015,3,7.416666667,ug/m3 LC,,24,100,88502,Acceptable PM2.5 AQI & Speciation Mass,450,"Raleigh-Durham-Cary, NC",20500,"Durham, NC",37,North Carolina,63,Durham,36.032944,-78.905417
148,2/26/11,37-063-0015,3,8.770833333,ug/m3 LC,,24,100,88502,Acceptable PM2.5 AQI & Speciation Mass,450,"Raleigh-Durham-Cary, NC",20500,"Durham, NC",37,North Carolina,63,Durham,36.032944,-78.905417
149,2/27/11,37-063-0015,3,15.825,ug/m3 LC,,24,100,88502,Acceptable PM2.5 AQI & Speciation Mass,450,"Raleigh-Durham-Cary, NC",20500,"Durham, NC",37,North Carolina,63,Durham,36.032944,-78.905417
150,2/28/11,37-063-0015,3,10.32380952,ug/m3 LC,,21,88,88502,Acceptable PM2.5 AQI & Speciation Mass,450,"Raleigh-Durham-Cary, NC",20500,"Durham, NC",37,North Carolina,63,Durham,36.032944,-78.905417
151,3/1/11,37-063-0015,3,3.5125,ug/m3 LC,,24,100,88502,Acceptable PM2.5 AQI & Speciation Mass,450,"Raleigh-Durham-Cary, NC",20500,"Durham, NC",37,North Carolina,63,Durham,36.032944,-78.905417
152,3/2/11,37-063-0015,3,8.079166667,ug/m3 LC,,24,100,88502,Acceptable PM2.5 AQI & Speciation Mass,450,"Raleigh-Durham-Cary, NC",20500,"Durham, NC",37,North Carolina,63,Durham,36.032944,-78.905417
153,3/3/11,37-063-0015,3,4.595833333,ug/m3 LC,,24,100,88502,Acceptable PM2.5 AQI & Speciation Mass,450,"Raleigh-Durham-Cary, NC",20500,"Durham, NC",37,North Carolina,63,Durham,36.032944,-78.905417
154,3/4/11,37-063-0015,3,7.416666667,ug/m3 LC,,24,100,88502,Acceptable PM2.5 AQI & Speciation Mass,450,"Raleigh-Durham-Cary, NC",20500,"Durham, NC",37,North Carolina,63,Durham,36.032944,-78.905417
155,3/5/11,37-063-0015,3,5.041666667,ug/m3 LC,,24,100,88502,Acceptable PM2.5 AQI & Speciation Mass,450,"Raleigh-Durham-Cary, NC",20500,"Durham, NC",37,North Carolina,63,Durham,36.032944,-78.905417
156,3/6/11,37-063-0015,3,1.870833333,ug/m3 LC,,24,100,88502,Acceptable PM2.5 AQI & Speciation Mass,450,"Raleigh-Durham-Cary, NC",20500,"Durham, NC",37,North Carolina,63,Durham,36.032944,-78.905417
157,3/7/11,37-063-0015,3,4.6875,ug/m3 LC,,24,100,88502,Acceptable PM2.5 AQI & Speciation Mass,450,"Raleigh-Durham-Cary, NC",20500,"Durham, NC",37,North Carolina,63,Durham,36.032944,-78.905417
158,3/8/11,37-063-0015,3,4.470833333,ug/m3 LC,,24,100,88502,Acceptable PM2.5 AQI & Speciation Mass,450,"Raleigh-Durham-Cary, NC",20500,"Durham, NC",37,North Carolina,63,Durham,36.032944,-78.905417
159,3/9/11,37-063-0015,3,5.904166667,ug/m3 LC,,24,100,88502,Acceptable PM2.5 AQI & Speciation Mass,450,"Raleigh-Durham-Cary, NC",20500,"Durham, NC",37,North Carolina,63,Durham,36.032944,-78.905417
160,3/10/11,37-063-0015,3,2.3875,ug/m3 LC,,24,100,88502,Acceptable PM2.5 AQI & Speciation Mass,450,"Raleigh-Durham-Cary, NC",20500,"Durham, NC",37,North Carolina,63,Durham,36.032944,-78.905417
161,3/11/11,37-063-0015,3,4.395833333,ug/m3 LC,,24,100,88502,Acceptable PM2.5 AQI & Speciation Mass,450,"Raleigh-Durham-Cary, NC",20500,"Durham, NC",37,North Carolina,63,Durham,36.032944,-78.905417
162,3/12/11,37-063-0015,3,8.408333333,ug/m3 LC,,24,100,88502,Acceptable PM2.5 AQI & Speciation Mass,450,"Raleigh-Durham-Cary, NC",20500,"Durham, NC",37,North Carolina,63,Durham,36.032944,-78.905417
163,3/13/11,37-063-0015,3,11.71666667,ug/m3 LC,,24,100,88502,Acceptable PM2.5 AQI & Speciation Mass,450,"Raleigh-Durham-Cary, NC",20500,"Durham, NC",37,North Carolina,63,Durham,36.032944,-78.905417
164,3/14/11,37-063-0015,3,8.875,ug/m3 LC,,24,100,88502,Acceptable PM2.5 AQI & Speciation Mass,450,"Raleigh-Durham-Cary, NC",20500,"Durham, NC",37,North Carolina,63,Durham,36.032944,-78.905417
165,3/15/11,37-063-0015,3,8.416666667,ug/m3 LC,,24,100,88502,Acceptable PM2.5 AQI & Speciation Mass,450,"Raleigh-Durham-Cary, NC",20500,"Durham, NC",37,North Carolina,63,Durham,36.032944,-78.905417
166,3/16/11,37-063-0015,3,6.279166667,ug/m3 LC,,24,100,88502,Acceptable PM2.5 AQI & Speciation Mass,450,"Raleigh-Durham-Cary, NC",20500,"Durham, NC",37,North Carolina,63,Durham,36.032944,-78.905417
167,3/17/11,37-063-0015,3,5.491666667,ug/m3 LC,,24,100,88502,Acceptable PM2.5 AQI & Speciation Mass,450,"Raleigh-Durham-Cary, NC",20500,"Durham, NC",37,North Carolina,63,Durham,36.032944,-78.905417
168,3/18/11,37-063-0015,3,12.34166667,ug/m3 LC,,24,100,88502,Acceptable PM2.5 AQI & Speciation Mass,450,"Raleigh-Durham-Cary, NC",20500,"Durham, NC",37,North Carolina,63,Durham,36.032944,-78.905417
169,3/19/11,37-063-0015,3,7.575,ug/m3 LC,,24,100,88502,Acceptable PM2.5 AQI & Speciation Mass,450,"Raleigh-Durham-Cary, NC",20500,"Durham, NC",37,North Carolina,63,Durham,36.032944,-78.905417
170,3/20/11,37-063-0015,3,6.166666667,ug/m3 LC,,24,100,88502,Acceptable PM2.5 AQI & Speciation Mass,450,"Raleigh-Durham-Cary, NC",20500,"Durham, NC",37,North Carolina,63,Durham,36.032944,-78.905417
171,3/21/11,37-063-0015,3,9.225,ug/m3 LC,,24,100,88502,Acceptable PM2.5 AQI & Speciation Mass,450,"Raleigh-Durham-Cary, NC",20500,"Durham, NC",37,North Carolina,63,Durham,36.032944,-78.905417
172,3/22/11,37-063-0015,3,11.16363636,ug/m3 LC,,22,92,88502,Acceptable PM2.5 AQI & Speciation Mass,450,"Raleigh-Durham-Cary, NC",20500,"Durham, NC",37,North Carolina,63,Durham,36.032944,-78.905417
173,3/23/11,37-063-0015,3,9.745454545,ug/m3 LC,,22,92,88502,Acceptable PM2.5 AQI & Speciation Mass,450,"Raleigh-Durham-Cary, NC",20500,"Durham, NC",37,North Carolina,63,Durham,36.032944,-78.905417
174,3/24/11,37-063-0015,3,3.9625,ug/m3 LC,,24,100,88502,Acceptable PM2.5 AQI & Speciation Mass,450,"Raleigh-Durham-Cary, NC",20500,"Durham, NC",37,North Carolina,63,Durham,36.032944,-78.905417
175,3/25/11,37-063-0015,3,7.483333333,ug/m3 LC,,24,100,88502,Acceptable PM2.5 AQI & Speciation Mass,450,"Raleigh-Durham-Cary, NC",20500,"Durham, NC",37,North Carolina,63,Durham,36.032944,-78.905417
176,3/26/11,37-063-0015,3,6.354166667,ug/m3 LC,,24,100,88502,Acceptable PM2.5 AQI & Speciation Mass,450,"Raleigh-Durham-Cary, NC",20500,"Durham, NC",37,North Carolina,63,Durham,36.032944,-78.905417
177,3/27/11,37-063-0015,3,6.320833333,ug/m3 LC,,24,100,88502,Acceptable PM2.5 AQI & Speciation Mass,450,"Raleigh-Durham-Cary, NC",20500,"Durham, NC",37,North Carolina,63,Durham,36.032944,-78.905417
178,3/28/11,37-063-0015,3,9.5625,ug/m3 LC,,24,100,88502,Acceptable PM2.5 AQI & Speciation Mass,450,"Raleigh-Durham-Cary, NC",20500,"Durham, NC",37,North Carolina,63,Durham,36.032944,-78.905417
179,3/29/11,37-063-0015,3,11.50416667,ug/m3 LC,,24,100,88502,Acceptable PM2.5 AQI & Speciation Mass,450,"Raleigh-Durham-Cary, NC",20500,"Durham, NC",37,North Carolina,63,Durham,36.032944,-78.905417
180,3/30/11,37-063-0015,3,5.7,ug/m3 LC,,21,88,88502,Acceptable PM2.5 AQI & Speciation Mass,450,"Raleigh-Durham-Cary, NC",20500,"Durham, NC",37,North Carolina,63,Durham,36.032944,-78.905417
181,3/31/11,37-063-0015,3,2.891666667,ug/m3 LC,,24,100,88502,Acceptable PM2.5 AQI & Speciation Mass,450,"Raleigh-Durham-Cary, NC",20500,"Durham, NC",37,North Carolina,63,Durham,36.032944,-78.905417
182,4/1/11,37-063-0015,3,9.195833333,ug/m3 LC,,24,100,88502,Acceptable PM2.5 AQI & Speciation Mass,450,"Raleigh-Durham-Cary, NC",20500,"Durham, NC",37,North Carolina,63,Durham,36.032944,-78.905417
183,4/2/11,37-063-0015,3,7.733333333,ug/m3 LC,,24,100,88502,Acceptable PM2.5 AQI & Speciation Mass,450,"Raleigh-Durham-Cary, NC",20500,"Durham, NC",37,North Carolina,63,Durham,36.032944,-78.905417
184,4/3/11,37-063-0015,3,5.570833333,ug/m3 LC,,24,100,88502,Acceptable PM2.5 AQI & Speciation Mass,450,"Raleigh-Durham-Cary, NC",20500,"Durham, NC",37,North Carolina,63,Durham,36.032944,-78.905417
185,4/4/11,37-063-0015,3,7.454166667,ug/m3 LC,,24,100,88502,Acceptable PM2.5 AQI & Speciation Mass,450,"Raleigh-Durham-Cary, NC",20500,"Durham, NC",37,North Carolina,63,Durham,36.032944,-78.905417
186,4/5/11,37-063-0015,3,3.566666667,ug/m3 LC,,24,100,88502,Acceptable PM2.5 AQI & Speciation Mass,450,"Raleigh-Durham-Cary, NC",20500,"Durham, NC",37,North Carolina,63,Durham,36.032944,-78.905417
187,4/6/11,37-063-0015,3,5.520833333,ug/m3 LC,,24,100,88502,Acceptable PM2.5 AQI & Speciation Mass,450,"Raleigh-Durham-Cary, NC",20500,"Durham, NC",37,North Carolina,63,Durham,36.032944,-78.905417
188,4/7/11,37-063-0015,3,7.783333333,ug/m3 LC,,24,100,88502,Acceptable PM2.5 AQI & Speciation Mass,450,"Raleigh-Durham-Cary, NC",20500,"Durham, NC",37,North Carolina,63,Durham,36.032944,-78.905417
189,4/8/11,37-063-0015,3,16.52083333,ug/m3 LC,,24,100,88502,Acceptable PM2.5 AQI & Speciation Mass,450,"Raleigh-Durham-Cary, NC",20500,"Durham, NC",37,North Carolina,63,Durham,36.032944,-78.905417
190,4/9/11,37-063-0015,3,7.883333333,ug/m3 LC,,24,100,88502,Acceptable PM2.5 AQI & Speciation Mass,450,"Raleigh-Durham-Cary, NC",20500,"Durham, NC",37,North Carolina,63,Durham,36.032944,-78.905417
191,4/10/11,37-063-0015,3,5.645833333,ug/m3 LC,,24,100,88502,Acceptable PM2.5 AQI & Speciation Mass,450,"Raleigh-Durham-Cary, NC",20500,"Durham, NC",37,North Carolina,63,Durham,36.032944,-78.905417
192,4/11/11,37-063-0015,3,12.15833333,ug/m3 LC,,24,100,88502,Acceptable PM2.5 AQI & Speciation Mass,450,"Raleigh-Durham-Cary, NC",20500,"Durham, NC",37,North Carolina,63,Durham,36.032944,-78.905417
193,4/12/11,37-063-0015,3,6.129166667,ug/m3 LC,,24,100,88502,Acceptable PM2.5 AQI & Speciation Mass,450,"Raleigh-Durham-Cary, NC",20500,"Durham, NC",37,North Carolina,63,Durham,36.032944,-78.905417
194,4/13/11,37-063-0015,3,4.266666667,ug/m3 LC,,24,100,88502,Acceptable PM2.5 AQI & Speciation Mass,450,"Raleigh-Durham-Cary, NC",20500,"Durham, NC",37,North Carolina,63,Durham,36.032944,-78.905417
195,4/14/11,37-063-0015,3,9.8625,ug/m3 LC,,24,100,88502,Acceptable PM2.5 AQI & Speciation Mass,450,"Raleigh-Durham-Cary, NC",20500,"Durham, NC",37,North Carolina,63,Durham,36.032944,-78.905417
196,4/15/11,37-063-0015,3,8.891666667,ug/m3 LC,,24,100,88502,Acceptable PM2.5 AQI & Speciation Mass,450,"Raleigh-Durham-Cary, NC",20500,"Durham, NC",37,North Carolina,63,Durham,36.032944,-78.905417
197,4/16/11,37-063-0015,3,4.9875,ug/m3 LC,,24,100,88502,Acceptable PM2.5 AQI & Speciation Mass,450,"Raleigh-Durham-Cary, NC",20500,"Durham, NC",37,North Carolina,63,Durham,36.032944,-78.905417
198,4/17/11,37-063-0015,3,4.983333333,ug/m3 LC,,24,100,88502,Acceptable PM2.5 AQI & Speciation Mass,450,"Raleigh-Durham-Cary, NC",20500,"Durham, NC",37,North Carolina,63,Durham,36.032944,-78.905417
199,4/18/11,37-063-0015,3,9.775,ug/m3 LC,,24,100,88502,Acceptable PM2.5 AQI & Speciation Mass,450,"Raleigh-Durham-Cary, NC",20500,"Durham, NC",37,North Carolina,63,Durham,36.032944,-78.905417
200,4/19/11,37-063-0015,3,15.72916667,ug/m3 LC,,24,100,88502,Acceptable PM2.5 AQI & Speciation Mass,450,"Raleigh-Durham-Cary, NC",20500,"Durham, NC",37,North Carolina,63,Durham,36.032944,-78.905417
201,4/20/11,37-063-0015,3,11,ug/m3 LC,,22,92,88502,Acceptable PM2.5 AQI & Speciation Mass,450,"Raleigh-Durham-Cary, NC",20500,"Durham, NC",37,North Carolina,63,Durham,36.032944,-78.905417
202,4/21/11,37-063-0015,3,8.641666667,ug/m3 LC,,24,100,88502,Acceptable PM2.5 AQI & Speciation Mass,450,"Raleigh-Durham-Cary, NC",20500,"Durham, NC",37,North Carolina,63,Durham,36.032944,-78.905417
203,4/22/11,37-063-0015,3,5.8625,ug/m3 LC,,24,100,88502,Acceptable PM2.5 AQI & Speciation Mass,450,"Raleigh-Durham-Cary, NC",20500,"Durham, NC",37,North Carolina,63,Durham,36.032944,-78.905417
204,4/23/11,37-063-0015,3,8.85,ug/m3 LC,,24,100,88502,Acceptable PM2.5 AQI & Speciation Mass,450,"Raleigh-Durham-Cary, NC",20500,"Durham, NC",37,North Carolina,63,Durham,36.032944,-78.905417
205,4/24/11,37-063-0015,3,12.40833333,ug/m3 LC,,24,100,88502,Acceptable PM2.5 AQI & Speciation Mass,450,"Raleigh-Durham-Cary, NC",20500,"Durham, NC",37,North Carolina,63,Durham,36.032944,-78.905417
206,4/25/11,37-063-0015,3,10.1125,ug/m3 LC,,24,100,88502,Acceptable PM2.5 AQI & Speciation Mass,450,"Raleigh-Durham-Cary, NC",20500,"Durham, NC",37,North Carolina,63,Durham,36.032944,-78.905417
207,4/26/11,37-063-0015,3,4.220833333,ug/m3 LC,,24,100,88502,Acceptable PM2.5 AQI & Speciation Mass,450,"Raleigh-Durham-Cary, NC",20500,"Durham, NC",37,North Carolina,63,Durham,36.032944,-78.905417
208,4/27/11,37-063-0015,3,5.514285714,ug/m3 LC,,21,88,88502,Acceptable PM2.5 AQI & Speciation Mass,450,"Raleigh-Durham-Cary, NC",20500,"Durham, NC",37,North Carolina,63,Durham,36.032944,-78.905417
209,4/28/11,37-063-0015,3,6.6375,ug/m3 LC,,24,100,88502,Acceptable PM2.5 AQI & Speciation Mass,450,"Raleigh-Durham-Cary, NC",20500,"Durham, NC",37,North Carolina,63,Durham,36.032944,-78.905417
210,4/29/11,37-063-0015,3,5.904166667,ug/m3 LC,,24,100,88502,Acceptable PM2.5 AQI & Speciation Mass,450,"Raleigh-Durham-Cary, NC",20500,"Durham, NC",37,North Carolina,63,Durham,36.032944,-78.905417
211,4/30/11,37-063-0015,3,7.429166667,ug/m3 LC,,24,100,88502,Acceptable PM2.5 AQI & Speciation Mass,450,"Raleigh-Durham-Cary, NC",20500,"Durham, NC",37,North Carolina,63,Durham,36.032944,-78.905417
212,5/1/11,37-063-0015,3,9.325,ug/m3 LC,,24,100,88502,Acceptable PM2.5 AQI & Speciation Mass,450,"Raleigh-Durham-Cary, NC",20500,"Durham, NC",37,North Carolina,63,Durham,36.032944,-78.905417
213,5/2/11,37-063-0015,3,9.129166667,ug/m3 LC,,24,100,88502,Acceptable PM2.5 AQI & Speciation Mass,450,"Raleigh-Durham-Cary, NC",20500,"Durham, NC",37,North Carolina,63,Durham,36.032944,-78.905417
214,5/3/11,37-063-0015,3,8.104166667,ug/m3 LC,,24,100,88502,Acceptable PM2.5 AQI & Speciation Mass,450,"Raleigh-Durham-Cary, NC",20500,"Durham, NC",37,North Carolina,63,Durham,36.032944,-78.905417
215,5/4/11,37-063-0015,3,3.45,ug/m3 LC,,24,100,88502,Acceptable PM2.5 AQI & Speciation Mass,450,"Raleigh-Durham-Cary, NC",20500,"Durham, NC",37,North Carolina,63,Durham,36.032944,-78.905417
216,5/5/11,37-063-0015,3,5.541666667,ug/m3 LC,,24,100,88502,Acceptable PM2.5 AQI & Speciation Mass,450,"Raleigh-Durham-Cary, NC",20500,"Durham, NC",37,North Carolina,63,Durham,36.032944,-78.905417
217,5/6/11,37-063-0015,3,9.116666667,ug/m3 LC,,24,100,88502,Acceptable PM2.5 AQI & Speciation Mass,450,"Raleigh-Durham-Cary, NC",20500,"Durham, NC",37,North Carolina,63,Durham,36.032944,-78.905417
218,5/7/11,37-063-0015,3,8.679166667,ug/m3 LC,,24,100,88502,Acceptable PM2.5 AQI & Speciation Mass,450,"Raleigh-Durham-Cary, NC",20500,"Durham, NC",37,North Carolina,63,Durham,36.032944,-78.905417
219,5/8/11,37-063-0015,3,7.570833333,ug/m3 LC,,24,100,88502,Acceptable PM2.5 AQI & Speciation Mass,450,"Raleigh-Durham-Cary, NC",20500,"Durham, NC",37,North Carolina,63,Durham,36.032944,-78.905417
220,5/9/11,37-063-0015,3,8.645833333,ug/m3 LC,,24,100,88502,Acceptable PM2.5 AQI & Speciation Mass,450,"Raleigh-Durham-Cary, NC",20500,"Durham, NC",37,North Carolina,63,Durham,36.032944,-78.905417
221,5/10/11,37-063-0015,3,11.79166667,ug/m3 LC,,24,100,88502,Acceptable PM2.5 AQI & Speciation Mass,450,"Raleigh-Durham-Cary, NC",20500,"Durham, NC",37,North Carolina,63,Durham,36.032944,-78.905417
222,5/11/11,37-063-0015,3,16.47916667,ug/m3 LC,,24,100,88502,Acceptable PM2.5 AQI & Speciation Mass,450,"Raleigh-Durham-Cary, NC",20500,"Durham, NC",37,North Carolina,63,Durham,36.032944,-78.905417
223,5/12/11,37-063-0015,3,16.37083333,ug/m3 LC,,24,100,88502,Acceptable PM2.5 AQI & Speciation Mass,450,"Raleigh-Durham-Cary, NC",20500,"Durham, NC",37,North Carolina,63,Durham,36.032944,-78.905417
224,5/13/11,37-063-0015,3,11.47083333,ug/m3 LC,,24,100,88502,Acceptable PM2.5 AQI & Speciation Mass,450,"Raleigh-Durham-Cary, NC",20500,"Durham, NC",37,North Carolina,63,Durham,36.032944,-78.905417
225,5/14/11,37-063-0015,3,9.3875,ug/m3 LC,,24,100,88502,Acceptable PM2.5 AQI & Speciation Mass,450,"Raleigh-Durham-Cary, NC",20500,"Durham, NC",37,North Carolina,63,Durham,36.032944,-78.905417
226,5/15/11,37-063-0015,3,5.691666667,ug/m3 LC,,24,100,88502,Acceptable PM2.5 AQI & Speciation Mass,450,"Raleigh-Durham-Cary, NC",20500,"Durham, NC",37,North Carolina,63,Durham,36.032944,-78.905417
227,5/16/11,37-063-0015,3,4.429166667,ug/m3 LC,,24,100,88502,Acceptable PM2.5 AQI & Speciation Mass,450,"Raleigh-Durham-Cary, NC",20500,"Durham, NC",37,North Carolina,63,Durham,36.032944,-78.905417
228,5/17/11,37-063-0015,3,5.366666667,ug/m3 LC,,24,100,88502,Acceptable PM2.5 AQI & Speciation Mass,450,"Raleigh-Durham-Cary, NC",20500,"Durham, NC",37,North Carolina,63,Durham,36.032944,-78.905417
229,5/18/11,37-063-0015,3,5.170833333,ug/m3 LC,,24,100,88502,Acceptable PM2.5 AQI & Speciation Mass,450,"Raleigh-Durham-Cary, NC",20500,"Durham, NC",37,North Carolina,63,Durham,36.032944,-78.905417
230,5/21/11,37-063-0015,3,9.9375,ug/m3 LC,,24,100,88502,Acceptable PM2.5 AQI & Speciation Mass,450,"Raleigh-Durham-Cary, NC",20500,"Durham, NC",37,North Carolina,63,Durham,36.032944,-78.905417
231,5/22/11,37-063-0015,3,13.2625,ug/m3 LC,,24,100,88502,Acceptable PM2.5 AQI & Speciation Mass,450,"Raleigh-Durham-Cary, NC",20500,"Durham, NC",37,North Carolina,63,Durham,36.032944,-78.905417
232,5/23/11,37-063-0015,3,14.3875,ug/m3 LC,,24,100,88502,Acceptable PM2.5 AQI & Speciation Mass,450,"Raleigh-Durham-Cary, NC",20500,"Durham, NC",37,North Carolina,63,Durham,36.032944,-78.905417
233,5/24/11,37-063-0015,3,10.94166667,ug/m3 LC,,24,100,88502,Acceptable PM2.5 AQI & Speciation Mass,450,"Raleigh-Durham-Cary, NC",20500,"Durham, NC",37,North Carolina,63,Durham,36.032944,-78.905417
234,5/25/11,37-063-0015,3,8.961904762,ug/m3 LC,,21,88,88502,Acceptable PM2.5 AQI & Speciation Mass,450,"Raleigh-Durham-Cary, NC",20500,"Durham, NC",37,North Carolina,63,Durham,36.032944,-78.905417
235,5/26/11,37-063-0015,3,16.26666667,ug/m3 LC,,24,100,88502,Acceptable PM2.5 AQI & Speciation Mass,450,"Raleigh-Durham-Cary, NC",20500,"Durham, NC",37,North Carolina,63,Durham,36.032944,-78.905417
236,5/27/11,37-063-0015,3,3.995238095,ug/m3 LC,,21,88,88502,Acceptable PM2.5 AQI & Speciation Mass,450,"Raleigh-Durham-Cary, NC",20500,"Durham, NC",37,North Carolina,63,Durham,36.032944,-78.905417
237,5/28/11,37-063-0015,3,6.579166667,ug/m3 LC,,24,100,88502,Acceptable PM2.5 AQI & Speciation Mass,450,"Raleigh-Durham-Cary, NC",20500,"Durham, NC",37,North Carolina,63,Durham,36.032944,-78.905417
238,5/29/11,37-063-0015,3,11.26666667,ug/m3 LC,,24,100,88502,Acceptable PM2.5 AQI & Speciation Mass,450,"Raleigh-Durham-Cary, NC",20500,"Durham, NC",37,North Carolina,63,Durham,36.032944,-78.905417
239,5/30/11,37-063-0015,3,13.23333333,ug/m3 LC,,24,100,88502,Acceptable PM2.5 AQI & Speciation Mass,450,"Raleigh-Durham-Cary, NC",20500,"Durham, NC",37,North Carolina,63,Durham,36.032944,-78.905417
240,5/31/11,37-063-0015,3,19.67916667,ug/m3 LC,,24,100,88502,Acceptable PM2.5 AQI & Speciation Mass,450,"Raleigh-Durham-Cary, NC",20500,"Durham, NC",37,North Carolina,63,Durham,36.032944,-78.905417
241,6/1/11,37-063-0015,3,28.65,ug/m3 LC,,24,100,88502,Acceptable PM2.5 AQI & Speciation Mass,450,"Raleigh-Durham-Cary, NC",20500,"Durham, NC",37,North Carolina,63,Durham,36.032944,-78.905417
242,6/2/11,37-063-0015,3,15.675,ug/m3 LC,,24,100,88502,Acceptable PM2.5 AQI & Speciation Mass,450,"Raleigh-Durham-Cary, NC",20500,"Durham, NC",37,North Carolina,63,Durham,36.032944,-78.905417
243,6/3/11,37-063-0015,3,7.979166667,ug/m3 LC,,24,100,88502,Acceptable PM2.5 AQI & Speciation Mass,450,"Raleigh-Durham-Cary, NC",20500,"Durham, NC",37,North Carolina,63,Durham,36.032944,-78.905417
244,6/4/11,37-063-0015,3,14.50833333,ug/m3 LC,,24,100,88502,Acceptable PM2.5 AQI & Speciation Mass,450,"Raleigh-Durham-Cary, NC",20500,"Durham, NC",37,North Carolina,63,Durham,36.032944,-78.905417
245,6/7/11,37-063-0015,3,19.48333333,ug/m3 LC,,24,100,88502,Acceptable PM2.5 AQI & Speciation Mass,450,"Raleigh-Durham-Cary, NC",20500,"Durham, NC",37,North Carolina,63,Durham,36.032944,-78.905417
246,6/8/11,37-063-0015,3,23.2625,ug/m3 LC,,24,100,88502,Acceptable PM2.5 AQI & Speciation Mass,450,"Raleigh-Durham-Cary, NC",20500,"Durham, NC",37,North Carolina,63,Durham,36.032944,-78.905417
247,6/9/11,37-063-0015,3,23.37083333,ug/m3 LC,,24,100,88502,Acceptable PM2.5 AQI & Speciation Mass,450,"Raleigh-Durham-Cary, NC",20500,"Durham, NC",37,North Carolina,63,Durham,36.032944,-78.905417
248,6/10/11,37-063-0015,3,20.39166667,ug/m3 LC,,24,100,88502,Acceptable PM2.5 AQI & Speciation Mass,450,"Raleigh-Durham-Cary, NC",20500,"Durham, NC",37,North Carolina,63,Durham,36.032944,-78.905417
249,6/11/11,37-063-0015,3,14.49583333,ug/m3 LC,,24,100,88502,Acceptable PM2.5 AQI & Speciation Mass,450,"Raleigh-Durham-Cary, NC",20500,"Durham, NC",37,North Carolina,63,Durham,36.032944,-78.905417
250,6/12/11,37-063-0015,3,15.61666667,ug/m3 LC,,24,100,88502,Acceptable PM2.5 AQI & Speciation Mass,450,"Raleigh-Durham-Cary, NC",20500,"Durham, NC",37,North Carolina,63,Durham,36.032944,-78.905417
251,6/15/11,37-063-0015,3,10.1625,ug/m3 LC,,24,100,88502,Acceptable PM2.5 AQI & Speciation Mass,450,"Raleigh-Durham-Cary, NC",20500,"Durham, NC",37,North Carolina,63,Durham,36.032944,-78.905417
252,6/16/11,37-063-0015,3,14.79166667,ug/m3 LC,,24,100,88502,Acceptable PM2.5 AQI & Speciation Mass,450,"Raleigh-Durham-Cary, NC",20500,"Durham, NC",37,North Carolina,63,Durham,36.032944,-78.905417
253,6/17/11,37-063-0015,3,12.15,ug/m3 LC,,24,100,88502,Acceptable PM2.5 AQI & Speciation Mass,450,"Raleigh-Durham-Cary, NC",20500,"Durham, NC",37,North Carolina,63,Durham,36.032944,-78.905417
254,6/18/11,37-063-0015,3,12.39583333,ug/m3 LC,,24,100,88502,Acceptable PM2.5 AQI & Speciation Mass,450,"Raleigh-Durham-Cary, NC",20500,"Durham, NC",37,North Carolina,63,Durham,36.032944,-78.905417
255,6/19/11,37-063-0015,3,4.454545455,ug/m3 LC,,22,92,88502,Acceptable PM2.5 AQI & Speciation Mass,450,"Raleigh-Durham-Cary, NC",20500,"Durham, NC",37,North Carolina,63,Durham,36.032944,-78.905417
256,6/20/11,37-063-0015,3,9.2125,ug/m3 LC,,24,100,88502,Acceptable PM2.5 AQI & Speciation Mass,450,"Raleigh-Durham-Cary, NC",20500,"Durham, NC",37,North Carolina,63,Durham,36.032944,-78.905417
257,6/21/11,37-063-0015,3,42.44583333,ug/m3 LC,,24,100,88502,Acceptable PM2.5 AQI & Speciation Mass,450,"Raleigh-Durham-Cary, NC",20500,"Durham, NC",37,North Carolina,63,Durham,36.032944,-78.905417
258,6/22/11,37-063-0015,3,8.245833333,ug/m3 LC,,24,100,88502,Acceptable PM2.5 AQI & Speciation Mass,450,"Raleigh-Durham-Cary, NC",20500,"Durham, NC",37,North Carolina,63,Durham,36.032944,-78.905417
259,6/23/11,37-063-0015,3,4.825,ug/m3 LC,,24,100,88502,Acceptable PM2.5 AQI & Speciation Mass,450,"Raleigh-Durham-Cary, NC",20500,"Durham, NC",37,North Carolina,63,Durham,36.032944,-78.905417
260,6/24/11,37-063-0015,3,9.716666667,ug/m3 LC,,24,100,88502,Acceptable PM2.5 AQI & Speciation Mass,450,"Raleigh-Durham-Cary, NC",20500,"Durham, NC",37,North Carolina,63,Durham,36.032944,-78.905417
261,6/25/11,37-063-0015,3,11.20416667,ug/m3 LC,,24,100,88502,Acceptable PM2.5 AQI & Speciation Mass,450,"Raleigh-Durham-Cary, NC",20500,"Durham, NC",37,North Carolina,63,Durham,36.032944,-78.905417
262,6/26/11,37-063-0015,3,15.7125,ug/m3 LC,,24,100,88502,Acceptable PM2.5 AQI & Speciation Mass,450,"Raleigh-Durham-Cary, NC",20500,"Durham, NC",37,North Carolina,63,Durham,36.032944,-78.905417
263,6/27/11,37-063-0015,3,15.2,ug/m3 LC,,22,92,88502,Acceptable PM2.5 AQI & Speciation Mass,450,"Raleigh-Durham-Cary, NC",20500,"Durham, NC",37,North Carolina,63,Durham,36.032944,-78.905417
264,6/28/11,37-063-0015,3,9.85,ug/m3 LC,,24,100,88502,Acceptable PM2.5 AQI & Speciation Mass,450,"Raleigh-Durham-Cary, NC",20500,"Durham, NC",37,North Carolina,63,Durham,36.032944,-78.905417
265,6/29/11,37-063-0015,3,8.379166667,ug/m3 LC,,24,100,88502,Acceptable PM2.5 AQI & Speciation Mass,450,"Raleigh-Durham-Cary, NC",20500,"Durham, NC",37,North Carolina,63,Durham,36.032944,-78.905417
266,6/30/11,37-063-0015,3,12.5125,ug/m3 LC,,24,100,88502,Acceptable PM2.5 AQI & Speciation Mass,450,"Raleigh-Durham-Cary, NC",20500,"Durham, NC",37,North Carolina,63,Durham,36.032944,-78.905417
267,7/1/11,37-063-0015,3,16.475,ug/m3 LC,,24,100,88502,Acceptable PM2.5 AQI & Speciation Mass,450,"Raleigh-Durham-Cary, NC",20500,"Durham, NC",37,North Carolina,63,Durham,36.032944,-78.905417
268,7/2/11,37-063-0015,3,18.1875,ug/m3 LC,,24,100,88502,Acceptable PM2.5 AQI & Speciation Mass,450,"Raleigh-Durham-Cary, NC",20500,"Durham, NC",37,North Carolina,63,Durham,36.032944,-78.905417
269,7/3/11,37-063-0015,3,23.37916667,ug/m3 LC,,24,100,88502,Acceptable PM2.5 AQI & Speciation Mass,450,"Raleigh-Durham-Cary, NC",20500,"Durham, NC",37,North Carolina,63,Durham,36.032944,-78.905417
270,7/4/11,37-063-0015,3,19.64583333,ug/m3 LC,,24,100,88502,Acceptable PM2.5 AQI & Speciation Mass,450,"Raleigh-Durham-Cary, NC",20500,"Durham, NC",37,North Carolina,63,Durham,36.032944,-78.905417
271,7/5/11,37-063-0015,3,12.95833333,ug/m3 LC,,24,100,88502,Acceptable PM2.5 AQI & Speciation Mass,450,"Raleigh-Durham-Cary, NC",20500,"Durham, NC",37,North Carolina,63,Durham,36.032944,-78.905417
272,7/6/11,37-063-0015,3,19.87727273,ug/m3 LC,,22,92,88502,Acceptable PM2.5 AQI & Speciation Mass,450,"Raleigh-Durham-Cary, NC",20500,"Durham, NC",37,North Carolina,63,Durham,36.032944,-78.905417
273,7/7/11,37-063-0015,3,11.35833333,ug/m3 LC,,24,100,88502,Acceptable PM2.5 AQI & Speciation Mass,450,"Raleigh-Durham-Cary, NC",20500,"Durham, NC",37,North Carolina,63,Durham,36.032944,-78.905417
274,7/8/11,37-063-0015,3,11.95416667,ug/m3 LC,,24,100,88502,Acceptable PM2.5 AQI & Speciation Mass,450,"Raleigh-Durham-Cary, NC",20500,"Durham, NC",37,North Carolina,63,Durham,36.032944,-78.905417
275,7/9/11,37-063-0015,3,8.570833333,ug/m3 LC,,24,100,88502,Acceptable PM2.5 AQI & Speciation Mass,450,"Raleigh-Durham-Cary, NC",20500,"Durham, NC",37,North Carolina,63,Durham,36.032944,-78.905417
276,7/10/11,37-063-0015,3,17.77916667,ug/m3 LC,,24,100,88502,Acceptable PM2.5 AQI & Speciation Mass,450,"Raleigh-Durham-Cary, NC",20500,"Durham, NC",37,North Carolina,63,Durham,36.032944,-78.905417
277,7/11/11,37-063-0015,3,20.425,ug/m3 LC,,24,100,88502,Acceptable PM2.5 AQI & Speciation Mass,450,"Raleigh-Durham-Cary, NC",20500,"Durham, NC",37,North Carolina,63,Durham,36.032944,-78.905417
278,7/12/11,37-063-0015,3,18.9625,ug/m3 LC,,24,100,88502,Acceptable PM2.5 AQI & Speciation Mass,450,"Raleigh-Durham-Cary, NC",20500,"Durham, NC",37,North Carolina,63,Durham,36.032944,-78.905417
279,7/13/11,37-063-0015,3,18.22083333,ug/m3 LC,,24,100,88502,Acceptable PM2.5 AQI & Speciation Mass,450,"Raleigh-Durham-Cary, NC",20500,"Durham, NC",37,North Carolina,63,Durham,36.032944,-78.905417
280,7/14/11,37-063-0015,3,9.9,ug/m3 LC,,24,100,88502,Acceptable PM2.5 AQI & Speciation Mass,450,"Raleigh-Durham-Cary, NC",20500,"Durham, NC",37,North Carolina,63,Durham,36.032944,-78.905417
281,7/15/11,37-063-0015,3,5.266666667,ug/m3 LC,,21,88,88502,Acceptable PM2.5 AQI & Speciation Mass,450,"Raleigh-Durham-Cary, NC",20500,"Durham, NC",37,North Carolina,63,Durham,36.032944,-78.905417
282,7/16/11,37-063-0015,3,6.266666667,ug/m3 LC,,24,100,88502,Acceptable PM2.5 AQI & Speciation Mass,450,"Raleigh-Durham-Cary, NC",20500,"Durham, NC",37,North Carolina,63,Durham,36.032944,-78.905417
283,7/17/11,37-063-0015,3,7.05,ug/m3 LC,,24,100,88502,Acceptable PM2.5 AQI & Speciation Mass,450,"Raleigh-Durham-Cary, NC",20500,"Durham, NC",37,North Carolina,63,Durham,36.032944,-78.905417
284,7/18/11,37-063-0015,3,10.12916667,ug/m3 LC,,24,100,88502,Acceptable PM2.5 AQI & Speciation Mass,450,"Raleigh-Durham-Cary, NC",20500,"Durham, NC",37,North Carolina,63,Durham,36.032944,-78.905417
285,7/19/11,37-063-0015,3,21.9,ug/m3 LC,,24,100,88502,Acceptable PM2.5 AQI & Speciation Mass,450,"Raleigh-Durham-Cary, NC",20500,"Durham, NC",37,North Carolina,63,Durham,36.032944,-78.905417
286,7/20/11,37-063-0015,3,19.525,ug/m3 LC,,24,100,88502,Acceptable PM2.5 AQI & Speciation Mass,450,"Raleigh-Durham-Cary, NC",20500,"Durham, NC",37,North Carolina,63,Durham,36.032944,-78.905417
287,7/21/11,37-063-0015,3,18.91666667,ug/m3 LC,,24,100,88502,Acceptable PM2.5 AQI & Speciation Mass,450,"Raleigh-Durham-Cary, NC",20500,"Durham, NC",37,North Carolina,63,Durham,36.032944,-78.905417
288,7/22/11,37-063-0015,3,21.9375,ug/m3 LC,,24,100,88502,Acceptable PM2.5 AQI & Speciation Mass,450,"Raleigh-Durham-Cary, NC",20500,"Durham, NC",37,North Carolina,63,Durham,36.032944,-78.905417
289,7/23/11,37-063-0015,3,17.40416667,ug/m3 LC,,24,100,88502,Acceptable PM2.5 AQI & Speciation Mass,450,"Raleigh-Durham-Cary, NC",20500,"Durham, NC",37,North Carolina,63,Durham,36.032944,-78.905417
290,7/24/11,37-063-0015,3,13.30416667,ug/m3 LC,,24,100,88502,Acceptable PM2.5 AQI & Speciation Mass,450,"Raleigh-Durham-Cary, NC",20500,"Durham, NC",37,North Carolina,63,Durham,36.032944,-78.905417
291,7/25/11,37-063-0015,3,9.558333333,ug/m3 LC,,24,100,88502,Acceptable PM2.5 AQI & Speciation Mass,450,"Raleigh-Durham-Cary, NC",20500,"Durham, NC",37,North Carolina,63,Durham,36.032944,-78.905417
292,7/26/11,37-063-0015,3,10.93181818,ug/m3 LC,,22,92,88502,Acceptable PM2.5 AQI & Speciation Mass,450,"Raleigh-Durham-Cary, NC",20500,"Durham, NC",37,North Carolina,63,Durham,36.032944,-78.905417
293,7/27/11,37-063-0015,3,14.6,ug/m3 LC,,24,100,88502,Acceptable PM2.5 AQI & Speciation Mass,450,"Raleigh-Durham-Cary, NC",20500,"Durham, NC",37,North Carolina,63,Durham,36.032944,-78.905417
294,7/28/11,37-063-0015,3,18.75416667,ug/m3 LC,,24,100,88502,Acceptable PM2.5 AQI & Speciation Mass,450,"Raleigh-Durham-Cary, NC",20500,"Durham, NC",37,North Carolina,63,Durham,36.032944,-78.905417
295,7/29/11,37-063-0015,3,14.9,ug/m3 LC,,24,100,88502,Acceptable PM2.5 AQI & Speciation Mass,450,"Raleigh-Durham-Cary, NC",20500,"Durham, NC",37,North Carolina,63,Durham,36.032944,-78.905417
296,7/30/11,37-063-0015,3,19.44166667,ug/m3 LC,,24,100,88502,Acceptable PM2.5 AQI & Speciation Mass,450,"Raleigh-Durham-Cary, NC",20500,"Durham, NC",37,North Carolina,63,Durham,36.032944,-78.905417
297,7/31/11,37-063-0015,3,7.1375,ug/m3 LC,,24,100,88502,Acceptable PM2.5 AQI & Speciation Mass,450,"Raleigh-Durham-Cary, NC",20500,"Durham, NC",37,North Carolina,63,Durham,36.032944,-78.905417
298,8/1/11,37-063-0015,3,9.475,ug/m3 LC,,24,100,88502,Acceptable PM2.5 AQI & Speciation Mass,450,"Raleigh-Durham-Cary, NC",20500,"Durham, NC",37,North Carolina,63,Durham,36.032944,-78.905417
299,8/2/11,37-063-0015,3,15.2875,ug/m3 LC,,24,100,88502,Acceptable PM2.5 AQI & Speciation Mass,450,"Raleigh-Durham-Cary, NC",20500,"Durham, NC",37,North Carolina,63,Durham,36.032944,-78.905417
300,8/3/11,37-063-0015,3,19.225,ug/m3 LC,,24,100,88502,Acceptable PM2.5 AQI & Speciation Mass,450,"Raleigh-Durham-Cary, NC",20500,"Durham, NC",37,North Carolina,63,Durham,36.032944,-78.905417
301,8/4/11,37-063-0015,3,17.52083333,ug/m3 LC,,24,100,88502,Acceptable PM2.5 AQI & Speciation Mass,450,"Raleigh-Durham-Cary, NC",20500,"Durham, NC",37,North Carolina,63,Durham,36.032944,-78.905417
302,8/5/11,37-063-0015,3,15.625,ug/m3 LC,,24,100,88502,Acceptable PM2.5 AQI & Speciation Mass,450,"Raleigh-Durham-Cary, NC",20500,"Durham, NC",37,North Carolina,63,Durham,36.032944,-78.905417
303,8/6/11,37-063-0015,3,8.879166667,ug/m3 LC,,24,100,88502,Acceptable PM2.5 AQI & Speciation Mass,450,"Raleigh-Durham-Cary, NC",20500,"Durham, NC",37,North Carolina,63,Durham,36.032944,-78.905417
304,8/7/11,37-063-0015,3,13.99166667,ug/m3 LC,,24,100,88502,Acceptable PM2.5 AQI & Speciation Mass,450,"Raleigh-Durham-Cary, NC",20500,"Durham, NC",37,North Carolina,63,Durham,36.032944,-78.905417
305,8/8/11,37-063-0015,3,12.27727273,ug/m3 LC,,22,92,88502,Acceptable PM2.5 AQI & Speciation Mass,450,"Raleigh-Durham-Cary, NC",20500,"Durham, NC",37,North Carolina,63,Durham,36.032944,-78.905417
306,8/9/11,37-063-0015,3,9.370833333,ug/m3 LC,,24,100,88502,Acceptable PM2.5 AQI & Speciation Mass,450,"Raleigh-Durham-Cary, NC",20500,"Durham, NC",37,North Carolina,63,Durham,36.032944,-78.905417
307,8/10/11,37-063-0015,3,9.38,ug/m3 LC,,20,83,88502,Acceptable PM2.5 AQI & Speciation Mass,450,"Raleigh-Durham-Cary, NC",20500,"Durham, NC",37,North Carolina,63,Durham,36.032944,-78.905417
308,8/11/11,37-063-0015,3,12.19583333,ug/m3 LC,,24,100,88502,Acceptable PM2.5 AQI & Speciation Mass,450,"Raleigh-Durham-Cary, NC",20500,"Durham, NC",37,North Carolina,63,Durham,36.032944,-78.905417
309,8/12/11,37-063-0015,3,19.375,ug/m3 LC,,24,100,88502,Acceptable PM2.5 AQI & Speciation Mass,450,"Raleigh-Durham-Cary, NC",20500,"Durham, NC",37,North Carolina,63,Durham,36.032944,-78.905417
310,8/13/11,37-063-0015,3,15.075,ug/m3 LC,,24,100,88502,Acceptable PM2.5 AQI & Speciation Mass,450,"Raleigh-Durham-Cary, NC",20500,"Durham, NC",37,North Carolina,63,Durham,36.032944,-78.905417
311,8/14/11,37-063-0015,3,6.225,ug/m3 LC,,24,100,88502,Acceptable PM2.5 AQI & Speciation Mass,450,"Raleigh-Durham-Cary, NC",20500,"Durham, NC",37,North Carolina,63,Durham,36.032944,-78.905417
312,8/15/11,37-063-0015,3,7.8625,ug/m3 LC,,24,100,88502,Acceptable PM2.5 AQI & Speciation Mass,450,"Raleigh-Durham-Cary, NC",20500,"Durham, NC",37,North Carolina,63,Durham,36.032944,-78.905417
313,8/16/11,37-063-0015,3,12.025,ug/m3 LC,,24,100,88502,Acceptable PM2.5 AQI & Speciation Mass,450,"Raleigh-Durham-Cary, NC",20500,"Durham, NC",37,North Carolina,63,Durham,36.032944,-78.905417
314,8/17/11,37-063-0015,3,12.8,ug/m3 LC,,24,100,88502,Acceptable PM2.5 AQI & Speciation Mass,450,"Raleigh-Durham-Cary, NC",20500,"Durham, NC",37,North Carolina,63,Durham,36.032944,-78.905417
315,8/18/11,37-063-0015,3,13.99583333,ug/m3 LC,,24,100,88502,Acceptable PM2.5 AQI & Speciation Mass,450,"Raleigh-Durham-Cary, NC",20500,"Durham, NC",37,North Carolina,63,Durham,36.032944,-78.905417
316,8/19/11,37-063-0015,3,14.75454545,ug/m3 LC,,22,92,88502,Acceptable PM2.5 AQI & Speciation Mass,450,"Raleigh-Durham-Cary, NC",20500,"Durham, NC",37,North Carolina,63,Durham,36.032944,-78.905417
317,8/20/11,37-063-0015,3,12.20416667,ug/m3 LC,,24,100,88502,Acceptable PM2.5 AQI & Speciation Mass,450,"Raleigh-Durham-Cary, NC",20500,"Durham, NC",37,North Carolina,63,Durham,36.032944,-78.905417
318,8/21/11,37-063-0015,3,12.07083333,ug/m3 LC,,24,100,88502,Acceptable PM2.5 AQI & Speciation Mass,450,"Raleigh-Durham-Cary, NC",20500,"Durham, NC",37,North Carolina,63,Durham,36.032944,-78.905417
319,8/22/11,37-063-0015,3,8.283333333,ug/m3 LC,,24,100,88502,Acceptable PM2.5 AQI & Speciation Mass,450,"Raleigh-Durham-Cary, NC",20500,"Durham, NC",37,North Carolina,63,Durham,36.032944,-78.905417
320,8/23/11,37-063-0015,3,8.716666667,ug/m3 LC,,24,100,88502,Acceptable PM2.5 AQI & Speciation Mass,450,"Raleigh-Durham-Cary, NC",20500,"Durham, NC",37,North Carolina,63,Durham,36.032944,-78.905417
321,8/24/11,37-063-0015,3,9.663636364,ug/m3 LC,,22,92,88502,Acceptable PM2.5 AQI & Speciation Mass,450,"Raleigh-Durham-Cary, NC",20500,"Durham, NC",37,North Carolina,63,Durham,36.032944,-78.905417
322,8/25/11,37-063-0015,3,9.220833333,ug/m3 LC,,24,100,88502,Acceptable PM2.5 AQI & Speciation Mass,450,"Raleigh-Durham-Cary, NC",20500,"Durham, NC",37,North Carolina,63,Durham,36.032944,-78.905417
323,8/26/11,37-063-0015,3,8.695833333,ug/m3 LC,,24,100,88502,Acceptable PM2.5 AQI & Speciation Mass,450,"Raleigh-Durham-Cary, NC",20500,"Durham, NC",37,North Carolina,63,Durham,36.032944,-78.905417
324,8/27/11,37-063-0015,3,4.4375,ug/m3 LC,,24,100,88502,Acceptable PM2.5 AQI & Speciation Mass,450,"Raleigh-Durham-Cary, NC",20500,"Durham, NC",37,North Carolina,63,Durham,36.032944,-78.905417
325,8/28/11,37-063-0015,3,15.875,ug/m3 LC,,24,100,88502,Acceptable PM2.5 AQI & Speciation Mass,450,"Raleigh-Durham-Cary, NC",20500,"Durham, NC",37,North Carolina,63,Durham,36.032944,-78.905417
326,8/29/11,37-063-0015,3,13.91666667,ug/m3 LC,,24,100,88502,Acceptable PM2.5 AQI & Speciation Mass,450,"Raleigh-Durham-Cary, NC",20500,"Durham, NC",37,North Carolina,63,Durham,36.032944,-78.905417
327,8/30/11,37-063-0015,3,9.9625,ug/m3 LC,,24,100,88502,Acceptable PM2.5 AQI & Speciation Mass,450,"Raleigh-Durham-Cary, NC",20500,"Durham, NC",37,North Carolina,63,Durham,36.032944,-78.905417
328,8/31/11,37-063-0015,3,8.920833333,ug/m3 LC,,24,100,88502,Acceptable PM2.5 AQI & Speciation Mass,450,"Raleigh-Durham-Cary, NC",20500,"Durham, NC",37,North Carolina,63,Durham,36.032944,-78.905417
329,9/1/11,37-063-0015,3,11.32083333,ug/m3 LC,,24,100,88502,Acceptable PM2.5 AQI & Speciation Mass,450,"Raleigh-Durham-Cary, NC",20500,"Durham, NC",37,North Carolina,63,Durham,36.032944,-78.905417
330,9/2/11,37-063-0015,3,17.72083333,ug/m3 LC,,24,100,88502,Acceptable PM2.5 AQI & Speciation Mass,450,"Raleigh-Durham-Cary, NC",20500,"Durham, NC",37,North Carolina,63,Durham,36.032944,-78.905417
331,9/3/11,37-063-0015,3,16.54166667,ug/m3 LC,,24,100,88502,Acceptable PM2.5 AQI & Speciation Mass,450,"Raleigh-Durham-Cary, NC",20500,"Durham, NC",37,North Carolina,63,Durham,36.032944,-78.905417
332,9/4/11,37-063-0015,3,13.375,ug/m3 LC,,24,100,88502,Acceptable PM2.5 AQI & Speciation Mass,450,"Raleigh-Durham-Cary, NC",20500,"Durham, NC",37,North Carolina,63,Durham,36.032944,-78.905417
333,9/5/11,37-063-0015,3,11.91666667,ug/m3 LC,,24,100,88502,Acceptable PM2.5 AQI & Speciation Mass,450,"Raleigh-Durham-Cary, NC",20500,"Durham, NC",37,North Carolina,63,Durham,36.032944,-78.905417
334,9/6/11,37-063-0015,3,6.391666667,ug/m3 LC,,24,100,88502,Acceptable PM2.5 AQI & Speciation Mass,450,"Raleigh-Durham-Cary, NC",20500,"Durham, NC",37,North Carolina,63,Durham,36.032944,-78.905417
335,9/7/11,37-063-0015,3,5.941666667,ug/m3 LC,,24,100,88502,Acceptable PM2.5 AQI & Speciation Mass,450,"Raleigh-Durham-Cary, NC",20500,"Durham, NC",37,North Carolina,63,Durham,36.032944,-78.905417
336,9/8/11,37-063-0015,3,14.42916667,ug/m3 LC,,24,100,88502,Acceptable PM2.5 AQI & Speciation Mass,450,"Raleigh-Durham-Cary, NC",20500,"Durham, NC",37,North Carolina,63,Durham,36.032944,-78.905417
337,9/9/11,37-063-0015,3,14.83809524,ug/m3 LC,,21,88,88502,Acceptable PM2.5 AQI & Speciation Mass,450,"Raleigh-Durham-Cary, NC",20500,"Durham, NC",37,North Carolina,63,Durham,36.032944,-78.905417
338,9/10/11,37-063-0015,3,11.44166667,ug/m3 LC,,24,100,88502,Acceptable PM2.5 AQI & Speciation Mass,450,"Raleigh-Durham-Cary, NC",20500,"Durham, NC",37,North Carolina,63,Durham,36.032944,-78.905417
339,9/11/11,37-063-0015,3,9.333333333,ug/m3 LC,,24,100,88502,Acceptable PM2.5 AQI & Speciation Mass,450,"Raleigh-Durham-Cary, NC",20500,"Durham, NC",37,North Carolina,63,Durham,36.032944,-78.905417
340,9/12/11,37-063-0015,3,12.28333333,ug/m3 LC,,24,100,88502,Acceptable PM2.5 AQI & Speciation Mass,450,"Raleigh-Durham-Cary, NC",20500,"Durham, NC",37,North Carolina,63,Durham,36.032944,-78.905417
341,9/13/11,37-063-0015,3,14.55416667,ug/m3 LC,,24,100,88502,Acceptable PM2.5 AQI & Speciation Mass,450,"Raleigh-Durham-Cary, NC",20500,"Durham, NC",37,North Carolina,63,Durham,36.032944,-78.905417
342,9/14/11,37-063-0015,3,14.39166667,ug/m3 LC,,24,100,88502,Acceptable PM2.5 AQI & Speciation Mass,450,"Raleigh-Durham-Cary, NC",20500,"Durham, NC",37,North Carolina,63,Durham,36.032944,-78.905417
343,9/15/11,37-063-0015,3,13.4125,ug/m3 LC,,24,100,88502,Acceptable PM2.5 AQI & Speciation Mass,450,"Raleigh-Durham-Cary, NC",20500,"Durham, NC",37,North Carolina,63,Durham,36.032944,-78.905417
344,9/17/11,37-063-0015,3,5.391666667,ug/m3 LC,,24,100,88502,Acceptable PM2.5 AQI & Speciation Mass,450,"Raleigh-Durham-Cary, NC",20500,"Durham, NC",37,North Carolina,63,Durham,36.032944,-78.905417
345,9/18/11,37-063-0015,3,3.333333333,ug/m3 LC,,24,100,88502,Acceptable PM2.5 AQI & Speciation Mass,450,"Raleigh-Durham-Cary, NC",20500,"Durham, NC",37,North Carolina,63,Durham,36.032944,-78.905417
346,9/19/11,37-063-0015,3,5.35,ug/m3 LC,,24,100,88502,Acceptable PM2.5 AQI & Speciation Mass,450,"Raleigh-Durham-Cary, NC",20500,"Durham, NC",37,North Carolina,63,Durham,36.032944,-78.905417
347,9/20/11,37-063-0015,3,7.620833333,ug/m3 LC,,24,100,88502,Acceptable PM2.5 AQI & Speciation Mass,450,"Raleigh-Durham-Cary, NC",20500,"Durham, NC",37,North Carolina,63,Durham,36.032944,-78.905417
348,9/21/11,37-063-0015,3,4.880952381,ug/m3 LC,,21,88,88502,Acceptable PM2.5 AQI & Speciation Mass,450,"Raleigh-Durham-Cary, NC",20500,"Durham, NC",37,North Carolina,63,Durham,36.032944,-78.905417
349,9/22/11,37-063-0015,3,6.152380952,ug/m3 LC,,21,88,88502,Acceptable PM2.5 AQI & Speciation Mass,450,"Raleigh-Durham-Cary, NC",20500,"Durham, NC",37,North Carolina,63,Durham,36.032944,-78.905417
350,9/23/11,37-063-0015,3,5.1,ug/m3 LC,,24,100,88502,Acceptable PM2.5 AQI & Speciation Mass,450,"Raleigh-Durham-Cary, NC",20500,"Durham, NC",37,North Carolina,63,Durham,36.032944,-78.905417
351,9/24/11,37-063-0015,3,7.070833333,ug/m3 LC,,24,100,88502,Acceptable PM2.5 AQI & Speciation Mass,450,"Raleigh-Durham-Cary, NC",20500,"Durham, NC",37,North Carolina,63,Durham,36.032944,-78.905417
352,9/25/11,37-063-0015,3,3.683333333,ug/m3 LC,,24,100,88502,Acceptable PM2.5 AQI & Speciation Mass,450,"Raleigh-Durham-Cary, NC",20500,"Durham, NC",37,North Carolina,63,Durham,36.032944,-78.905417
353,9/26/11,37-063-0015,3,5.120833333,ug/m3 LC,,24,100,88502,Acceptable PM2.5 AQI & Speciation Mass,450,"Raleigh-Durham-Cary, NC",20500,"Durham, NC",37,North Carolina,63,Durham,36.032944,-78.905417
354,9/27/11,37-063-0015,3,9.870833333,ug/m3 LC,,24,100,88502,Acceptable PM2.5 AQI & Speciation Mass,450,"Raleigh-Durham-Cary, NC",20500,"Durham, NC",37,North Carolina,63,Durham,36.032944,-78.905417
355,9/28/11,37-063-0015,3,7.375,ug/m3 LC,,24,100,88502,Acceptable PM2.5 AQI & Speciation Mass,450,"Raleigh-Durham-Cary, NC",20500,"Durham, NC",37,North Carolina,63,Durham,36.032944,-78.905417
356,9/29/11,37-063-0015,3,8.533333333,ug/m3 LC,,24,100,88502,Acceptable PM2.5 AQI & Speciation Mass,450,"Raleigh-Durham-Cary, NC",20500,"Durham, NC",37,North Carolina,63,Durham,36.032944,-78.905417
357,9/30/11,37-063-0015,3,7.195833333,ug/m3 LC,,24,100,88502,Acceptable PM2.5 AQI & Speciation Mass,450,"Raleigh-Durham-Cary, NC",20500,"Durham, NC",37,North Carolina,63,Durham,36.032944,-78.905417
358,10/1/11,37-063-0015,3,2.145833333,ug/m3 LC,,24,100,88502,Acceptable PM2.5 AQI & Speciation Mass,450,"Raleigh-Durham-Cary, NC",20500,"Durham, NC",37,North Carolina,63,Durham,36.032944,-78.905417
359,10/2/11,37-063-0015,3,4.8875,ug/m3 LC,,24,100,88502,Acceptable PM2.5 AQI & Speciation Mass,450,"Raleigh-Durham-Cary, NC",20500,"Durham, NC",37,North Carolina,63,Durham,36.032944,-78.905417
360,10/3/11,37-063-0015,3,5.329166667,ug/m3 LC,,24,100,88502,Acceptable PM2.5 AQI & Speciation Mass,450,"Raleigh-Durham-Cary, NC",20500,"Durham, NC",37,North Carolina,63,Durham,36.032944,-78.905417
361,10/4/11,37-063-0015,3,6.033333333,ug/m3 LC,,24,100,88502,Acceptable PM2.5 AQI & Speciation Mass,450,"Raleigh-Durham-Cary, NC",20500,"Durham, NC",37,North Carolina,63,Durham,36.032944,-78.905417
362,10/5/11,37-063-0015,3,8.304166667,ug/m3 LC,,24,100,88502,Acceptable PM2.5 AQI & Speciation Mass,450,"Raleigh-Durham-Cary, NC",20500,"Durham, NC",37,North Carolina,63,Durham,36.032944,-78.905417
363,10/6/11,37-063-0015,3,9.7875,ug/m3 LC,,24,100,88502,Acceptable PM2.5 AQI & Speciation Mass,450,"Raleigh-Durham-Cary, NC",20500,"Durham, NC",37,North Carolina,63,Durham,36.032944,-78.905417
364,10/7/11,37-063-0015,3,7.325,ug/m3 LC,,24,100,88502,Acceptable PM2.5 AQI & Speciation Mass,450,"Raleigh-Durham-Cary, NC",20500,"Durham, NC",37,North Carolina,63,Durham,36.032944,-78.905417
365,10/8/11,37-063-0015,3,7.35,ug/m3 LC,,24,100,88502,Acceptable PM2.5 AQI & Speciation Mass,450,"Raleigh-Durham-Cary, NC",20500,"Durham, NC",37,North Carolina,63,Durham,36.032944,-78.905417
366,10/9/11,37-063-0015,3,5.775,ug/m3 LC,,24,100,88502,Acceptable PM2.5 AQI & Speciation Mass,450,"Raleigh-Durham-Cary, NC",20500,"Durham, NC",37,North Carolina,63,Durham,36.032944,-78.905417
367,10/10/11,37-063-0015,3,9.020833333,ug/m3 LC,,24,100,88502,Acceptable PM2.5 AQI & Speciation Mass,450,"Raleigh-Durham-Cary, NC",20500,"Durham, NC",37,North Carolina,63,Durham,36.032944,-78.905417
368,10/11/11,37-063-0015,3,10.58636364,ug/m3 LC,,22,92,88502,Acceptable PM2.5 AQI & Speciation Mass,450,"Raleigh-Durham-Cary, NC",20500,"Durham, NC",37,North Carolina,63,Durham,36.032944,-78.905417
369,10/12/11,37-063-0015,3,7.208333333,ug/m3 LC,,24,100,88502,Acceptable PM2.5 AQI & Speciation Mass,450,"Raleigh-Durham-Cary, NC",20500,"Durham, NC",37,North Carolina,63,Durham,36.032944,-78.905417
370,10/13/11,37-063-0015,3,6.2,ug/m3 LC,,24,100,88502,Acceptable PM2.5 AQI & Speciation Mass,450,"Raleigh-Durham-Cary, NC",20500,"Durham, NC",37,North Carolina,63,Durham,36.032944,-78.905417
371,10/14/11,37-063-0015,3,7.366666667,ug/m3 LC,,24,100,88502,Acceptable PM2.5 AQI & Speciation Mass,450,"Raleigh-Durham-Cary, NC",20500,"Durham, NC",37,North Carolina,63,Durham,36.032944,-78.905417
372,10/15/11,37-063-0015,3,7.15,ug/m3 LC,,24,100,88502,Acceptable PM2.5 AQI & Speciation Mass,450,"Raleigh-Durham-Cary, NC",20500,"Durham, NC",37,North Carolina,63,Durham,36.032944,-78.905417
373,10/16/11,37-063-0015,3,5.820833333,ug/m3 LC,,24,100,88502,Acceptable PM2.5 AQI & Speciation Mass,450,"Raleigh-Durham-Cary, NC",20500,"Durham, NC",37,North Carolina,63,Durham,36.032944,-78.905417
374,10/17/11,37-063-0015,3,11.775,ug/m3 LC,,24,100,88502,Acceptable PM2.5 AQI & Speciation Mass,450,"Raleigh-Durham-Cary, NC",20500,"Durham, NC",37,North Carolina,63,Durham,36.032944,-78.905417
375,10/18/11,37-063-0015,3,11.45238095,ug/m3 LC,,21,88,88502,Acceptable PM2.5 AQI & Speciation Mass,450,"Raleigh-Durham-Cary, NC",20500,"Durham, NC",37,North Carolina,63,Durham,36.032944,-78.905417
376,10/19/11,37-063-0015,3,1.5625,ug/m3 LC,,24,100,88502,Acceptable PM2.5 AQI & Speciation Mass,450,"Raleigh-Durham-Cary, NC",20500,"Durham, NC",37,North Carolina,63,Durham,36.032944,-78.905417
377,10/20/11,37-063-0015,3,4.6875,ug/m3 LC,,24,100,88502,Acceptable PM2.5 AQI & Speciation Mass,450,"Raleigh-Durham-Cary, NC",20500,"Durham, NC",37,North Carolina,63,Durham,36.032944,-78.905417
378,10/21/11,37-063-0015,3,6.641666667,ug/m3 LC,,24,100,88502,Acceptable PM2.5 AQI & Speciation Mass,450,"Raleigh-Durham-Cary, NC",20500,"Durham, NC",37,North Carolina,63,Durham,36.032944,-78.905417
379,10/22/11,37-063-0015,3,7.166666667,ug/m3 LC,,24,100,88502,Acceptable PM2.5 AQI & Speciation Mass,450,"Raleigh-Durham-Cary, NC",20500,"Durham, NC",37,North Carolina,63,Durham,36.032944,-78.905417
380,10/23/11,37-063-0015,3,9.904166667,ug/m3 LC,,24,100,88502,Acceptable PM2.5 AQI & Speciation Mass,450,"Raleigh-Durham-Cary, NC",20500,"Durham, NC",37,North Carolina,63,Durham,36.032944,-78.905417
381,10/24/11,37-063-0015,3,12.24583333,ug/m3 LC,,24,100,88502,Acceptable PM2.5 AQI & Speciation Mass,450,"Raleigh-Durham-Cary, NC",20500,"Durham, NC",37,North Carolina,63,Durham,36.032944,-78.905417
382,10/25/11,37-063-0015,3,10.27083333,ug/m3 LC,,24,100,88502,Acceptable PM2.5 AQI & Speciation Mass,450,"Raleigh-Durham-Cary, NC",20500,"Durham, NC",37,North Carolina,63,Durham,36.032944,-78.905417
383,10/26/11,37-063-0015,3,12.9625,ug/m3 LC,,24,100,88502,Acceptable PM2.5 AQI & Speciation Mass,450,"Raleigh-Durham-Cary, NC",20500,"Durham, NC",37,North Carolina,63,Durham,36.032944,-78.905417
384,10/27/11,37-063-0015,3,12.44166667,ug/m3 LC,,24,100,88502,Acceptable PM2.5 AQI & Speciation Mass,450,"Raleigh-Durham-Cary, NC",20500,"Durham, NC",37,North Carolina,63,Durham,36.032944,-78.905417
385,10/28/11,37-063-0015,3,1.645833333,ug/m3 LC,,24,100,88502,Acceptable PM2.5 AQI & Speciation Mass,450,"Raleigh-Durham-Cary, NC",20500,"Durham, NC",37,North Carolina,63,Durham,36.032944,-78.905417
386,10/29/11,37-063-0015,3,2.108333333,ug/m3 LC,,24,100,88502,Acceptable PM2.5 AQI & Speciation Mass,450,"Raleigh-Durham-Cary, NC",20500,"Durham, NC",37,North Carolina,63,Durham,36.032944,-78.905417
387,10/30/11,37-063-0015,3,9.079166667,ug/m3 LC,,24,100,88502,Acceptable PM2.5 AQI & Speciation Mass,450,"Raleigh-Durham-Cary, NC",20500,"Durham, NC",37,North Carolina,63,Durham,36.032944,-78.905417
388,10/31/11,37-063-0015,3,6.483333333,ug/m3 LC,,24,100,88502,Acceptable PM2.5 AQI & Speciation Mass,450,"Raleigh-Durham-Cary, NC",20500,"Durham, NC",37,North Carolina,63,Durham,36.032944,-78.905417
389,11/1/11,37-063-0015,3,7.7625,ug/m3 LC,,24,100,88502,Acceptable PM2.5 AQI & Speciation Mass,450,"Raleigh-Durham-Cary, NC",20500,"Durham, NC",37,North Carolina,63,Durham,36.032944,-78.905417
390,11/2/11,37-063-0015,3,9.508333333,ug/m3 LC,,24,100,88502,Acceptable PM2.5 AQI & Speciation Mass,450,"Raleigh-Durham-Cary, NC",20500,"Durham, NC",37,North Carolina,63,Durham,36.032944,-78.905417
391,11/3/11,37-063-0015,3,11.55416667,ug/m3 LC,,24,100,88502,Acceptable PM2.5 AQI & Speciation Mass,450,"Raleigh-Durham-Cary, NC",20500,"Durham, NC",37,North Carolina,63,Durham,36.032944,-78.905417
392,11/4/11,37-063-0015,3,8.425,ug/m3 LC,,24,100,88502,Acceptable PM2.5 AQI & Speciation Mass,450,"Raleigh-Durham-Cary, NC",20500,"Durham, NC",37,North Carolina,63,Durham,36.032944,-78.905417
393,11/5/11,37-063-0015,3,5.1625,ug/m3 LC,,24,100,88502,Acceptable PM2.5 AQI & Speciation Mass,450,"Raleigh-Durham-Cary, NC",20500,"Durham, NC",37,North Carolina,63,Durham,36.032944,-78.905417
394,11/6/11,37-063-0015,3,5.983333333,ug/m3 LC,,24,100,88502,Acceptable PM2.5 AQI & Speciation Mass,450,"Raleigh-Durham-Cary, NC",20500,"Durham, NC",37,North Carolina,63,Durham,36.032944,-78.905417
395,11/7/11,37-063-0015,3,6.841666667,ug/m3 LC,,24,100,88502,Acceptable PM2.5 AQI & Speciation Mass,450,"Raleigh-Durham-Cary, NC",20500,"Durham, NC",37,North Carolina,63,Durham,36.032944,-78.905417
396,11/8/11,37-063-0015,3,9.458333333,ug/m3 LC,,24,100,88502,Acceptable PM2.5 AQI & Speciation Mass,450,"Raleigh-Durham-Cary, NC",20500,"Durham, NC",37,North Carolina,63,Durham,36.032944,-78.905417
397,11/9/11,37-063-0015,3,8.616666667,ug/m3 LC,,24,100,88502,Acceptable PM2.5 AQI & Speciation Mass,450,"Raleigh-Durham-Cary, NC",20500,"Durham, NC",37,North Carolina,63,Durham,36.032944,-78.905417
398,11/10/11,37-063-0015,3,7.115,ug/m3 LC,,20,83,88502,Acceptable PM2.5 AQI & Speciation Mass,450,"Raleigh-Durham-Cary, NC",20500,"Durham, NC",37,North Carolina,63,Durham,36.032944,-78.905417
399,11/11/11,37-063-0015,3,6.475,ug/m3 LC,,24,100,88502,Acceptable PM2.5 AQI & Speciation Mass,450,"Raleigh-Durham-Cary, NC",20500,"Durham, NC",37,North Carolina,63,Durham,36.032944,-78.905417
400,11/12/11,37-063-0015,3,8.9125,ug/m3 LC,,24,100,88502,Acceptable PM2.5 AQI & Speciation Mass,450,"Raleigh-Durham-Cary, NC",20500,"Durham, NC",37,North Carolina,63,Durham,36.032944,-78.905417
401,11/13/11,37-063-0015,3,9.204166667,ug/m3 LC,,24,100,88502,Acceptable PM2.5 AQI & Speciation Mass,450,"Raleigh-Durham-Cary, NC",20500,"Durham, NC",37,North Carolina,63,Durham,36.032944,-78.905417
402,11/14/11,37-063-0015,3,9.370833333,ug/m3 LC,,24,100,88502,Acceptable PM2.5 AQI & Speciation Mass,450,"Raleigh-Durham-Cary, NC",20500,"Durham, NC",37,North Carolina,63,Durham,36.032944,-78.905417
403,11/15/11,37-063-0015,3,8.975,ug/m3 LC,,24,100,88502,Acceptable PM2.5 AQI & Speciation Mass,450,"Raleigh-Durham-Cary, NC",20500,"Durham, NC",37,North Carolina,63,Durham,36.032944,-78.905417
404,11/16/11,37-063-0015,3,10.07916667,ug/m3 LC,,24,100,88502,Acceptable PM2.5 AQI & Speciation Mass,450,"Raleigh-Durham-Cary, NC",20500,"Durham, NC",37,North Carolina,63,Durham,36.032944,-78.905417
405,11/17/11,37-063-0015,3,3.408333333,ug/m3 LC,,24,100,88502,Acceptable PM2.5 AQI & Speciation Mass,450,"Raleigh-Durham-Cary, NC",20500,"Durham, NC",37,North Carolina,63,Durham,36.032944,-78.905417
406,11/18/11,37-063-0015,3,5.879166667,ug/m3 LC,,24,100,88502,Acceptable PM2.5 AQI & Speciation Mass,450,"Raleigh-Durham-Cary, NC",20500,"Durham, NC",37,North Carolina,63,Durham,36.032944,-78.905417
407,11/19/11,37-063-0015,3,11.85,ug/m3 LC,,24,100,88502,Acceptable PM2.5 AQI & Speciation Mass,450,"Raleigh-Durham-Cary, NC",20500,"Durham, NC",37,North Carolina,63,Durham,36.032944,-78.905417
408,11/20/11,37-063-0015,3,13.17083333,ug/m3 LC,,24,100,88502,Acceptable PM2.5 AQI & Speciation Mass,450,"Raleigh-Durham-Cary, NC",20500,"Durham, NC",37,North Carolina,63,Durham,36.032944,-78.905417
409,11/21/11,37-063-0015,3,8.421052632,ug/m3 LC,,19,79,88502,Acceptable PM2.5 AQI & Speciation Mass,450,"Raleigh-Durham-Cary, NC",20500,"Durham, NC",37,North Carolina,63,Durham,36.032944,-78.905417
410,11/22/11,37-063-0015,3,14.00416667,ug/m3 LC,,24,100,88502,Acceptable PM2.5 AQI & Speciation Mass,450,"Raleigh-Durham-Cary, NC",20500,"Durham, NC",37,North Carolina,63,Durham,36.032944,-78.905417
411,11/23/11,37-063-0015,3,2.25,ug/m3 LC,,24,100,88502,Acceptable PM2.5 AQI & Speciation Mass,450,"Raleigh-Durham-Cary, NC",20500,"Durham, NC",37,North Carolina,63,Durham,36.032944,-78.905417
412,11/24/11,37-063-0015,3,6.575,ug/m3 LC,,24,100,88502,Acceptable PM2.5 AQI & Speciation Mass,450,"Raleigh-Durham-Cary, NC",20500,"Durham, NC",37,North Carolina,63,Durham,36.032944,-78.905417
413,11/25/11,37-063-0015,3,8.775,ug/m3 LC,,24,100,88502,Acceptable PM2.5 AQI & Speciation Mass,450,"Raleigh-Durham-Cary, NC",20500,"Durham, NC",37,North Carolina,63,Durham,36.032944,-78.905417
414,11/26/11,37-063-0015,3,9.8375,ug/m3 LC,,24,100,88502,Acceptable PM2.5 AQI & Speciation Mass,450,"Raleigh-Durham-Cary, NC",20500,"Durham, NC",37,North Carolina,63,Durham,36.032944,-78.905417
415,11/27/11,37-063-0015,3,6.395833333,ug/m3 LC,,24,100,88502,Acceptable PM2.5 AQI & Speciation Mass,450,"Raleigh-Durham-Cary, NC",20500,"Durham, NC",37,North Carolina,63,Durham,36.032944,-78.905417
416,11/28/11,37-063-0015,3,3.883333333,ug/m3 LC,,24,100,88502,Acceptable PM2.5 AQI & Speciation Mass,450,"Raleigh-Durham-Cary, NC",20500,"Durham, NC",37,North Carolina,63,Durham,36.032944,-78.905417
417,11/29/11,37-063-0015,3,2.175,ug/m3 LC,,24,100,88502,Acceptable PM2.5 AQI & Speciation Mass,450,"Raleigh-Durham-Cary, NC",20500,"Durham, NC",37,North Carolina,63,Durham,36.032944,-78.905417
418,11/30/11,37-063-0015,3,4.208333333,ug/m3 LC,,24,100,88502,Acceptable PM2.5 AQI & Speciation Mass,450,"Raleigh-Durham-Cary, NC",20500,"Durham, NC",37,North Carolina,63,Durham,36.032944,-78.905417
419,12/1/11,37-063-0015,3,6.15,ug/m3 LC,,24,100,88502,Acceptable PM2.5 AQI & Speciation Mass,450,"Raleigh-Durham-Cary, NC",20500,"Durham, NC",37,North Carolina,63,Durham,36.032944,-78.905417
420,12/2/11,37-063-0015,3,10.625,ug/m3 LC,,24,100,88502,Acceptable PM2.5 AQI & Speciation Mass,450,"Raleigh-Durham-Cary, NC",20500,"Durham, NC",37,North Carolina,63,Durham,36.032944,-78.905417
421,12/3/11,37-063-0015,3,9.533333333,ug/m3 LC,,24,100,88502,Acceptable PM2.5 AQI & Speciation Mass,450,"Raleigh-Durham-Cary, NC",20500,"Durham, NC",37,North Carolina,63,Durham,36.032944,-78.905417
422,12/4/11,37-063-0015,3,10.95416667,ug/m3 LC,,24,100,88502,Acceptable PM2.5 AQI & Speciation Mass,450,"Raleigh-Durham-Cary, NC",20500,"Durham, NC",37,North Carolina,63,Durham,36.032944,-78.905417
423,12/5/11,37-063-0015,3,9.2,ug/m3 LC,,24,100,88502,Acceptable PM2.5 AQI & Speciation Mass,450,"Raleigh-Durham-Cary, NC",20500,"Durham, NC",37,North Carolina,63,Durham,36.032944,-78.905417
424,12/6/11,37-063-0015,3,4.25,ug/m3 LC,,24,100,88502,Acceptable PM2.5 AQI & Speciation Mass,450,"Raleigh-Durham-Cary, NC",20500,"Durham, NC",37,North Carolina,63,Durham,36.032944,-78.905417
425,12/7/11,37-063-0015,3,1.9375,ug/m3 LC,,24,100,88502,Acceptable PM2.5 AQI & Speciation Mass,450,"Raleigh-Durham-Cary, NC",20500,"Durham, NC",37,North Carolina,63,Durham,36.032944,-78.905417
426,12/8/11,37-063-0015,3,5.558333333,ug/m3 LC,,24,100,88502,Acceptable PM2.5 AQI & Speciation Mass,450,"Raleigh-Durham-Cary, NC",20500,"Durham, NC",37,North Carolina,63,Durham,36.032944,-78.905417
427,12/9/11,37-063-0015,3,10.625,ug/m3 LC,,24,100,88502,Acceptable PM2.5 AQI & Speciation Mass,450,"Raleigh-Durham-Cary, NC",20500,"Durham, NC",37,North Carolina,63,Durham,36.032944,-78.905417
428,12/10/11,37-063-0015,3,9.554166667,ug/m3 LC,,24,100,88502,Acceptable PM2.5 AQI & Speciation Mass,450,"Raleigh-Durham-Cary, NC",20500,"Durham, NC",37,North Carolina,63,Durham,36.032944,-78.905417
429,12/11/11,37-063-0015,3,7.245833333,ug/m3 LC,,24,100,88502,Acceptable PM2.5 AQI & Speciation Mass,450,"Raleigh-Durham-Cary, NC",20500,"Durham, NC",37,North Carolina,63,Durham,36.032944,-78.905417
430,12/12/11,37-063-0015,3,8.633333333,ug/m3 LC,,24,100,88502,Acceptable PM2.5 AQI & Speciation Mass,450,"Raleigh-Durham-Cary, NC",20500,"Durham, NC",37,North Carolina,63,Durham,36.032944,-78.905417
431,12/13/11,37-063-0015,3,11.54583333,ug/m3 LC,,24,100,88502,Acceptable PM2.5 AQI & Speciation Mass,450,"Raleigh-Durham-Cary, NC",20500,"Durham, NC",37,North Carolina,63,Durham,36.032944,-78.905417
432,12/14/11,37-063-0015,3,10.37368421,ug/m3 LC,,19,79,88502,Acceptable PM2.5 AQI & Speciation Mass,450,"Raleigh-Durham-Cary, NC",20500,"Durham, NC",37,North Carolina,63,Durham,36.032944,-78.905417
433,12/15/11,37-063-0015,3,10.6125,ug/m3 LC,,24,100,88502,Acceptable PM2.5 AQI & Speciation Mass,450,"Raleigh-Durham-Cary, NC",20500,"Durham, NC",37,North Carolina,63,Durham,36.032944,-78.905417
434,12/16/11,37-063-0015,3,7.466666667,ug/m3 LC,,24,100,88502,Acceptable PM2.5 AQI & Speciation Mass,450,"Raleigh-Durham-Cary, NC",20500,"Durham, NC",37,North Carolina,63,Durham,36.032944,-78.905417
435,12/17/11,37-063-0015,3,7.541666667,ug/m3 LC,,24,100,88502,Acceptable PM2.5 AQI & Speciation Mass,450,"Raleigh-Durham-Cary, NC",20500,"Durham, NC",37,North Carolina,63,Durham,36.032944,-78.905417
436,12/18/11,37-063-0015,3,10.8375,ug/m3 LC,,24,100,88502,Acceptable PM2.5 AQI & Speciation Mass,450,"Raleigh-Durham-Cary, NC",20500,"Durham, NC",37,North Carolina,63,Durham,36.032944,-78.905417
437,12/19/11,37-063-0015,3,12.025,ug/m3 LC,,24,100,88502,Acceptable PM2.5 AQI & Speciation Mass,450,"Raleigh-Durham-Cary, NC",20500,"Durham, NC",37,North Carolina,63,Durham,36.032944,-78.905417
438,12/20/11,37-063-0015,3,15.22916667,ug/m3 LC,,24,100,88502,Acceptable PM2.5 AQI & Speciation Mass,450,"Raleigh-Durham-Cary, NC",20500,"Durham, NC",37,North Carolina,63,Durham,36.032944,-78.905417
439,12/21/11,37-063-0015,3,8.275,ug/m3 LC,,24,100,88502,Acceptable PM2.5 AQI & Speciation Mass,450,"Raleigh-Durham-Cary, NC",20500,"Durham, NC",37,North Carolina,63,Durham,36.032944,-78.905417
440,12/22/11,37-063-0015,3,7.366666667,ug/m3 LC,,24,100,88502,Acceptable PM2.5 AQI & Speciation Mass,450,"Raleigh-Durham-Cary, NC",20500,"Durham, NC",37,North Carolina,63,Durham,36.032944,-78.905417
441,12/23/11,37-063-0015,3,3.15,ug/m3 LC,,24,100,88502,Acceptable PM2.5 AQI & Speciation Mass,450,"Raleigh-Durham-Cary, NC",20500,"Durham, NC",37,North Carolina,63,Durham,36.032944,-78.905417
442,12/24/11,37-063-0015,3,7.929166667,ug/m3 LC,,24,100,88502,Acceptable PM2.5 AQI & Speciation Mass,450,"Raleigh-Durham-Cary, NC",20500,"Durham, NC",37,North Carolina,63,Durham,36.032944,-78.905417
443,12/25/11,37-063-0015,3,10.7875,ug/m3 LC,,24,100,88502,Acceptable PM2.5 AQI & Speciation Mass,450,"Raleigh-Durham-Cary, NC",20500,"Durham, NC",37,North Carolina,63,Durham,36.032944,-78.905417
444,12/26/11,37-063-0015,3,7.329166667,ug/m3 LC,,24,100,88502,Acceptable PM2.5 AQI & Speciation Mass,450,"Raleigh-Durham-Cary, NC",20500,"Durham, NC",37,North Carolina,63,Durham,36.032944,-78.905417
445,12/27/11,37-063-0015,3,4.120833333,ug/m3 LC,,24,100,88502,Acceptable PM2.5 AQI & Speciation Mass,450,"Raleigh-Durham-Cary, NC",20500,"Durham, NC",37,North Carolina,63,Durham,36.032944,-78.905417
446,12/28/11,37-063-0015,3,4.283333333,ug/m3 LC,,24,100,88502,Acceptable PM2.5 AQI & Speciation Mass,450,"Raleigh-Durham-Cary, NC",20500,"Durham, NC",37,North Carolina,63,Durham,36.032944,-78.905417
447,12/29/11,37-063-0015,3,8.4,ug/m3 LC,,24,100,88502,Acceptable PM2.5 AQI & Speciation Mass,450,"Raleigh-Durham-Cary, NC",20500,"Durham, NC",37,North Carolina,63,Durham,36.032944,-78.905417
448,12/30/11,37-063-0015,3,10.15833333,ug/m3 LC,,24,100,88502,Acceptable PM2.5 AQI & Speciation Mass,450,"Raleigh-Durham-Cary, NC",20500,"Durham, NC",37,North Carolina,63,Durham,36.032944,-78.905417
449,12/31/11,37-063-0015,3,8.616666667,ug/m3 LC,,24,100,88502,Acceptable PM2.5 AQI & Speciation Mass,450,"Raleigh-Durham-Cary, NC",20500,"Durham, NC",37,North Carolina,63,Durham,36.032944,-78.905417
