rownames,response
1,agree
2,other
3,other
4,other
5,agree
6,other
7,agree
8,other
9,other
10,other
11,other
12,agree
13,agree
14,agree
15,other
16,agree
17,other
18,other
19,other
20,agree
21,agree
22,agree
23,agree
24,agree
25,other
26,agree
27,other
28,agree
29,other
30,agree
31,other
32,agree
33,other
34,other
35,other
36,agree
37,other
38,agree
39,other
40,agree
41,other
42,agree
43,other
44,other
45,other
46,agree
47,other
48,agree
49,agree
50,agree
51,other
52,other
53,agree
54,other
55,other
56,other
57,other
58,other
59,agree
60,other
61,other
62,agree
63,agree
64,other
65,other
66,agree
67,agree
68,other
69,other
70,other
71,agree
72,other
73,other
74,other
75,agree
76,other
77,other
78,agree
79,other
80,other
81,other
82,other
83,other
84,agree
85,other
86,agree
87,other
88,other
89,agree
90,agree
91,agree
92,agree
93,agree
94,other
95,other
96,agree
97,agree
98,other
99,agree
100,other
101,other
102,agree
103,other
104,other
105,agree
106,other
107,agree
108,agree
109,other
110,other
111,other
112,agree
113,other
114,other
115,other
116,agree
117,other
118,other
119,agree
120,agree
121,agree
122,other
123,agree
124,other
125,agree
126,agree
127,other
128,other
129,agree
130,agree
131,agree
132,other
133,other
134,agree
135,other
136,other
137,agree
138,other
139,other
140,other
141,other
142,other
143,agree
144,other
145,agree
146,other
147,agree
148,other
149,other
150,other
151,other
152,agree
153,agree
154,other
155,agree
156,other
157,agree
158,agree
159,other
160,other
161,other
162,other
163,other
164,agree
165,other
166,agree
167,agree
168,other
169,other
170,agree
171,other
172,other
173,agree
174,other
175,agree
176,other
177,other
178,agree
179,agree
180,other
181,agree
182,other
183,agree
184,agree
185,agree
186,agree
187,other
188,other
189,other
190,other
191,agree
192,agree
193,other
194,agree
195,other
196,other
197,agree
198,other
199,other
200,other
201,agree
202,other
203,agree
204,other
205,agree
206,other
207,other
208,other
209,agree
210,other
211,agree
212,agree
213,agree
214,agree
215,agree
216,other
217,other
218,agree
219,other
220,other
221,agree
222,other
223,agree
224,other
225,agree
226,other
227,other
228,agree
229,other
230,agree
231,agree
232,other
233,agree
234,agree
235,agree
236,other
237,other
238,agree
239,other
240,other
241,other
242,agree
243,agree
244,other
245,other
246,agree
247,agree
248,other
249,agree
250,agree
251,other
252,other
253,agree
254,other
255,agree
256,agree
257,agree
258,other
259,other
260,other
261,agree
262,agree
263,agree
264,agree
265,other
266,other
267,agree
268,agree
269,other
270,agree
271,agree
272,other
273,other
274,agree
275,agree
276,other
277,agree
278,other
279,other
280,other
281,other
282,other
283,other
284,agree
285,agree
286,other
287,other
288,agree
289,other
290,agree
291,other
292,agree
293,other
294,other
295,other
296,other
297,agree
298,other
299,agree
300,agree
301,agree
302,other
303,other
304,other
305,other
306,agree
307,agree
308,agree
309,agree
310,agree
311,agree
312,agree
313,agree
314,other
315,other
316,agree
317,other
318,other
319,agree
320,other
321,agree
322,agree
323,agree
324,other
325,agree
326,agree
327,agree
328,agree
329,other
330,other
331,agree
332,agree
333,other
334,agree
335,other
336,agree
337,other
338,other
339,agree
340,other
341,agree
342,agree
343,other
344,other
345,agree
346,other
347,other
348,agree
349,other
350,agree
351,agree
352,agree
353,agree
354,agree
355,agree
356,agree
357,other
358,other
359,other
360,agree
361,other
362,agree
363,agree
364,other
365,other
366,agree
367,agree
368,agree
369,other
370,agree
371,agree
372,agree
373,agree
374,agree
375,other
376,other
377,other
378,other
379,agree
380,other
381,other
382,other
383,other
384,other
385,other
386,agree
387,other
388,agree
389,other
390,agree
391,other
392,agree
393,agree
394,agree
395,agree
396,agree
397,other
398,other
399,other
400,other
401,other
402,other
403,other
404,other
405,other
406,other
407,agree
408,other
409,other
410,agree
411,other
412,other
413,agree
414,other
415,agree
416,agree
417,other
418,agree
419,other
420,agree
421,agree
422,other
423,other
424,other
425,agree
426,other
427,other
428,agree
429,agree
430,other
431,other
432,other
433,other
434,other
435,other
436,other
437,agree
438,other
439,other
440,other
441,agree
442,agree
443,agree
444,agree
445,agree
446,agree
447,other
448,other
449,agree
450,other
451,agree
452,agree
453,other
454,other
455,agree
456,agree
457,other
458,agree
459,agree
460,agree
461,agree
462,other
463,agree
464,other
465,agree
466,agree
467,other
468,other
469,agree
470,other
471,other
472,other
473,agree
474,other
475,other
476,other
477,agree
478,agree
479,other
480,agree
481,agree
482,other
483,agree
484,other
485,agree
486,other
487,agree
488,agree
489,other
490,agree
491,agree
492,other
493,agree
494,agree
495,agree
496,other
497,other
498,agree
499,agree
500,agree
501,other
502,other
503,agree
504,other
505,other
506,other
507,agree
508,other
509,agree
510,agree
511,agree
512,agree
513,agree
514,other
515,other
516,other
517,other
518,other
519,other
520,other
521,agree
522,other
523,other
524,other
525,other
526,other
527,agree
528,other
529,other
530,other
531,other
532,other
533,agree
534,agree
535,agree
536,agree
537,other
538,other
539,agree
540,other
541,agree
542,agree
543,agree
544,agree
545,other
546,other
547,other
548,other
549,agree
550,other
551,other
552,other
553,agree
554,agree
555,other
556,agree
557,other
558,other
559,other
560,agree
561,agree
562,other
563,agree
564,agree
565,other
566,other
567,other
568,other
569,agree
570,other
571,other
572,other
573,other
574,agree
575,other
576,other
577,other
578,agree
579,other
580,agree
581,other
582,other
583,other
584,other
585,agree
586,agree
587,other
588,agree
589,agree
590,other
591,other
592,agree
593,other
594,agree
595,agree
596,other
597,agree
598,agree
599,other
600,other
601,other
602,agree
603,other
604,other
605,agree
606,other
607,agree
608,agree
609,other
610,other
611,other
612,other
613,agree
614,other
615,agree
616,agree
617,other
618,other
619,agree
620,agree
621,other
622,other
623,other
624,other
625,agree
626,agree
627,other
628,agree
629,agree
630,agree
631,other
632,other
633,other
634,other
635,agree
636,other
637,agree
638,agree
639,agree
640,other
641,agree
642,other
643,agree
644,agree
645,agree
646,agree
647,agree
648,agree
649,other
650,agree
651,agree
652,other
653,agree
654,other
655,other
656,other
657,other
658,other
659,agree
660,other
661,other
662,agree
663,agree
664,agree
665,other
666,other
667,other
668,other
669,agree
670,other
671,other
672,other
673,agree
674,other
675,other
676,agree
677,other
678,other
679,agree
680,other
681,other
682,agree
683,other
684,other
685,other
686,agree
687,agree
688,agree
689,other
690,other
691,other
692,agree
693,agree
694,other
695,agree
696,other
697,agree
698,agree
699,other
700,other
701,other
702,other
703,other
704,other
705,agree
706,other
707,other
708,agree
709,other
710,other
711,agree
712,agree
713,agree
714,other
715,agree
716,agree
717,other
718,other
719,other
720,agree
721,other
722,other
723,agree
724,other
725,other
726,other
727,agree
728,agree
729,other
730,other
731,agree
732,other
733,agree
734,other
735,agree
736,other
737,other
738,other
739,other
740,other
741,agree
742,other
743,other
744,agree
745,other
746,agree
747,agree
748,other
749,agree
750,other
751,other
752,other
753,other
754,agree
755,agree
756,other
757,other
758,agree
759,agree
760,other
761,other
762,other
763,agree
764,other
765,other
766,agree
767,other
768,agree
769,other
770,agree
771,agree
772,other
773,other
774,agree
775,other
776,other
777,other
778,other
779,agree
780,agree
781,other
782,other
783,other
784,other
785,agree
786,other
787,agree
788,agree
789,agree
790,agree
791,agree
792,other
793,agree
794,agree
795,other
796,other
797,other
798,other
799,agree
800,agree
801,agree
802,agree
803,other
804,agree
805,agree
806,agree
807,agree
808,agree
809,agree
810,agree
811,other
812,agree
813,agree
814,agree
815,other
816,other
817,agree
818,other
819,agree
820,agree
821,agree
822,agree
823,agree
824,other
825,agree
826,other
827,agree
828,agree
829,agree
830,agree
831,agree
832,agree
833,agree
834,agree
835,agree
836,agree
837,agree
838,other
839,agree
840,agree
841,other
842,agree
843,agree
844,agree
845,agree
846,agree
847,other
848,agree
849,agree
850,other
851,other
852,agree
853,agree
854,agree
855,agree
856,agree
857,other
858,agree
859,other
860,other
861,agree
862,agree
863,agree
864,agree
865,other
866,agree
867,other
868,other
869,other
870,other
871,other
872,other
873,agree
874,other
875,other
876,agree
877,other
878,other
879,other
880,other
881,other
882,agree
883,other
884,agree
885,other
886,agree
887,other
888,agree
889,other
890,other
891,other
892,other
893,agree
894,agree
895,other
896,other
897,other
898,agree
899,agree
900,other
901,agree
902,agree
903,agree
904,other
905,other
906,other
907,agree
908,other
909,other
910,other
911,other
912,other
913,other
914,agree
915,agree
916,agree
917,other
918,other
919,agree
920,other
921,agree
922,other
923,other
924,agree
925,other
926,other
927,agree
928,other
929,agree
930,other
931,other
932,agree
933,agree
934,agree
935,other
936,other
937,agree
938,agree
939,other
940,other
941,other
942,agree
943,other
944,other
945,other
946,agree
947,other
948,other
949,other
950,agree
951,agree
952,other
953,agree
954,other
955,other
956,other
957,other
958,other
959,other
960,agree
961,agree
962,agree
963,other
964,other
965,other
966,other
967,other
968,other
969,agree
970,agree
971,other
972,other
973,agree
974,agree
975,other
976,agree
977,other
978,other
979,agree
980,other
981,other
982,other
983,agree
984,agree
985,agree
986,other
987,agree
988,agree
989,other
990,agree
991,agree
992,agree
993,other
994,agree
995,other
996,agree
997,other
998,other
999,other
1000,other
1001,other
1002,agree
1003,other
1004,other
1005,other
1006,other
1007,agree
1008,other
1009,agree
1010,agree
1011,other
1012,other
