rownames,result,inoculated
1,lived,yes
2,lived,yes
3,lived,yes
4,lived,yes
5,lived,yes
6,lived,yes
7,lived,yes
8,lived,yes
9,lived,yes
10,lived,yes
11,lived,yes
12,lived,yes
13,lived,yes
14,lived,yes
15,lived,yes
16,lived,yes
17,lived,yes
18,lived,yes
19,lived,yes
20,lived,yes
21,lived,yes
22,lived,yes
23,lived,yes
24,lived,yes
25,lived,yes
26,lived,yes
27,lived,yes
28,lived,yes
29,lived,yes
30,lived,yes
31,lived,yes
32,lived,yes
33,lived,yes
34,lived,yes
35,lived,yes
36,lived,yes
37,lived,yes
38,lived,yes
39,lived,yes
40,lived,yes
41,lived,yes
42,lived,yes
43,lived,yes
44,lived,yes
45,lived,yes
46,lived,yes
47,lived,yes
48,lived,yes
49,lived,yes
50,lived,yes
51,lived,yes
52,lived,yes
53,lived,yes
54,lived,yes
55,lived,yes
56,lived,yes
57,lived,yes
58,lived,yes
59,lived,yes
60,lived,yes
61,lived,yes
62,lived,yes
63,lived,yes
64,lived,yes
65,lived,yes
66,lived,yes
67,lived,yes
68,lived,yes
69,lived,yes
70,lived,yes
71,lived,yes
72,lived,yes
73,lived,yes
74,lived,yes
75,lived,yes
76,lived,yes
77,lived,yes
78,lived,yes
79,lived,yes
80,lived,yes
81,lived,yes
82,lived,yes
83,lived,yes
84,lived,yes
85,lived,yes
86,lived,yes
87,lived,yes
88,lived,yes
89,lived,yes
90,lived,yes
91,lived,yes
92,lived,yes
93,lived,yes
94,lived,yes
95,lived,yes
96,lived,yes
97,lived,yes
98,lived,yes
99,lived,yes
100,lived,yes
101,lived,yes
102,lived,yes
103,lived,yes
104,lived,yes
105,lived,yes
106,lived,yes
107,lived,yes
108,lived,yes
109,lived,yes
110,lived,yes
111,lived,yes
112,lived,yes
113,lived,yes
114,lived,yes
115,lived,yes
116,lived,yes
117,lived,yes
118,lived,yes
119,lived,yes
120,lived,yes
121,lived,yes
122,lived,yes
123,lived,yes
124,lived,yes
125,lived,yes
126,lived,yes
127,lived,yes
128,lived,yes
129,lived,yes
130,lived,yes
131,lived,yes
132,lived,yes
133,lived,yes
134,lived,yes
135,lived,yes
136,lived,yes
137,lived,yes
138,lived,yes
139,lived,yes
140,lived,yes
141,lived,yes
142,lived,yes
143,lived,yes
144,lived,yes
145,lived,yes
146,lived,yes
147,lived,yes
148,lived,yes
149,lived,yes
150,lived,yes
151,lived,yes
152,lived,yes
153,lived,yes
154,lived,yes
155,lived,yes
156,lived,yes
157,lived,yes
158,lived,yes
159,lived,yes
160,lived,yes
161,lived,yes
162,lived,yes
163,lived,yes
164,lived,yes
165,lived,yes
166,lived,yes
167,lived,yes
168,lived,yes
169,lived,yes
170,lived,yes
171,lived,yes
172,lived,yes
173,lived,yes
174,lived,yes
175,lived,yes
176,lived,yes
177,lived,yes
178,lived,yes
179,lived,yes
180,lived,yes
181,lived,yes
182,lived,yes
183,lived,yes
184,lived,yes
185,lived,yes
186,lived,yes
187,lived,yes
188,lived,yes
189,lived,yes
190,lived,yes
191,lived,yes
192,lived,yes
193,lived,yes
194,lived,yes
195,lived,yes
196,lived,yes
197,lived,yes
198,lived,yes
199,lived,yes
200,lived,yes
201,lived,yes
202,lived,yes
203,lived,yes
204,lived,yes
205,lived,yes
206,lived,yes
207,lived,yes
208,lived,yes
209,lived,yes
210,lived,yes
211,lived,yes
212,lived,yes
213,lived,yes
214,lived,yes
215,lived,yes
216,lived,yes
217,lived,yes
218,lived,yes
219,lived,yes
220,lived,yes
221,lived,yes
222,lived,yes
223,lived,yes
224,lived,yes
225,lived,yes
226,lived,yes
227,lived,yes
228,lived,yes
229,lived,yes
230,lived,yes
231,lived,yes
232,lived,yes
233,lived,yes
234,lived,yes
235,lived,yes
236,lived,yes
237,lived,yes
238,lived,yes
239,lived,no
240,lived,no
241,lived,no
242,lived,no
243,lived,no
244,lived,no
245,lived,no
246,lived,no
247,lived,no
248,lived,no
249,lived,no
250,lived,no
251,lived,no
252,lived,no
253,lived,no
254,lived,no
255,lived,no
256,lived,no
257,lived,no
258,lived,no
259,lived,no
260,lived,no
261,lived,no
262,lived,no
263,lived,no
264,lived,no
265,lived,no
266,lived,no
267,lived,no
268,lived,no
269,lived,no
270,lived,no
271,lived,no
272,lived,no
273,lived,no
274,lived,no
275,lived,no
276,lived,no
277,lived,no
278,lived,no
279,lived,no
280,lived,no
281,lived,no
282,lived,no
283,lived,no
284,lived,no
285,lived,no
286,lived,no
287,lived,no
288,lived,no
289,lived,no
290,lived,no
291,lived,no
292,lived,no
293,lived,no
294,lived,no
295,lived,no
296,lived,no
297,lived,no
298,lived,no
299,lived,no
300,lived,no
301,lived,no
302,lived,no
303,lived,no
304,lived,no
305,lived,no
306,lived,no
307,lived,no
308,lived,no
309,lived,no
310,lived,no
311,lived,no
312,lived,no
313,lived,no
314,lived,no
315,lived,no
316,lived,no
317,lived,no
318,lived,no
319,lived,no
320,lived,no
321,lived,no
322,lived,no
323,lived,no
324,lived,no
325,lived,no
326,lived,no
327,lived,no
328,lived,no
329,lived,no
330,lived,no
331,lived,no
332,lived,no
333,lived,no
334,lived,no
335,lived,no
336,lived,no
337,lived,no
338,lived,no
339,lived,no
340,lived,no
341,lived,no
342,lived,no
343,lived,no
344,lived,no
345,lived,no
346,lived,no
347,lived,no
348,lived,no
349,lived,no
350,lived,no
351,lived,no
352,lived,no
353,lived,no
354,lived,no
355,lived,no
356,lived,no
357,lived,no
358,lived,no
359,lived,no
360,lived,no
361,lived,no
362,lived,no
363,lived,no
364,lived,no
365,lived,no
366,lived,no
367,lived,no
368,lived,no
369,lived,no
370,lived,no
371,lived,no
372,lived,no
373,lived,no
374,lived,no
375,lived,no
376,lived,no
377,lived,no
378,lived,no
379,lived,no
380,lived,no
381,lived,no
382,lived,no
383,lived,no
384,lived,no
385,lived,no
386,lived,no
387,lived,no
388,lived,no
389,lived,no
390,lived,no
391,lived,no
392,lived,no
393,lived,no
394,lived,no
395,lived,no
396,lived,no
397,lived,no
398,lived,no
399,lived,no
400,lived,no
401,lived,no
402,lived,no
403,lived,no
404,lived,no
405,lived,no
406,lived,no
407,lived,no
408,lived,no
409,lived,no
410,lived,no
411,lived,no
412,lived,no
413,lived,no
414,lived,no
415,lived,no
416,lived,no
417,lived,no
418,lived,no
419,lived,no
420,lived,no
421,lived,no
422,lived,no
423,lived,no
424,lived,no
425,lived,no
426,lived,no
427,lived,no
428,lived,no
429,lived,no
430,lived,no
431,lived,no
432,lived,no
433,lived,no
434,lived,no
435,lived,no
436,lived,no
437,lived,no
438,lived,no
439,lived,no
440,lived,no
441,lived,no
442,lived,no
443,lived,no
444,lived,no
445,lived,no
446,lived,no
447,lived,no
448,lived,no
449,lived,no
450,lived,no
451,lived,no
452,lived,no
453,lived,no
454,lived,no
455,lived,no
456,lived,no
457,lived,no
458,lived,no
459,lived,no
460,lived,no
461,lived,no
462,lived,no
463,lived,no
464,lived,no
465,lived,no
466,lived,no
467,lived,no
468,lived,no
469,lived,no
470,lived,no
471,lived,no
472,lived,no
473,lived,no
474,lived,no
475,lived,no
476,lived,no
477,lived,no
478,lived,no
479,lived,no
480,lived,no
481,lived,no
482,lived,no
483,lived,no
484,lived,no
485,lived,no
486,lived,no
487,lived,no
488,lived,no
489,lived,no
490,lived,no
491,lived,no
492,lived,no
493,lived,no
494,lived,no
495,lived,no
496,lived,no
497,lived,no
498,lived,no
499,lived,no
500,lived,no
501,lived,no
502,lived,no
503,lived,no
504,lived,no
505,lived,no
506,lived,no
507,lived,no
508,lived,no
509,lived,no
510,lived,no
511,lived,no
512,lived,no
513,lived,no
514,lived,no
515,lived,no
516,lived,no
517,lived,no
518,lived,no
519,lived,no
520,lived,no
521,lived,no
522,lived,no
523,lived,no
524,lived,no
525,lived,no
526,lived,no
527,lived,no
528,lived,no
529,lived,no
530,lived,no
531,lived,no
532,lived,no
533,lived,no
534,lived,no
535,lived,no
536,lived,no
537,lived,no
538,lived,no
539,lived,no
540,lived,no
541,lived,no
542,lived,no
543,lived,no
544,lived,no
545,lived,no
546,lived,no
547,lived,no
548,lived,no
549,lived,no
550,lived,no
551,lived,no
552,lived,no
553,lived,no
554,lived,no
555,lived,no
556,lived,no
557,lived,no
558,lived,no
559,lived,no
560,lived,no
561,lived,no
562,lived,no
563,lived,no
564,lived,no
565,lived,no
566,lived,no
567,lived,no
568,lived,no
569,lived,no
570,lived,no
571,lived,no
572,lived,no
573,lived,no
574,lived,no
575,lived,no
576,lived,no
577,lived,no
578,lived,no
579,lived,no
580,lived,no
581,lived,no
582,lived,no
583,lived,no
584,lived,no
585,lived,no
586,lived,no
587,lived,no
588,lived,no
589,lived,no
590,lived,no
591,lived,no
592,lived,no
593,lived,no
594,lived,no
595,lived,no
596,lived,no
597,lived,no
598,lived,no
599,lived,no
600,lived,no
601,lived,no
602,lived,no
603,lived,no
604,lived,no
605,lived,no
606,lived,no
607,lived,no
608,lived,no
609,lived,no
610,lived,no
611,lived,no
612,lived,no
613,lived,no
614,lived,no
615,lived,no
616,lived,no
617,lived,no
618,lived,no
619,lived,no
620,lived,no
621,lived,no
622,lived,no
623,lived,no
624,lived,no
625,lived,no
626,lived,no
627,lived,no
628,lived,no
629,lived,no
630,lived,no
631,lived,no
632,lived,no
633,lived,no
634,lived,no
635,lived,no
636,lived,no
637,lived,no
638,lived,no
639,lived,no
640,lived,no
641,lived,no
642,lived,no
643,lived,no
644,lived,no
645,lived,no
646,lived,no
647,lived,no
648,lived,no
649,lived,no
650,lived,no
651,lived,no
652,lived,no
653,lived,no
654,lived,no
655,lived,no
656,lived,no
657,lived,no
658,lived,no
659,lived,no
660,lived,no
661,lived,no
662,lived,no
663,lived,no
664,lived,no
665,lived,no
666,lived,no
667,lived,no
668,lived,no
669,lived,no
670,lived,no
671,lived,no
672,lived,no
673,lived,no
674,lived,no
675,lived,no
676,lived,no
677,lived,no
678,lived,no
679,lived,no
680,lived,no
681,lived,no
682,lived,no
683,lived,no
684,lived,no
685,lived,no
686,lived,no
687,lived,no
688,lived,no
689,lived,no
690,lived,no
691,lived,no
692,lived,no
693,lived,no
694,lived,no
695,lived,no
696,lived,no
697,lived,no
698,lived,no
699,lived,no
700,lived,no
701,lived,no
702,lived,no
703,lived,no
704,lived,no
705,lived,no
706,lived,no
707,lived,no
708,lived,no
709,lived,no
710,lived,no
711,lived,no
712,lived,no
713,lived,no
714,lived,no
715,lived,no
716,lived,no
717,lived,no
718,lived,no
719,lived,no
720,lived,no
721,lived,no
722,lived,no
723,lived,no
724,lived,no
725,lived,no
726,lived,no
727,lived,no
728,lived,no
729,lived,no
730,lived,no
731,lived,no
732,lived,no
733,lived,no
734,lived,no
735,lived,no
736,lived,no
737,lived,no
738,lived,no
739,lived,no
740,lived,no
741,lived,no
742,lived,no
743,lived,no
744,lived,no
745,lived,no
746,lived,no
747,lived,no
748,lived,no
749,lived,no
750,lived,no
751,lived,no
752,lived,no
753,lived,no
754,lived,no
755,lived,no
756,lived,no
757,lived,no
758,lived,no
759,lived,no
760,lived,no
761,lived,no
762,lived,no
763,lived,no
764,lived,no
765,lived,no
766,lived,no
767,lived,no
768,lived,no
769,lived,no
770,lived,no
771,lived,no
772,lived,no
773,lived,no
774,lived,no
775,lived,no
776,lived,no
777,lived,no
778,lived,no
779,lived,no
780,lived,no
781,lived,no
782,lived,no
783,lived,no
784,lived,no
785,lived,no
786,lived,no
787,lived,no
788,lived,no
789,lived,no
790,lived,no
791,lived,no
792,lived,no
793,lived,no
794,lived,no
795,lived,no
796,lived,no
797,lived,no
798,lived,no
799,lived,no
800,lived,no
801,lived,no
802,lived,no
803,lived,no
804,lived,no
805,lived,no
806,lived,no
807,lived,no
808,lived,no
809,lived,no
810,lived,no
811,lived,no
812,lived,no
813,lived,no
814,lived,no
815,lived,no
816,lived,no
817,lived,no
818,lived,no
819,lived,no
820,lived,no
821,lived,no
822,lived,no
823,lived,no
824,lived,no
825,lived,no
826,lived,no
827,lived,no
828,lived,no
829,lived,no
830,lived,no
831,lived,no
832,lived,no
833,lived,no
834,lived,no
835,lived,no
836,lived,no
837,lived,no
838,lived,no
839,lived,no
840,lived,no
841,lived,no
842,lived,no
843,lived,no
844,lived,no
845,lived,no
846,lived,no
847,lived,no
848,lived,no
849,lived,no
850,lived,no
851,lived,no
852,lived,no
853,lived,no
854,lived,no
855,lived,no
856,lived,no
857,lived,no
858,lived,no
859,lived,no
860,lived,no
861,lived,no
862,lived,no
863,lived,no
864,lived,no
865,lived,no
866,lived,no
867,lived,no
868,lived,no
869,lived,no
870,lived,no
871,lived,no
872,lived,no
873,lived,no
874,lived,no
875,lived,no
876,lived,no
877,lived,no
878,lived,no
879,lived,no
880,lived,no
881,lived,no
882,lived,no
883,lived,no
884,lived,no
885,lived,no
886,lived,no
887,lived,no
888,lived,no
889,lived,no
890,lived,no
891,lived,no
892,lived,no
893,lived,no
894,lived,no
895,lived,no
896,lived,no
897,lived,no
898,lived,no
899,lived,no
900,lived,no
901,lived,no
902,lived,no
903,lived,no
904,lived,no
905,lived,no
906,lived,no
907,lived,no
908,lived,no
909,lived,no
910,lived,no
911,lived,no
912,lived,no
913,lived,no
914,lived,no
915,lived,no
916,lived,no
917,lived,no
918,lived,no
919,lived,no
920,lived,no
921,lived,no
922,lived,no
923,lived,no
924,lived,no
925,lived,no
926,lived,no
927,lived,no
928,lived,no
929,lived,no
930,lived,no
931,lived,no
932,lived,no
933,lived,no
934,lived,no
935,lived,no
936,lived,no
937,lived,no
938,lived,no
939,lived,no
940,lived,no
941,lived,no
942,lived,no
943,lived,no
944,lived,no
945,lived,no
946,lived,no
947,lived,no
948,lived,no
949,lived,no
950,lived,no
951,lived,no
952,lived,no
953,lived,no
954,lived,no
955,lived,no
956,lived,no
957,lived,no
958,lived,no
959,lived,no
960,lived,no
961,lived,no
962,lived,no
963,lived,no
964,lived,no
965,lived,no
966,lived,no
967,lived,no
968,lived,no
969,lived,no
970,lived,no
971,lived,no
972,lived,no
973,lived,no
974,lived,no
975,lived,no
976,lived,no
977,lived,no
978,lived,no
979,lived,no
980,lived,no
981,lived,no
982,lived,no
983,lived,no
984,lived,no
985,lived,no
986,lived,no
987,lived,no
988,lived,no
989,lived,no
990,lived,no
991,lived,no
992,lived,no
993,lived,no
994,lived,no
995,lived,no
996,lived,no
997,lived,no
998,lived,no
999,lived,no
1000,lived,no
1001,lived,no
1002,lived,no
1003,lived,no
1004,lived,no
1005,lived,no
1006,lived,no
1007,lived,no
1008,lived,no
1009,lived,no
1010,lived,no
1011,lived,no
1012,lived,no
1013,lived,no
1014,lived,no
1015,lived,no
1016,lived,no
1017,lived,no
1018,lived,no
1019,lived,no
1020,lived,no
1021,lived,no
1022,lived,no
1023,lived,no
1024,lived,no
1025,lived,no
1026,lived,no
1027,lived,no
1028,lived,no
1029,lived,no
1030,lived,no
1031,lived,no
1032,lived,no
1033,lived,no
1034,lived,no
1035,lived,no
1036,lived,no
1037,lived,no
1038,lived,no
1039,lived,no
1040,lived,no
1041,lived,no
1042,lived,no
1043,lived,no
1044,lived,no
1045,lived,no
1046,lived,no
1047,lived,no
1048,lived,no
1049,lived,no
1050,lived,no
1051,lived,no
1052,lived,no
1053,lived,no
1054,lived,no
1055,lived,no
1056,lived,no
1057,lived,no
1058,lived,no
1059,lived,no
1060,lived,no
1061,lived,no
1062,lived,no
1063,lived,no
1064,lived,no
1065,lived,no
1066,lived,no
1067,lived,no
1068,lived,no
1069,lived,no
1070,lived,no
1071,lived,no
1072,lived,no
1073,lived,no
1074,lived,no
1075,lived,no
1076,lived,no
1077,lived,no
1078,lived,no
1079,lived,no
1080,lived,no
1081,lived,no
1082,lived,no
1083,lived,no
1084,lived,no
1085,lived,no
1086,lived,no
1087,lived,no
1088,lived,no
1089,lived,no
1090,lived,no
1091,lived,no
1092,lived,no
1093,lived,no
1094,lived,no
1095,lived,no
1096,lived,no
1097,lived,no
1098,lived,no
1099,lived,no
1100,lived,no
1101,lived,no
1102,lived,no
1103,lived,no
1104,lived,no
1105,lived,no
1106,lived,no
1107,lived,no
1108,lived,no
1109,lived,no
1110,lived,no
1111,lived,no
1112,lived,no
1113,lived,no
1114,lived,no
1115,lived,no
1116,lived,no
1117,lived,no
1118,lived,no
1119,lived,no
1120,lived,no
1121,lived,no
1122,lived,no
1123,lived,no
1124,lived,no
1125,lived,no
1126,lived,no
1127,lived,no
1128,lived,no
1129,lived,no
1130,lived,no
1131,lived,no
1132,lived,no
1133,lived,no
1134,lived,no
1135,lived,no
1136,lived,no
1137,lived,no
1138,lived,no
1139,lived,no
1140,lived,no
1141,lived,no
1142,lived,no
1143,lived,no
1144,lived,no
1145,lived,no
1146,lived,no
1147,lived,no
1148,lived,no
1149,lived,no
1150,lived,no
1151,lived,no
1152,lived,no
1153,lived,no
1154,lived,no
1155,lived,no
1156,lived,no
1157,lived,no
1158,lived,no
1159,lived,no
1160,lived,no
1161,lived,no
1162,lived,no
1163,lived,no
1164,lived,no
1165,lived,no
1166,lived,no
1167,lived,no
1168,lived,no
1169,lived,no
1170,lived,no
1171,lived,no
1172,lived,no
1173,lived,no
1174,lived,no
1175,lived,no
1176,lived,no
1177,lived,no
1178,lived,no
1179,lived,no
1180,lived,no
1181,lived,no
1182,lived,no
1183,lived,no
1184,lived,no
1185,lived,no
1186,lived,no
1187,lived,no
1188,lived,no
1189,lived,no
1190,lived,no
1191,lived,no
1192,lived,no
1193,lived,no
1194,lived,no
1195,lived,no
1196,lived,no
1197,lived,no
1198,lived,no
1199,lived,no
1200,lived,no
1201,lived,no
1202,lived,no
1203,lived,no
1204,lived,no
1205,lived,no
1206,lived,no
1207,lived,no
1208,lived,no
1209,lived,no
1210,lived,no
1211,lived,no
1212,lived,no
1213,lived,no
1214,lived,no
1215,lived,no
1216,lived,no
1217,lived,no
1218,lived,no
1219,lived,no
1220,lived,no
1221,lived,no
1222,lived,no
1223,lived,no
1224,lived,no
1225,lived,no
1226,lived,no
1227,lived,no
1228,lived,no
1229,lived,no
1230,lived,no
1231,lived,no
1232,lived,no
1233,lived,no
1234,lived,no
1235,lived,no
1236,lived,no
1237,lived,no
1238,lived,no
1239,lived,no
1240,lived,no
1241,lived,no
1242,lived,no
1243,lived,no
1244,lived,no
1245,lived,no
1246,lived,no
1247,lived,no
1248,lived,no
1249,lived,no
1250,lived,no
1251,lived,no
1252,lived,no
1253,lived,no
1254,lived,no
1255,lived,no
1256,lived,no
1257,lived,no
1258,lived,no
1259,lived,no
1260,lived,no
1261,lived,no
1262,lived,no
1263,lived,no
1264,lived,no
1265,lived,no
1266,lived,no
1267,lived,no
1268,lived,no
1269,lived,no
1270,lived,no
1271,lived,no
1272,lived,no
1273,lived,no
1274,lived,no
1275,lived,no
1276,lived,no
1277,lived,no
1278,lived,no
1279,lived,no
1280,lived,no
1281,lived,no
1282,lived,no
1283,lived,no
1284,lived,no
1285,lived,no
1286,lived,no
1287,lived,no
1288,lived,no
1289,lived,no
1290,lived,no
1291,lived,no
1292,lived,no
1293,lived,no
1294,lived,no
1295,lived,no
1296,lived,no
1297,lived,no
1298,lived,no
1299,lived,no
1300,lived,no
1301,lived,no
1302,lived,no
1303,lived,no
1304,lived,no
1305,lived,no
1306,lived,no
1307,lived,no
1308,lived,no
1309,lived,no
1310,lived,no
1311,lived,no
1312,lived,no
1313,lived,no
1314,lived,no
1315,lived,no
1316,lived,no
1317,lived,no
1318,lived,no
1319,lived,no
1320,lived,no
1321,lived,no
1322,lived,no
1323,lived,no
1324,lived,no
1325,lived,no
1326,lived,no
1327,lived,no
1328,lived,no
1329,lived,no
1330,lived,no
1331,lived,no
1332,lived,no
1333,lived,no
1334,lived,no
1335,lived,no
1336,lived,no
1337,lived,no
1338,lived,no
1339,lived,no
1340,lived,no
1341,lived,no
1342,lived,no
1343,lived,no
1344,lived,no
1345,lived,no
1346,lived,no
1347,lived,no
1348,lived,no
1349,lived,no
1350,lived,no
1351,lived,no
1352,lived,no
1353,lived,no
1354,lived,no
1355,lived,no
1356,lived,no
1357,lived,no
1358,lived,no
1359,lived,no
1360,lived,no
1361,lived,no
1362,lived,no
1363,lived,no
1364,lived,no
1365,lived,no
1366,lived,no
1367,lived,no
1368,lived,no
1369,lived,no
1370,lived,no
1371,lived,no
1372,lived,no
1373,lived,no
1374,lived,no
1375,lived,no
1376,lived,no
1377,lived,no
1378,lived,no
1379,lived,no
1380,lived,no
1381,lived,no
1382,lived,no
1383,lived,no
1384,lived,no
1385,lived,no
1386,lived,no
1387,lived,no
1388,lived,no
1389,lived,no
1390,lived,no
1391,lived,no
1392,lived,no
1393,lived,no
1394,lived,no
1395,lived,no
1396,lived,no
1397,lived,no
1398,lived,no
1399,lived,no
1400,lived,no
1401,lived,no
1402,lived,no
1403,lived,no
1404,lived,no
1405,lived,no
1406,lived,no
1407,lived,no
1408,lived,no
1409,lived,no
1410,lived,no
1411,lived,no
1412,lived,no
1413,lived,no
1414,lived,no
1415,lived,no
1416,lived,no
1417,lived,no
1418,lived,no
1419,lived,no
1420,lived,no
1421,lived,no
1422,lived,no
1423,lived,no
1424,lived,no
1425,lived,no
1426,lived,no
1427,lived,no
1428,lived,no
1429,lived,no
1430,lived,no
1431,lived,no
1432,lived,no
1433,lived,no
1434,lived,no
1435,lived,no
1436,lived,no
1437,lived,no
1438,lived,no
1439,lived,no
1440,lived,no
1441,lived,no
1442,lived,no
1443,lived,no
1444,lived,no
1445,lived,no
1446,lived,no
1447,lived,no
1448,lived,no
1449,lived,no
1450,lived,no
1451,lived,no
1452,lived,no
1453,lived,no
1454,lived,no
1455,lived,no
1456,lived,no
1457,lived,no
1458,lived,no
1459,lived,no
1460,lived,no
1461,lived,no
1462,lived,no
1463,lived,no
1464,lived,no
1465,lived,no
1466,lived,no
1467,lived,no
1468,lived,no
1469,lived,no
1470,lived,no
1471,lived,no
1472,lived,no
1473,lived,no
1474,lived,no
1475,lived,no
1476,lived,no
1477,lived,no
1478,lived,no
1479,lived,no
1480,lived,no
1481,lived,no
1482,lived,no
1483,lived,no
1484,lived,no
1485,lived,no
1486,lived,no
1487,lived,no
1488,lived,no
1489,lived,no
1490,lived,no
1491,lived,no
1492,lived,no
1493,lived,no
1494,lived,no
1495,lived,no
1496,lived,no
1497,lived,no
1498,lived,no
1499,lived,no
1500,lived,no
1501,lived,no
1502,lived,no
1503,lived,no
1504,lived,no
1505,lived,no
1506,lived,no
1507,lived,no
1508,lived,no
1509,lived,no
1510,lived,no
1511,lived,no
1512,lived,no
1513,lived,no
1514,lived,no
1515,lived,no
1516,lived,no
1517,lived,no
1518,lived,no
1519,lived,no
1520,lived,no
1521,lived,no
1522,lived,no
1523,lived,no
1524,lived,no
1525,lived,no
1526,lived,no
1527,lived,no
1528,lived,no
1529,lived,no
1530,lived,no
1531,lived,no
1532,lived,no
1533,lived,no
1534,lived,no
1535,lived,no
1536,lived,no
1537,lived,no
1538,lived,no
1539,lived,no
1540,lived,no
1541,lived,no
1542,lived,no
1543,lived,no
1544,lived,no
1545,lived,no
1546,lived,no
1547,lived,no
1548,lived,no
1549,lived,no
1550,lived,no
1551,lived,no
1552,lived,no
1553,lived,no
1554,lived,no
1555,lived,no
1556,lived,no
1557,lived,no
1558,lived,no
1559,lived,no
1560,lived,no
1561,lived,no
1562,lived,no
1563,lived,no
1564,lived,no
1565,lived,no
1566,lived,no
1567,lived,no
1568,lived,no
1569,lived,no
1570,lived,no
1571,lived,no
1572,lived,no
1573,lived,no
1574,lived,no
1575,lived,no
1576,lived,no
1577,lived,no
1578,lived,no
1579,lived,no
1580,lived,no
1581,lived,no
1582,lived,no
1583,lived,no
1584,lived,no
1585,lived,no
1586,lived,no
1587,lived,no
1588,lived,no
1589,lived,no
1590,lived,no
1591,lived,no
1592,lived,no
1593,lived,no
1594,lived,no
1595,lived,no
1596,lived,no
1597,lived,no
1598,lived,no
1599,lived,no
1600,lived,no
1601,lived,no
1602,lived,no
1603,lived,no
1604,lived,no
1605,lived,no
1606,lived,no
1607,lived,no
1608,lived,no
1609,lived,no
1610,lived,no
1611,lived,no
1612,lived,no
1613,lived,no
1614,lived,no
1615,lived,no
1616,lived,no
1617,lived,no
1618,lived,no
1619,lived,no
1620,lived,no
1621,lived,no
1622,lived,no
1623,lived,no
1624,lived,no
1625,lived,no
1626,lived,no
1627,lived,no
1628,lived,no
1629,lived,no
1630,lived,no
1631,lived,no
1632,lived,no
1633,lived,no
1634,lived,no
1635,lived,no
1636,lived,no
1637,lived,no
1638,lived,no
1639,lived,no
1640,lived,no
1641,lived,no
1642,lived,no
1643,lived,no
1644,lived,no
1645,lived,no
1646,lived,no
1647,lived,no
1648,lived,no
1649,lived,no
1650,lived,no
1651,lived,no
1652,lived,no
1653,lived,no
1654,lived,no
1655,lived,no
1656,lived,no
1657,lived,no
1658,lived,no
1659,lived,no
1660,lived,no
1661,lived,no
1662,lived,no
1663,lived,no
1664,lived,no
1665,lived,no
1666,lived,no
1667,lived,no
1668,lived,no
1669,lived,no
1670,lived,no
1671,lived,no
1672,lived,no
1673,lived,no
1674,lived,no
1675,lived,no
1676,lived,no
1677,lived,no
1678,lived,no
1679,lived,no
1680,lived,no
1681,lived,no
1682,lived,no
1683,lived,no
1684,lived,no
1685,lived,no
1686,lived,no
1687,lived,no
1688,lived,no
1689,lived,no
1690,lived,no
1691,lived,no
1692,lived,no
1693,lived,no
1694,lived,no
1695,lived,no
1696,lived,no
1697,lived,no
1698,lived,no
1699,lived,no
1700,lived,no
1701,lived,no
1702,lived,no
1703,lived,no
1704,lived,no
1705,lived,no
1706,lived,no
1707,lived,no
1708,lived,no
1709,lived,no
1710,lived,no
1711,lived,no
1712,lived,no
1713,lived,no
1714,lived,no
1715,lived,no
1716,lived,no
1717,lived,no
1718,lived,no
1719,lived,no
1720,lived,no
1721,lived,no
1722,lived,no
1723,lived,no
1724,lived,no
1725,lived,no
1726,lived,no
1727,lived,no
1728,lived,no
1729,lived,no
1730,lived,no
1731,lived,no
1732,lived,no
1733,lived,no
1734,lived,no
1735,lived,no
1736,lived,no
1737,lived,no
1738,lived,no
1739,lived,no
1740,lived,no
1741,lived,no
1742,lived,no
1743,lived,no
1744,lived,no
1745,lived,no
1746,lived,no
1747,lived,no
1748,lived,no
1749,lived,no
1750,lived,no
1751,lived,no
1752,lived,no
1753,lived,no
1754,lived,no
1755,lived,no
1756,lived,no
1757,lived,no
1758,lived,no
1759,lived,no
1760,lived,no
1761,lived,no
1762,lived,no
1763,lived,no
1764,lived,no
1765,lived,no
1766,lived,no
1767,lived,no
1768,lived,no
1769,lived,no
1770,lived,no
1771,lived,no
1772,lived,no
1773,lived,no
1774,lived,no
1775,lived,no
1776,lived,no
1777,lived,no
1778,lived,no
1779,lived,no
1780,lived,no
1781,lived,no
1782,lived,no
1783,lived,no
1784,lived,no
1785,lived,no
1786,lived,no
1787,lived,no
1788,lived,no
1789,lived,no
1790,lived,no
1791,lived,no
1792,lived,no
1793,lived,no
1794,lived,no
1795,lived,no
1796,lived,no
1797,lived,no
1798,lived,no
1799,lived,no
1800,lived,no
1801,lived,no
1802,lived,no
1803,lived,no
1804,lived,no
1805,lived,no
1806,lived,no
1807,lived,no
1808,lived,no
1809,lived,no
1810,lived,no
1811,lived,no
1812,lived,no
1813,lived,no
1814,lived,no
1815,lived,no
1816,lived,no
1817,lived,no
1818,lived,no
1819,lived,no
1820,lived,no
1821,lived,no
1822,lived,no
1823,lived,no
1824,lived,no
1825,lived,no
1826,lived,no
1827,lived,no
1828,lived,no
1829,lived,no
1830,lived,no
1831,lived,no
1832,lived,no
1833,lived,no
1834,lived,no
1835,lived,no
1836,lived,no
1837,lived,no
1838,lived,no
1839,lived,no
1840,lived,no
1841,lived,no
1842,lived,no
1843,lived,no
1844,lived,no
1845,lived,no
1846,lived,no
1847,lived,no
1848,lived,no
1849,lived,no
1850,lived,no
1851,lived,no
1852,lived,no
1853,lived,no
1854,lived,no
1855,lived,no
1856,lived,no
1857,lived,no
1858,lived,no
1859,lived,no
1860,lived,no
1861,lived,no
1862,lived,no
1863,lived,no
1864,lived,no
1865,lived,no
1866,lived,no
1867,lived,no
1868,lived,no
1869,lived,no
1870,lived,no
1871,lived,no
1872,lived,no
1873,lived,no
1874,lived,no
1875,lived,no
1876,lived,no
1877,lived,no
1878,lived,no
1879,lived,no
1880,lived,no
1881,lived,no
1882,lived,no
1883,lived,no
1884,lived,no
1885,lived,no
1886,lived,no
1887,lived,no
1888,lived,no
1889,lived,no
1890,lived,no
1891,lived,no
1892,lived,no
1893,lived,no
1894,lived,no
1895,lived,no
1896,lived,no
1897,lived,no
1898,lived,no
1899,lived,no
1900,lived,no
1901,lived,no
1902,lived,no
1903,lived,no
1904,lived,no
1905,lived,no
1906,lived,no
1907,lived,no
1908,lived,no
1909,lived,no
1910,lived,no
1911,lived,no
1912,lived,no
1913,lived,no
1914,lived,no
1915,lived,no
1916,lived,no
1917,lived,no
1918,lived,no
1919,lived,no
1920,lived,no
1921,lived,no
1922,lived,no
1923,lived,no
1924,lived,no
1925,lived,no
1926,lived,no
1927,lived,no
1928,lived,no
1929,lived,no
1930,lived,no
1931,lived,no
1932,lived,no
1933,lived,no
1934,lived,no
1935,lived,no
1936,lived,no
1937,lived,no
1938,lived,no
1939,lived,no
1940,lived,no
1941,lived,no
1942,lived,no
1943,lived,no
1944,lived,no
1945,lived,no
1946,lived,no
1947,lived,no
1948,lived,no
1949,lived,no
1950,lived,no
1951,lived,no
1952,lived,no
1953,lived,no
1954,lived,no
1955,lived,no
1956,lived,no
1957,lived,no
1958,lived,no
1959,lived,no
1960,lived,no
1961,lived,no
1962,lived,no
1963,lived,no
1964,lived,no
1965,lived,no
1966,lived,no
1967,lived,no
1968,lived,no
1969,lived,no
1970,lived,no
1971,lived,no
1972,lived,no
1973,lived,no
1974,lived,no
1975,lived,no
1976,lived,no
1977,lived,no
1978,lived,no
1979,lived,no
1980,lived,no
1981,lived,no
1982,lived,no
1983,lived,no
1984,lived,no
1985,lived,no
1986,lived,no
1987,lived,no
1988,lived,no
1989,lived,no
1990,lived,no
1991,lived,no
1992,lived,no
1993,lived,no
1994,lived,no
1995,lived,no
1996,lived,no
1997,lived,no
1998,lived,no
1999,lived,no
2000,lived,no
2001,lived,no
2002,lived,no
2003,lived,no
2004,lived,no
2005,lived,no
2006,lived,no
2007,lived,no
2008,lived,no
2009,lived,no
2010,lived,no
2011,lived,no
2012,lived,no
2013,lived,no
2014,lived,no
2015,lived,no
2016,lived,no
2017,lived,no
2018,lived,no
2019,lived,no
2020,lived,no
2021,lived,no
2022,lived,no
2023,lived,no
2024,lived,no
2025,lived,no
2026,lived,no
2027,lived,no
2028,lived,no
2029,lived,no
2030,lived,no
2031,lived,no
2032,lived,no
2033,lived,no
2034,lived,no
2035,lived,no
2036,lived,no
2037,lived,no
2038,lived,no
2039,lived,no
2040,lived,no
2041,lived,no
2042,lived,no
2043,lived,no
2044,lived,no
2045,lived,no
2046,lived,no
2047,lived,no
2048,lived,no
2049,lived,no
2050,lived,no
2051,lived,no
2052,lived,no
2053,lived,no
2054,lived,no
2055,lived,no
2056,lived,no
2057,lived,no
2058,lived,no
2059,lived,no
2060,lived,no
2061,lived,no
2062,lived,no
2063,lived,no
2064,lived,no
2065,lived,no
2066,lived,no
2067,lived,no
2068,lived,no
2069,lived,no
2070,lived,no
2071,lived,no
2072,lived,no
2073,lived,no
2074,lived,no
2075,lived,no
2076,lived,no
2077,lived,no
2078,lived,no
2079,lived,no
2080,lived,no
2081,lived,no
2082,lived,no
2083,lived,no
2084,lived,no
2085,lived,no
2086,lived,no
2087,lived,no
2088,lived,no
2089,lived,no
2090,lived,no
2091,lived,no
2092,lived,no
2093,lived,no
2094,lived,no
2095,lived,no
2096,lived,no
2097,lived,no
2098,lived,no
2099,lived,no
2100,lived,no
2101,lived,no
2102,lived,no
2103,lived,no
2104,lived,no
2105,lived,no
2106,lived,no
2107,lived,no
2108,lived,no
2109,lived,no
2110,lived,no
2111,lived,no
2112,lived,no
2113,lived,no
2114,lived,no
2115,lived,no
2116,lived,no
2117,lived,no
2118,lived,no
2119,lived,no
2120,lived,no
2121,lived,no
2122,lived,no
2123,lived,no
2124,lived,no
2125,lived,no
2126,lived,no
2127,lived,no
2128,lived,no
2129,lived,no
2130,lived,no
2131,lived,no
2132,lived,no
2133,lived,no
2134,lived,no
2135,lived,no
2136,lived,no
2137,lived,no
2138,lived,no
2139,lived,no
2140,lived,no
2141,lived,no
2142,lived,no
2143,lived,no
2144,lived,no
2145,lived,no
2146,lived,no
2147,lived,no
2148,lived,no
2149,lived,no
2150,lived,no
2151,lived,no
2152,lived,no
2153,lived,no
2154,lived,no
2155,lived,no
2156,lived,no
2157,lived,no
2158,lived,no
2159,lived,no
2160,lived,no
2161,lived,no
2162,lived,no
2163,lived,no
2164,lived,no
2165,lived,no
2166,lived,no
2167,lived,no
2168,lived,no
2169,lived,no
2170,lived,no
2171,lived,no
2172,lived,no
2173,lived,no
2174,lived,no
2175,lived,no
2176,lived,no
2177,lived,no
2178,lived,no
2179,lived,no
2180,lived,no
2181,lived,no
2182,lived,no
2183,lived,no
2184,lived,no
2185,lived,no
2186,lived,no
2187,lived,no
2188,lived,no
2189,lived,no
2190,lived,no
2191,lived,no
2192,lived,no
2193,lived,no
2194,lived,no
2195,lived,no
2196,lived,no
2197,lived,no
2198,lived,no
2199,lived,no
2200,lived,no
2201,lived,no
2202,lived,no
2203,lived,no
2204,lived,no
2205,lived,no
2206,lived,no
2207,lived,no
2208,lived,no
2209,lived,no
2210,lived,no
2211,lived,no
2212,lived,no
2213,lived,no
2214,lived,no
2215,lived,no
2216,lived,no
2217,lived,no
2218,lived,no
2219,lived,no
2220,lived,no
2221,lived,no
2222,lived,no
2223,lived,no
2224,lived,no
2225,lived,no
2226,lived,no
2227,lived,no
2228,lived,no
2229,lived,no
2230,lived,no
2231,lived,no
2232,lived,no
2233,lived,no
2234,lived,no
2235,lived,no
2236,lived,no
2237,lived,no
2238,lived,no
2239,lived,no
2240,lived,no
2241,lived,no
2242,lived,no
2243,lived,no
2244,lived,no
2245,lived,no
2246,lived,no
2247,lived,no
2248,lived,no
2249,lived,no
2250,lived,no
2251,lived,no
2252,lived,no
2253,lived,no
2254,lived,no
2255,lived,no
2256,lived,no
2257,lived,no
2258,lived,no
2259,lived,no
2260,lived,no
2261,lived,no
2262,lived,no
2263,lived,no
2264,lived,no
2265,lived,no
2266,lived,no
2267,lived,no
2268,lived,no
2269,lived,no
2270,lived,no
2271,lived,no
2272,lived,no
2273,lived,no
2274,lived,no
2275,lived,no
2276,lived,no
2277,lived,no
2278,lived,no
2279,lived,no
2280,lived,no
2281,lived,no
2282,lived,no
2283,lived,no
2284,lived,no
2285,lived,no
2286,lived,no
2287,lived,no
2288,lived,no
2289,lived,no
2290,lived,no
2291,lived,no
2292,lived,no
2293,lived,no
2294,lived,no
2295,lived,no
2296,lived,no
2297,lived,no
2298,lived,no
2299,lived,no
2300,lived,no
2301,lived,no
2302,lived,no
2303,lived,no
2304,lived,no
2305,lived,no
2306,lived,no
2307,lived,no
2308,lived,no
2309,lived,no
2310,lived,no
2311,lived,no
2312,lived,no
2313,lived,no
2314,lived,no
2315,lived,no
2316,lived,no
2317,lived,no
2318,lived,no
2319,lived,no
2320,lived,no
2321,lived,no
2322,lived,no
2323,lived,no
2324,lived,no
2325,lived,no
2326,lived,no
2327,lived,no
2328,lived,no
2329,lived,no
2330,lived,no
2331,lived,no
2332,lived,no
2333,lived,no
2334,lived,no
2335,lived,no
2336,lived,no
2337,lived,no
2338,lived,no
2339,lived,no
2340,lived,no
2341,lived,no
2342,lived,no
2343,lived,no
2344,lived,no
2345,lived,no
2346,lived,no
2347,lived,no
2348,lived,no
2349,lived,no
2350,lived,no
2351,lived,no
2352,lived,no
2353,lived,no
2354,lived,no
2355,lived,no
2356,lived,no
2357,lived,no
2358,lived,no
2359,lived,no
2360,lived,no
2361,lived,no
2362,lived,no
2363,lived,no
2364,lived,no
2365,lived,no
2366,lived,no
2367,lived,no
2368,lived,no
2369,lived,no
2370,lived,no
2371,lived,no
2372,lived,no
2373,lived,no
2374,lived,no
2375,lived,no
2376,lived,no
2377,lived,no
2378,lived,no
2379,lived,no
2380,lived,no
2381,lived,no
2382,lived,no
2383,lived,no
2384,lived,no
2385,lived,no
2386,lived,no
2387,lived,no
2388,lived,no
2389,lived,no
2390,lived,no
2391,lived,no
2392,lived,no
2393,lived,no
2394,lived,no
2395,lived,no
2396,lived,no
2397,lived,no
2398,lived,no
2399,lived,no
2400,lived,no
2401,lived,no
2402,lived,no
2403,lived,no
2404,lived,no
2405,lived,no
2406,lived,no
2407,lived,no
2408,lived,no
2409,lived,no
2410,lived,no
2411,lived,no
2412,lived,no
2413,lived,no
2414,lived,no
2415,lived,no
2416,lived,no
2417,lived,no
2418,lived,no
2419,lived,no
2420,lived,no
2421,lived,no
2422,lived,no
2423,lived,no
2424,lived,no
2425,lived,no
2426,lived,no
2427,lived,no
2428,lived,no
2429,lived,no
2430,lived,no
2431,lived,no
2432,lived,no
2433,lived,no
2434,lived,no
2435,lived,no
2436,lived,no
2437,lived,no
2438,lived,no
2439,lived,no
2440,lived,no
2441,lived,no
2442,lived,no
2443,lived,no
2444,lived,no
2445,lived,no
2446,lived,no
2447,lived,no
2448,lived,no
2449,lived,no
2450,lived,no
2451,lived,no
2452,lived,no
2453,lived,no
2454,lived,no
2455,lived,no
2456,lived,no
2457,lived,no
2458,lived,no
2459,lived,no
2460,lived,no
2461,lived,no
2462,lived,no
2463,lived,no
2464,lived,no
2465,lived,no
2466,lived,no
2467,lived,no
2468,lived,no
2469,lived,no
2470,lived,no
2471,lived,no
2472,lived,no
2473,lived,no
2474,lived,no
2475,lived,no
2476,lived,no
2477,lived,no
2478,lived,no
2479,lived,no
2480,lived,no
2481,lived,no
2482,lived,no
2483,lived,no
2484,lived,no
2485,lived,no
2486,lived,no
2487,lived,no
2488,lived,no
2489,lived,no
2490,lived,no
2491,lived,no
2492,lived,no
2493,lived,no
2494,lived,no
2495,lived,no
2496,lived,no
2497,lived,no
2498,lived,no
2499,lived,no
2500,lived,no
2501,lived,no
2502,lived,no
2503,lived,no
2504,lived,no
2505,lived,no
2506,lived,no
2507,lived,no
2508,lived,no
2509,lived,no
2510,lived,no
2511,lived,no
2512,lived,no
2513,lived,no
2514,lived,no
2515,lived,no
2516,lived,no
2517,lived,no
2518,lived,no
2519,lived,no
2520,lived,no
2521,lived,no
2522,lived,no
2523,lived,no
2524,lived,no
2525,lived,no
2526,lived,no
2527,lived,no
2528,lived,no
2529,lived,no
2530,lived,no
2531,lived,no
2532,lived,no
2533,lived,no
2534,lived,no
2535,lived,no
2536,lived,no
2537,lived,no
2538,lived,no
2539,lived,no
2540,lived,no
2541,lived,no
2542,lived,no
2543,lived,no
2544,lived,no
2545,lived,no
2546,lived,no
2547,lived,no
2548,lived,no
2549,lived,no
2550,lived,no
2551,lived,no
2552,lived,no
2553,lived,no
2554,lived,no
2555,lived,no
2556,lived,no
2557,lived,no
2558,lived,no
2559,lived,no
2560,lived,no
2561,lived,no
2562,lived,no
2563,lived,no
2564,lived,no
2565,lived,no
2566,lived,no
2567,lived,no
2568,lived,no
2569,lived,no
2570,lived,no
2571,lived,no
2572,lived,no
2573,lived,no
2574,lived,no
2575,lived,no
2576,lived,no
2577,lived,no
2578,lived,no
2579,lived,no
2580,lived,no
2581,lived,no
2582,lived,no
2583,lived,no
2584,lived,no
2585,lived,no
2586,lived,no
2587,lived,no
2588,lived,no
2589,lived,no
2590,lived,no
2591,lived,no
2592,lived,no
2593,lived,no
2594,lived,no
2595,lived,no
2596,lived,no
2597,lived,no
2598,lived,no
2599,lived,no
2600,lived,no
2601,lived,no
2602,lived,no
2603,lived,no
2604,lived,no
2605,lived,no
2606,lived,no
2607,lived,no
2608,lived,no
2609,lived,no
2610,lived,no
2611,lived,no
2612,lived,no
2613,lived,no
2614,lived,no
2615,lived,no
2616,lived,no
2617,lived,no
2618,lived,no
2619,lived,no
2620,lived,no
2621,lived,no
2622,lived,no
2623,lived,no
2624,lived,no
2625,lived,no
2626,lived,no
2627,lived,no
2628,lived,no
2629,lived,no
2630,lived,no
2631,lived,no
2632,lived,no
2633,lived,no
2634,lived,no
2635,lived,no
2636,lived,no
2637,lived,no
2638,lived,no
2639,lived,no
2640,lived,no
2641,lived,no
2642,lived,no
2643,lived,no
2644,lived,no
2645,lived,no
2646,lived,no
2647,lived,no
2648,lived,no
2649,lived,no
2650,lived,no
2651,lived,no
2652,lived,no
2653,lived,no
2654,lived,no
2655,lived,no
2656,lived,no
2657,lived,no
2658,lived,no
2659,lived,no
2660,lived,no
2661,lived,no
2662,lived,no
2663,lived,no
2664,lived,no
2665,lived,no
2666,lived,no
2667,lived,no
2668,lived,no
2669,lived,no
2670,lived,no
2671,lived,no
2672,lived,no
2673,lived,no
2674,lived,no
2675,lived,no
2676,lived,no
2677,lived,no
2678,lived,no
2679,lived,no
2680,lived,no
2681,lived,no
2682,lived,no
2683,lived,no
2684,lived,no
2685,lived,no
2686,lived,no
2687,lived,no
2688,lived,no
2689,lived,no
2690,lived,no
2691,lived,no
2692,lived,no
2693,lived,no
2694,lived,no
2695,lived,no
2696,lived,no
2697,lived,no
2698,lived,no
2699,lived,no
2700,lived,no
2701,lived,no
2702,lived,no
2703,lived,no
2704,lived,no
2705,lived,no
2706,lived,no
2707,lived,no
2708,lived,no
2709,lived,no
2710,lived,no
2711,lived,no
2712,lived,no
2713,lived,no
2714,lived,no
2715,lived,no
2716,lived,no
2717,lived,no
2718,lived,no
2719,lived,no
2720,lived,no
2721,lived,no
2722,lived,no
2723,lived,no
2724,lived,no
2725,lived,no
2726,lived,no
2727,lived,no
2728,lived,no
2729,lived,no
2730,lived,no
2731,lived,no
2732,lived,no
2733,lived,no
2734,lived,no
2735,lived,no
2736,lived,no
2737,lived,no
2738,lived,no
2739,lived,no
2740,lived,no
2741,lived,no
2742,lived,no
2743,lived,no
2744,lived,no
2745,lived,no
2746,lived,no
2747,lived,no
2748,lived,no
2749,lived,no
2750,lived,no
2751,lived,no
2752,lived,no
2753,lived,no
2754,lived,no
2755,lived,no
2756,lived,no
2757,lived,no
2758,lived,no
2759,lived,no
2760,lived,no
2761,lived,no
2762,lived,no
2763,lived,no
2764,lived,no
2765,lived,no
2766,lived,no
2767,lived,no
2768,lived,no
2769,lived,no
2770,lived,no
2771,lived,no
2772,lived,no
2773,lived,no
2774,lived,no
2775,lived,no
2776,lived,no
2777,lived,no
2778,lived,no
2779,lived,no
2780,lived,no
2781,lived,no
2782,lived,no
2783,lived,no
2784,lived,no
2785,lived,no
2786,lived,no
2787,lived,no
2788,lived,no
2789,lived,no
2790,lived,no
2791,lived,no
2792,lived,no
2793,lived,no
2794,lived,no
2795,lived,no
2796,lived,no
2797,lived,no
2798,lived,no
2799,lived,no
2800,lived,no
2801,lived,no
2802,lived,no
2803,lived,no
2804,lived,no
2805,lived,no
2806,lived,no
2807,lived,no
2808,lived,no
2809,lived,no
2810,lived,no
2811,lived,no
2812,lived,no
2813,lived,no
2814,lived,no
2815,lived,no
2816,lived,no
2817,lived,no
2818,lived,no
2819,lived,no
2820,lived,no
2821,lived,no
2822,lived,no
2823,lived,no
2824,lived,no
2825,lived,no
2826,lived,no
2827,lived,no
2828,lived,no
2829,lived,no
2830,lived,no
2831,lived,no
2832,lived,no
2833,lived,no
2834,lived,no
2835,lived,no
2836,lived,no
2837,lived,no
2838,lived,no
2839,lived,no
2840,lived,no
2841,lived,no
2842,lived,no
2843,lived,no
2844,lived,no
2845,lived,no
2846,lived,no
2847,lived,no
2848,lived,no
2849,lived,no
2850,lived,no
2851,lived,no
2852,lived,no
2853,lived,no
2854,lived,no
2855,lived,no
2856,lived,no
2857,lived,no
2858,lived,no
2859,lived,no
2860,lived,no
2861,lived,no
2862,lived,no
2863,lived,no
2864,lived,no
2865,lived,no
2866,lived,no
2867,lived,no
2868,lived,no
2869,lived,no
2870,lived,no
2871,lived,no
2872,lived,no
2873,lived,no
2874,lived,no
2875,lived,no
2876,lived,no
2877,lived,no
2878,lived,no
2879,lived,no
2880,lived,no
2881,lived,no
2882,lived,no
2883,lived,no
2884,lived,no
2885,lived,no
2886,lived,no
2887,lived,no
2888,lived,no
2889,lived,no
2890,lived,no
2891,lived,no
2892,lived,no
2893,lived,no
2894,lived,no
2895,lived,no
2896,lived,no
2897,lived,no
2898,lived,no
2899,lived,no
2900,lived,no
2901,lived,no
2902,lived,no
2903,lived,no
2904,lived,no
2905,lived,no
2906,lived,no
2907,lived,no
2908,lived,no
2909,lived,no
2910,lived,no
2911,lived,no
2912,lived,no
2913,lived,no
2914,lived,no
2915,lived,no
2916,lived,no
2917,lived,no
2918,lived,no
2919,lived,no
2920,lived,no
2921,lived,no
2922,lived,no
2923,lived,no
2924,lived,no
2925,lived,no
2926,lived,no
2927,lived,no
2928,lived,no
2929,lived,no
2930,lived,no
2931,lived,no
2932,lived,no
2933,lived,no
2934,lived,no
2935,lived,no
2936,lived,no
2937,lived,no
2938,lived,no
2939,lived,no
2940,lived,no
2941,lived,no
2942,lived,no
2943,lived,no
2944,lived,no
2945,lived,no
2946,lived,no
2947,lived,no
2948,lived,no
2949,lived,no
2950,lived,no
2951,lived,no
2952,lived,no
2953,lived,no
2954,lived,no
2955,lived,no
2956,lived,no
2957,lived,no
2958,lived,no
2959,lived,no
2960,lived,no
2961,lived,no
2962,lived,no
2963,lived,no
2964,lived,no
2965,lived,no
2966,lived,no
2967,lived,no
2968,lived,no
2969,lived,no
2970,lived,no
2971,lived,no
2972,lived,no
2973,lived,no
2974,lived,no
2975,lived,no
2976,lived,no
2977,lived,no
2978,lived,no
2979,lived,no
2980,lived,no
2981,lived,no
2982,lived,no
2983,lived,no
2984,lived,no
2985,lived,no
2986,lived,no
2987,lived,no
2988,lived,no
2989,lived,no
2990,lived,no
2991,lived,no
2992,lived,no
2993,lived,no
2994,lived,no
2995,lived,no
2996,lived,no
2997,lived,no
2998,lived,no
2999,lived,no
3000,lived,no
3001,lived,no
3002,lived,no
3003,lived,no
3004,lived,no
3005,lived,no
3006,lived,no
3007,lived,no
3008,lived,no
3009,lived,no
3010,lived,no
3011,lived,no
3012,lived,no
3013,lived,no
3014,lived,no
3015,lived,no
3016,lived,no
3017,lived,no
3018,lived,no
3019,lived,no
3020,lived,no
3021,lived,no
3022,lived,no
3023,lived,no
3024,lived,no
3025,lived,no
3026,lived,no
3027,lived,no
3028,lived,no
3029,lived,no
3030,lived,no
3031,lived,no
3032,lived,no
3033,lived,no
3034,lived,no
3035,lived,no
3036,lived,no
3037,lived,no
3038,lived,no
3039,lived,no
3040,lived,no
3041,lived,no
3042,lived,no
3043,lived,no
3044,lived,no
3045,lived,no
3046,lived,no
3047,lived,no
3048,lived,no
3049,lived,no
3050,lived,no
3051,lived,no
3052,lived,no
3053,lived,no
3054,lived,no
3055,lived,no
3056,lived,no
3057,lived,no
3058,lived,no
3059,lived,no
3060,lived,no
3061,lived,no
3062,lived,no
3063,lived,no
3064,lived,no
3065,lived,no
3066,lived,no
3067,lived,no
3068,lived,no
3069,lived,no
3070,lived,no
3071,lived,no
3072,lived,no
3073,lived,no
3074,lived,no
3075,lived,no
3076,lived,no
3077,lived,no
3078,lived,no
3079,lived,no
3080,lived,no
3081,lived,no
3082,lived,no
3083,lived,no
3084,lived,no
3085,lived,no
3086,lived,no
3087,lived,no
3088,lived,no
3089,lived,no
3090,lived,no
3091,lived,no
3092,lived,no
3093,lived,no
3094,lived,no
3095,lived,no
3096,lived,no
3097,lived,no
3098,lived,no
3099,lived,no
3100,lived,no
3101,lived,no
3102,lived,no
3103,lived,no
3104,lived,no
3105,lived,no
3106,lived,no
3107,lived,no
3108,lived,no
3109,lived,no
3110,lived,no
3111,lived,no
3112,lived,no
3113,lived,no
3114,lived,no
3115,lived,no
3116,lived,no
3117,lived,no
3118,lived,no
3119,lived,no
3120,lived,no
3121,lived,no
3122,lived,no
3123,lived,no
3124,lived,no
3125,lived,no
3126,lived,no
3127,lived,no
3128,lived,no
3129,lived,no
3130,lived,no
3131,lived,no
3132,lived,no
3133,lived,no
3134,lived,no
3135,lived,no
3136,lived,no
3137,lived,no
3138,lived,no
3139,lived,no
3140,lived,no
3141,lived,no
3142,lived,no
3143,lived,no
3144,lived,no
3145,lived,no
3146,lived,no
3147,lived,no
3148,lived,no
3149,lived,no
3150,lived,no
3151,lived,no
3152,lived,no
3153,lived,no
3154,lived,no
3155,lived,no
3156,lived,no
3157,lived,no
3158,lived,no
3159,lived,no
3160,lived,no
3161,lived,no
3162,lived,no
3163,lived,no
3164,lived,no
3165,lived,no
3166,lived,no
3167,lived,no
3168,lived,no
3169,lived,no
3170,lived,no
3171,lived,no
3172,lived,no
3173,lived,no
3174,lived,no
3175,lived,no
3176,lived,no
3177,lived,no
3178,lived,no
3179,lived,no
3180,lived,no
3181,lived,no
3182,lived,no
3183,lived,no
3184,lived,no
3185,lived,no
3186,lived,no
3187,lived,no
3188,lived,no
3189,lived,no
3190,lived,no
3191,lived,no
3192,lived,no
3193,lived,no
3194,lived,no
3195,lived,no
3196,lived,no
3197,lived,no
3198,lived,no
3199,lived,no
3200,lived,no
3201,lived,no
3202,lived,no
3203,lived,no
3204,lived,no
3205,lived,no
3206,lived,no
3207,lived,no
3208,lived,no
3209,lived,no
3210,lived,no
3211,lived,no
3212,lived,no
3213,lived,no
3214,lived,no
3215,lived,no
3216,lived,no
3217,lived,no
3218,lived,no
3219,lived,no
3220,lived,no
3221,lived,no
3222,lived,no
3223,lived,no
3224,lived,no
3225,lived,no
3226,lived,no
3227,lived,no
3228,lived,no
3229,lived,no
3230,lived,no
3231,lived,no
3232,lived,no
3233,lived,no
3234,lived,no
3235,lived,no
3236,lived,no
3237,lived,no
3238,lived,no
3239,lived,no
3240,lived,no
3241,lived,no
3242,lived,no
3243,lived,no
3244,lived,no
3245,lived,no
3246,lived,no
3247,lived,no
3248,lived,no
3249,lived,no
3250,lived,no
3251,lived,no
3252,lived,no
3253,lived,no
3254,lived,no
3255,lived,no
3256,lived,no
3257,lived,no
3258,lived,no
3259,lived,no
3260,lived,no
3261,lived,no
3262,lived,no
3263,lived,no
3264,lived,no
3265,lived,no
3266,lived,no
3267,lived,no
3268,lived,no
3269,lived,no
3270,lived,no
3271,lived,no
3272,lived,no
3273,lived,no
3274,lived,no
3275,lived,no
3276,lived,no
3277,lived,no
3278,lived,no
3279,lived,no
3280,lived,no
3281,lived,no
3282,lived,no
3283,lived,no
3284,lived,no
3285,lived,no
3286,lived,no
3287,lived,no
3288,lived,no
3289,lived,no
3290,lived,no
3291,lived,no
3292,lived,no
3293,lived,no
3294,lived,no
3295,lived,no
3296,lived,no
3297,lived,no
3298,lived,no
3299,lived,no
3300,lived,no
3301,lived,no
3302,lived,no
3303,lived,no
3304,lived,no
3305,lived,no
3306,lived,no
3307,lived,no
3308,lived,no
3309,lived,no
3310,lived,no
3311,lived,no
3312,lived,no
3313,lived,no
3314,lived,no
3315,lived,no
3316,lived,no
3317,lived,no
3318,lived,no
3319,lived,no
3320,lived,no
3321,lived,no
3322,lived,no
3323,lived,no
3324,lived,no
3325,lived,no
3326,lived,no
3327,lived,no
3328,lived,no
3329,lived,no
3330,lived,no
3331,lived,no
3332,lived,no
3333,lived,no
3334,lived,no
3335,lived,no
3336,lived,no
3337,lived,no
3338,lived,no
3339,lived,no
3340,lived,no
3341,lived,no
3342,lived,no
3343,lived,no
3344,lived,no
3345,lived,no
3346,lived,no
3347,lived,no
3348,lived,no
3349,lived,no
3350,lived,no
3351,lived,no
3352,lived,no
3353,lived,no
3354,lived,no
3355,lived,no
3356,lived,no
3357,lived,no
3358,lived,no
3359,lived,no
3360,lived,no
3361,lived,no
3362,lived,no
3363,lived,no
3364,lived,no
3365,lived,no
3366,lived,no
3367,lived,no
3368,lived,no
3369,lived,no
3370,lived,no
3371,lived,no
3372,lived,no
3373,lived,no
3374,lived,no
3375,lived,no
3376,lived,no
3377,lived,no
3378,lived,no
3379,lived,no
3380,lived,no
3381,lived,no
3382,lived,no
3383,lived,no
3384,lived,no
3385,lived,no
3386,lived,no
3387,lived,no
3388,lived,no
3389,lived,no
3390,lived,no
3391,lived,no
3392,lived,no
3393,lived,no
3394,lived,no
3395,lived,no
3396,lived,no
3397,lived,no
3398,lived,no
3399,lived,no
3400,lived,no
3401,lived,no
3402,lived,no
3403,lived,no
3404,lived,no
3405,lived,no
3406,lived,no
3407,lived,no
3408,lived,no
3409,lived,no
3410,lived,no
3411,lived,no
3412,lived,no
3413,lived,no
3414,lived,no
3415,lived,no
3416,lived,no
3417,lived,no
3418,lived,no
3419,lived,no
3420,lived,no
3421,lived,no
3422,lived,no
3423,lived,no
3424,lived,no
3425,lived,no
3426,lived,no
3427,lived,no
3428,lived,no
3429,lived,no
3430,lived,no
3431,lived,no
3432,lived,no
3433,lived,no
3434,lived,no
3435,lived,no
3436,lived,no
3437,lived,no
3438,lived,no
3439,lived,no
3440,lived,no
3441,lived,no
3442,lived,no
3443,lived,no
3444,lived,no
3445,lived,no
3446,lived,no
3447,lived,no
3448,lived,no
3449,lived,no
3450,lived,no
3451,lived,no
3452,lived,no
3453,lived,no
3454,lived,no
3455,lived,no
3456,lived,no
3457,lived,no
3458,lived,no
3459,lived,no
3460,lived,no
3461,lived,no
3462,lived,no
3463,lived,no
3464,lived,no
3465,lived,no
3466,lived,no
3467,lived,no
3468,lived,no
3469,lived,no
3470,lived,no
3471,lived,no
3472,lived,no
3473,lived,no
3474,lived,no
3475,lived,no
3476,lived,no
3477,lived,no
3478,lived,no
3479,lived,no
3480,lived,no
3481,lived,no
3482,lived,no
3483,lived,no
3484,lived,no
3485,lived,no
3486,lived,no
3487,lived,no
3488,lived,no
3489,lived,no
3490,lived,no
3491,lived,no
3492,lived,no
3493,lived,no
3494,lived,no
3495,lived,no
3496,lived,no
3497,lived,no
3498,lived,no
3499,lived,no
3500,lived,no
3501,lived,no
3502,lived,no
3503,lived,no
3504,lived,no
3505,lived,no
3506,lived,no
3507,lived,no
3508,lived,no
3509,lived,no
3510,lived,no
3511,lived,no
3512,lived,no
3513,lived,no
3514,lived,no
3515,lived,no
3516,lived,no
3517,lived,no
3518,lived,no
3519,lived,no
3520,lived,no
3521,lived,no
3522,lived,no
3523,lived,no
3524,lived,no
3525,lived,no
3526,lived,no
3527,lived,no
3528,lived,no
3529,lived,no
3530,lived,no
3531,lived,no
3532,lived,no
3533,lived,no
3534,lived,no
3535,lived,no
3536,lived,no
3537,lived,no
3538,lived,no
3539,lived,no
3540,lived,no
3541,lived,no
3542,lived,no
3543,lived,no
3544,lived,no
3545,lived,no
3546,lived,no
3547,lived,no
3548,lived,no
3549,lived,no
3550,lived,no
3551,lived,no
3552,lived,no
3553,lived,no
3554,lived,no
3555,lived,no
3556,lived,no
3557,lived,no
3558,lived,no
3559,lived,no
3560,lived,no
3561,lived,no
3562,lived,no
3563,lived,no
3564,lived,no
3565,lived,no
3566,lived,no
3567,lived,no
3568,lived,no
3569,lived,no
3570,lived,no
3571,lived,no
3572,lived,no
3573,lived,no
3574,lived,no
3575,lived,no
3576,lived,no
3577,lived,no
3578,lived,no
3579,lived,no
3580,lived,no
3581,lived,no
3582,lived,no
3583,lived,no
3584,lived,no
3585,lived,no
3586,lived,no
3587,lived,no
3588,lived,no
3589,lived,no
3590,lived,no
3591,lived,no
3592,lived,no
3593,lived,no
3594,lived,no
3595,lived,no
3596,lived,no
3597,lived,no
3598,lived,no
3599,lived,no
3600,lived,no
3601,lived,no
3602,lived,no
3603,lived,no
3604,lived,no
3605,lived,no
3606,lived,no
3607,lived,no
3608,lived,no
3609,lived,no
3610,lived,no
3611,lived,no
3612,lived,no
3613,lived,no
3614,lived,no
3615,lived,no
3616,lived,no
3617,lived,no
3618,lived,no
3619,lived,no
3620,lived,no
3621,lived,no
3622,lived,no
3623,lived,no
3624,lived,no
3625,lived,no
3626,lived,no
3627,lived,no
3628,lived,no
3629,lived,no
3630,lived,no
3631,lived,no
3632,lived,no
3633,lived,no
3634,lived,no
3635,lived,no
3636,lived,no
3637,lived,no
3638,lived,no
3639,lived,no
3640,lived,no
3641,lived,no
3642,lived,no
3643,lived,no
3644,lived,no
3645,lived,no
3646,lived,no
3647,lived,no
3648,lived,no
3649,lived,no
3650,lived,no
3651,lived,no
3652,lived,no
3653,lived,no
3654,lived,no
3655,lived,no
3656,lived,no
3657,lived,no
3658,lived,no
3659,lived,no
3660,lived,no
3661,lived,no
3662,lived,no
3663,lived,no
3664,lived,no
3665,lived,no
3666,lived,no
3667,lived,no
3668,lived,no
3669,lived,no
3670,lived,no
3671,lived,no
3672,lived,no
3673,lived,no
3674,lived,no
3675,lived,no
3676,lived,no
3677,lived,no
3678,lived,no
3679,lived,no
3680,lived,no
3681,lived,no
3682,lived,no
3683,lived,no
3684,lived,no
3685,lived,no
3686,lived,no
3687,lived,no
3688,lived,no
3689,lived,no
3690,lived,no
3691,lived,no
3692,lived,no
3693,lived,no
3694,lived,no
3695,lived,no
3696,lived,no
3697,lived,no
3698,lived,no
3699,lived,no
3700,lived,no
3701,lived,no
3702,lived,no
3703,lived,no
3704,lived,no
3705,lived,no
3706,lived,no
3707,lived,no
3708,lived,no
3709,lived,no
3710,lived,no
3711,lived,no
3712,lived,no
3713,lived,no
3714,lived,no
3715,lived,no
3716,lived,no
3717,lived,no
3718,lived,no
3719,lived,no
3720,lived,no
3721,lived,no
3722,lived,no
3723,lived,no
3724,lived,no
3725,lived,no
3726,lived,no
3727,lived,no
3728,lived,no
3729,lived,no
3730,lived,no
3731,lived,no
3732,lived,no
3733,lived,no
3734,lived,no
3735,lived,no
3736,lived,no
3737,lived,no
3738,lived,no
3739,lived,no
3740,lived,no
3741,lived,no
3742,lived,no
3743,lived,no
3744,lived,no
3745,lived,no
3746,lived,no
3747,lived,no
3748,lived,no
3749,lived,no
3750,lived,no
3751,lived,no
3752,lived,no
3753,lived,no
3754,lived,no
3755,lived,no
3756,lived,no
3757,lived,no
3758,lived,no
3759,lived,no
3760,lived,no
3761,lived,no
3762,lived,no
3763,lived,no
3764,lived,no
3765,lived,no
3766,lived,no
3767,lived,no
3768,lived,no
3769,lived,no
3770,lived,no
3771,lived,no
3772,lived,no
3773,lived,no
3774,lived,no
3775,lived,no
3776,lived,no
3777,lived,no
3778,lived,no
3779,lived,no
3780,lived,no
3781,lived,no
3782,lived,no
3783,lived,no
3784,lived,no
3785,lived,no
3786,lived,no
3787,lived,no
3788,lived,no
3789,lived,no
3790,lived,no
3791,lived,no
3792,lived,no
3793,lived,no
3794,lived,no
3795,lived,no
3796,lived,no
3797,lived,no
3798,lived,no
3799,lived,no
3800,lived,no
3801,lived,no
3802,lived,no
3803,lived,no
3804,lived,no
3805,lived,no
3806,lived,no
3807,lived,no
3808,lived,no
3809,lived,no
3810,lived,no
3811,lived,no
3812,lived,no
3813,lived,no
3814,lived,no
3815,lived,no
3816,lived,no
3817,lived,no
3818,lived,no
3819,lived,no
3820,lived,no
3821,lived,no
3822,lived,no
3823,lived,no
3824,lived,no
3825,lived,no
3826,lived,no
3827,lived,no
3828,lived,no
3829,lived,no
3830,lived,no
3831,lived,no
3832,lived,no
3833,lived,no
3834,lived,no
3835,lived,no
3836,lived,no
3837,lived,no
3838,lived,no
3839,lived,no
3840,lived,no
3841,lived,no
3842,lived,no
3843,lived,no
3844,lived,no
3845,lived,no
3846,lived,no
3847,lived,no
3848,lived,no
3849,lived,no
3850,lived,no
3851,lived,no
3852,lived,no
3853,lived,no
3854,lived,no
3855,lived,no
3856,lived,no
3857,lived,no
3858,lived,no
3859,lived,no
3860,lived,no
3861,lived,no
3862,lived,no
3863,lived,no
3864,lived,no
3865,lived,no
3866,lived,no
3867,lived,no
3868,lived,no
3869,lived,no
3870,lived,no
3871,lived,no
3872,lived,no
3873,lived,no
3874,lived,no
3875,lived,no
3876,lived,no
3877,lived,no
3878,lived,no
3879,lived,no
3880,lived,no
3881,lived,no
3882,lived,no
3883,lived,no
3884,lived,no
3885,lived,no
3886,lived,no
3887,lived,no
3888,lived,no
3889,lived,no
3890,lived,no
3891,lived,no
3892,lived,no
3893,lived,no
3894,lived,no
3895,lived,no
3896,lived,no
3897,lived,no
3898,lived,no
3899,lived,no
3900,lived,no
3901,lived,no
3902,lived,no
3903,lived,no
3904,lived,no
3905,lived,no
3906,lived,no
3907,lived,no
3908,lived,no
3909,lived,no
3910,lived,no
3911,lived,no
3912,lived,no
3913,lived,no
3914,lived,no
3915,lived,no
3916,lived,no
3917,lived,no
3918,lived,no
3919,lived,no
3920,lived,no
3921,lived,no
3922,lived,no
3923,lived,no
3924,lived,no
3925,lived,no
3926,lived,no
3927,lived,no
3928,lived,no
3929,lived,no
3930,lived,no
3931,lived,no
3932,lived,no
3933,lived,no
3934,lived,no
3935,lived,no
3936,lived,no
3937,lived,no
3938,lived,no
3939,lived,no
3940,lived,no
3941,lived,no
3942,lived,no
3943,lived,no
3944,lived,no
3945,lived,no
3946,lived,no
3947,lived,no
3948,lived,no
3949,lived,no
3950,lived,no
3951,lived,no
3952,lived,no
3953,lived,no
3954,lived,no
3955,lived,no
3956,lived,no
3957,lived,no
3958,lived,no
3959,lived,no
3960,lived,no
3961,lived,no
3962,lived,no
3963,lived,no
3964,lived,no
3965,lived,no
3966,lived,no
3967,lived,no
3968,lived,no
3969,lived,no
3970,lived,no
3971,lived,no
3972,lived,no
3973,lived,no
3974,lived,no
3975,lived,no
3976,lived,no
3977,lived,no
3978,lived,no
3979,lived,no
3980,lived,no
3981,lived,no
3982,lived,no
3983,lived,no
3984,lived,no
3985,lived,no
3986,lived,no
3987,lived,no
3988,lived,no
3989,lived,no
3990,lived,no
3991,lived,no
3992,lived,no
3993,lived,no
3994,lived,no
3995,lived,no
3996,lived,no
3997,lived,no
3998,lived,no
3999,lived,no
4000,lived,no
4001,lived,no
4002,lived,no
4003,lived,no
4004,lived,no
4005,lived,no
4006,lived,no
4007,lived,no
4008,lived,no
4009,lived,no
4010,lived,no
4011,lived,no
4012,lived,no
4013,lived,no
4014,lived,no
4015,lived,no
4016,lived,no
4017,lived,no
4018,lived,no
4019,lived,no
4020,lived,no
4021,lived,no
4022,lived,no
4023,lived,no
4024,lived,no
4025,lived,no
4026,lived,no
4027,lived,no
4028,lived,no
4029,lived,no
4030,lived,no
4031,lived,no
4032,lived,no
4033,lived,no
4034,lived,no
4035,lived,no
4036,lived,no
4037,lived,no
4038,lived,no
4039,lived,no
4040,lived,no
4041,lived,no
4042,lived,no
4043,lived,no
4044,lived,no
4045,lived,no
4046,lived,no
4047,lived,no
4048,lived,no
4049,lived,no
4050,lived,no
4051,lived,no
4052,lived,no
4053,lived,no
4054,lived,no
4055,lived,no
4056,lived,no
4057,lived,no
4058,lived,no
4059,lived,no
4060,lived,no
4061,lived,no
4062,lived,no
4063,lived,no
4064,lived,no
4065,lived,no
4066,lived,no
4067,lived,no
4068,lived,no
4069,lived,no
4070,lived,no
4071,lived,no
4072,lived,no
4073,lived,no
4074,lived,no
4075,lived,no
4076,lived,no
4077,lived,no
4078,lived,no
4079,lived,no
4080,lived,no
4081,lived,no
4082,lived,no
4083,lived,no
4084,lived,no
4085,lived,no
4086,lived,no
4087,lived,no
4088,lived,no
4089,lived,no
4090,lived,no
4091,lived,no
4092,lived,no
4093,lived,no
4094,lived,no
4095,lived,no
4096,lived,no
4097,lived,no
4098,lived,no
4099,lived,no
4100,lived,no
4101,lived,no
4102,lived,no
4103,lived,no
4104,lived,no
4105,lived,no
4106,lived,no
4107,lived,no
4108,lived,no
4109,lived,no
4110,lived,no
4111,lived,no
4112,lived,no
4113,lived,no
4114,lived,no
4115,lived,no
4116,lived,no
4117,lived,no
4118,lived,no
4119,lived,no
4120,lived,no
4121,lived,no
4122,lived,no
4123,lived,no
4124,lived,no
4125,lived,no
4126,lived,no
4127,lived,no
4128,lived,no
4129,lived,no
4130,lived,no
4131,lived,no
4132,lived,no
4133,lived,no
4134,lived,no
4135,lived,no
4136,lived,no
4137,lived,no
4138,lived,no
4139,lived,no
4140,lived,no
4141,lived,no
4142,lived,no
4143,lived,no
4144,lived,no
4145,lived,no
4146,lived,no
4147,lived,no
4148,lived,no
4149,lived,no
4150,lived,no
4151,lived,no
4152,lived,no
4153,lived,no
4154,lived,no
4155,lived,no
4156,lived,no
4157,lived,no
4158,lived,no
4159,lived,no
4160,lived,no
4161,lived,no
4162,lived,no
4163,lived,no
4164,lived,no
4165,lived,no
4166,lived,no
4167,lived,no
4168,lived,no
4169,lived,no
4170,lived,no
4171,lived,no
4172,lived,no
4173,lived,no
4174,lived,no
4175,lived,no
4176,lived,no
4177,lived,no
4178,lived,no
4179,lived,no
4180,lived,no
4181,lived,no
4182,lived,no
4183,lived,no
4184,lived,no
4185,lived,no
4186,lived,no
4187,lived,no
4188,lived,no
4189,lived,no
4190,lived,no
4191,lived,no
4192,lived,no
4193,lived,no
4194,lived,no
4195,lived,no
4196,lived,no
4197,lived,no
4198,lived,no
4199,lived,no
4200,lived,no
4201,lived,no
4202,lived,no
4203,lived,no
4204,lived,no
4205,lived,no
4206,lived,no
4207,lived,no
4208,lived,no
4209,lived,no
4210,lived,no
4211,lived,no
4212,lived,no
4213,lived,no
4214,lived,no
4215,lived,no
4216,lived,no
4217,lived,no
4218,lived,no
4219,lived,no
4220,lived,no
4221,lived,no
4222,lived,no
4223,lived,no
4224,lived,no
4225,lived,no
4226,lived,no
4227,lived,no
4228,lived,no
4229,lived,no
4230,lived,no
4231,lived,no
4232,lived,no
4233,lived,no
4234,lived,no
4235,lived,no
4236,lived,no
4237,lived,no
4238,lived,no
4239,lived,no
4240,lived,no
4241,lived,no
4242,lived,no
4243,lived,no
4244,lived,no
4245,lived,no
4246,lived,no
4247,lived,no
4248,lived,no
4249,lived,no
4250,lived,no
4251,lived,no
4252,lived,no
4253,lived,no
4254,lived,no
4255,lived,no
4256,lived,no
4257,lived,no
4258,lived,no
4259,lived,no
4260,lived,no
4261,lived,no
4262,lived,no
4263,lived,no
4264,lived,no
4265,lived,no
4266,lived,no
4267,lived,no
4268,lived,no
4269,lived,no
4270,lived,no
4271,lived,no
4272,lived,no
4273,lived,no
4274,lived,no
4275,lived,no
4276,lived,no
4277,lived,no
4278,lived,no
4279,lived,no
4280,lived,no
4281,lived,no
4282,lived,no
4283,lived,no
4284,lived,no
4285,lived,no
4286,lived,no
4287,lived,no
4288,lived,no
4289,lived,no
4290,lived,no
4291,lived,no
4292,lived,no
4293,lived,no
4294,lived,no
4295,lived,no
4296,lived,no
4297,lived,no
4298,lived,no
4299,lived,no
4300,lived,no
4301,lived,no
4302,lived,no
4303,lived,no
4304,lived,no
4305,lived,no
4306,lived,no
4307,lived,no
4308,lived,no
4309,lived,no
4310,lived,no
4311,lived,no
4312,lived,no
4313,lived,no
4314,lived,no
4315,lived,no
4316,lived,no
4317,lived,no
4318,lived,no
4319,lived,no
4320,lived,no
4321,lived,no
4322,lived,no
4323,lived,no
4324,lived,no
4325,lived,no
4326,lived,no
4327,lived,no
4328,lived,no
4329,lived,no
4330,lived,no
4331,lived,no
4332,lived,no
4333,lived,no
4334,lived,no
4335,lived,no
4336,lived,no
4337,lived,no
4338,lived,no
4339,lived,no
4340,lived,no
4341,lived,no
4342,lived,no
4343,lived,no
4344,lived,no
4345,lived,no
4346,lived,no
4347,lived,no
4348,lived,no
4349,lived,no
4350,lived,no
4351,lived,no
4352,lived,no
4353,lived,no
4354,lived,no
4355,lived,no
4356,lived,no
4357,lived,no
4358,lived,no
4359,lived,no
4360,lived,no
4361,lived,no
4362,lived,no
4363,lived,no
4364,lived,no
4365,lived,no
4366,lived,no
4367,lived,no
4368,lived,no
4369,lived,no
4370,lived,no
4371,lived,no
4372,lived,no
4373,lived,no
4374,lived,no
4375,lived,no
4376,lived,no
4377,lived,no
4378,lived,no
4379,lived,no
4380,lived,no
4381,lived,no
4382,lived,no
4383,lived,no
4384,lived,no
4385,lived,no
4386,lived,no
4387,lived,no
4388,lived,no
4389,lived,no
4390,lived,no
4391,lived,no
4392,lived,no
4393,lived,no
4394,lived,no
4395,lived,no
4396,lived,no
4397,lived,no
4398,lived,no
4399,lived,no
4400,lived,no
4401,lived,no
4402,lived,no
4403,lived,no
4404,lived,no
4405,lived,no
4406,lived,no
4407,lived,no
4408,lived,no
4409,lived,no
4410,lived,no
4411,lived,no
4412,lived,no
4413,lived,no
4414,lived,no
4415,lived,no
4416,lived,no
4417,lived,no
4418,lived,no
4419,lived,no
4420,lived,no
4421,lived,no
4422,lived,no
4423,lived,no
4424,lived,no
4425,lived,no
4426,lived,no
4427,lived,no
4428,lived,no
4429,lived,no
4430,lived,no
4431,lived,no
4432,lived,no
4433,lived,no
4434,lived,no
4435,lived,no
4436,lived,no
4437,lived,no
4438,lived,no
4439,lived,no
4440,lived,no
4441,lived,no
4442,lived,no
4443,lived,no
4444,lived,no
4445,lived,no
4446,lived,no
4447,lived,no
4448,lived,no
4449,lived,no
4450,lived,no
4451,lived,no
4452,lived,no
4453,lived,no
4454,lived,no
4455,lived,no
4456,lived,no
4457,lived,no
4458,lived,no
4459,lived,no
4460,lived,no
4461,lived,no
4462,lived,no
4463,lived,no
4464,lived,no
4465,lived,no
4466,lived,no
4467,lived,no
4468,lived,no
4469,lived,no
4470,lived,no
4471,lived,no
4472,lived,no
4473,lived,no
4474,lived,no
4475,lived,no
4476,lived,no
4477,lived,no
4478,lived,no
4479,lived,no
4480,lived,no
4481,lived,no
4482,lived,no
4483,lived,no
4484,lived,no
4485,lived,no
4486,lived,no
4487,lived,no
4488,lived,no
4489,lived,no
4490,lived,no
4491,lived,no
4492,lived,no
4493,lived,no
4494,lived,no
4495,lived,no
4496,lived,no
4497,lived,no
4498,lived,no
4499,lived,no
4500,lived,no
4501,lived,no
4502,lived,no
4503,lived,no
4504,lived,no
4505,lived,no
4506,lived,no
4507,lived,no
4508,lived,no
4509,lived,no
4510,lived,no
4511,lived,no
4512,lived,no
4513,lived,no
4514,lived,no
4515,lived,no
4516,lived,no
4517,lived,no
4518,lived,no
4519,lived,no
4520,lived,no
4521,lived,no
4522,lived,no
4523,lived,no
4524,lived,no
4525,lived,no
4526,lived,no
4527,lived,no
4528,lived,no
4529,lived,no
4530,lived,no
4531,lived,no
4532,lived,no
4533,lived,no
4534,lived,no
4535,lived,no
4536,lived,no
4537,lived,no
4538,lived,no
4539,lived,no
4540,lived,no
4541,lived,no
4542,lived,no
4543,lived,no
4544,lived,no
4545,lived,no
4546,lived,no
4547,lived,no
4548,lived,no
4549,lived,no
4550,lived,no
4551,lived,no
4552,lived,no
4553,lived,no
4554,lived,no
4555,lived,no
4556,lived,no
4557,lived,no
4558,lived,no
4559,lived,no
4560,lived,no
4561,lived,no
4562,lived,no
4563,lived,no
4564,lived,no
4565,lived,no
4566,lived,no
4567,lived,no
4568,lived,no
4569,lived,no
4570,lived,no
4571,lived,no
4572,lived,no
4573,lived,no
4574,lived,no
4575,lived,no
4576,lived,no
4577,lived,no
4578,lived,no
4579,lived,no
4580,lived,no
4581,lived,no
4582,lived,no
4583,lived,no
4584,lived,no
4585,lived,no
4586,lived,no
4587,lived,no
4588,lived,no
4589,lived,no
4590,lived,no
4591,lived,no
4592,lived,no
4593,lived,no
4594,lived,no
4595,lived,no
4596,lived,no
4597,lived,no
4598,lived,no
4599,lived,no
4600,lived,no
4601,lived,no
4602,lived,no
4603,lived,no
4604,lived,no
4605,lived,no
4606,lived,no
4607,lived,no
4608,lived,no
4609,lived,no
4610,lived,no
4611,lived,no
4612,lived,no
4613,lived,no
4614,lived,no
4615,lived,no
4616,lived,no
4617,lived,no
4618,lived,no
4619,lived,no
4620,lived,no
4621,lived,no
4622,lived,no
4623,lived,no
4624,lived,no
4625,lived,no
4626,lived,no
4627,lived,no
4628,lived,no
4629,lived,no
4630,lived,no
4631,lived,no
4632,lived,no
4633,lived,no
4634,lived,no
4635,lived,no
4636,lived,no
4637,lived,no
4638,lived,no
4639,lived,no
4640,lived,no
4641,lived,no
4642,lived,no
4643,lived,no
4644,lived,no
4645,lived,no
4646,lived,no
4647,lived,no
4648,lived,no
4649,lived,no
4650,lived,no
4651,lived,no
4652,lived,no
4653,lived,no
4654,lived,no
4655,lived,no
4656,lived,no
4657,lived,no
4658,lived,no
4659,lived,no
4660,lived,no
4661,lived,no
4662,lived,no
4663,lived,no
4664,lived,no
4665,lived,no
4666,lived,no
4667,lived,no
4668,lived,no
4669,lived,no
4670,lived,no
4671,lived,no
4672,lived,no
4673,lived,no
4674,lived,no
4675,lived,no
4676,lived,no
4677,lived,no
4678,lived,no
4679,lived,no
4680,lived,no
4681,lived,no
4682,lived,no
4683,lived,no
4684,lived,no
4685,lived,no
4686,lived,no
4687,lived,no
4688,lived,no
4689,lived,no
4690,lived,no
4691,lived,no
4692,lived,no
4693,lived,no
4694,lived,no
4695,lived,no
4696,lived,no
4697,lived,no
4698,lived,no
4699,lived,no
4700,lived,no
4701,lived,no
4702,lived,no
4703,lived,no
4704,lived,no
4705,lived,no
4706,lived,no
4707,lived,no
4708,lived,no
4709,lived,no
4710,lived,no
4711,lived,no
4712,lived,no
4713,lived,no
4714,lived,no
4715,lived,no
4716,lived,no
4717,lived,no
4718,lived,no
4719,lived,no
4720,lived,no
4721,lived,no
4722,lived,no
4723,lived,no
4724,lived,no
4725,lived,no
4726,lived,no
4727,lived,no
4728,lived,no
4729,lived,no
4730,lived,no
4731,lived,no
4732,lived,no
4733,lived,no
4734,lived,no
4735,lived,no
4736,lived,no
4737,lived,no
4738,lived,no
4739,lived,no
4740,lived,no
4741,lived,no
4742,lived,no
4743,lived,no
4744,lived,no
4745,lived,no
4746,lived,no
4747,lived,no
4748,lived,no
4749,lived,no
4750,lived,no
4751,lived,no
4752,lived,no
4753,lived,no
4754,lived,no
4755,lived,no
4756,lived,no
4757,lived,no
4758,lived,no
4759,lived,no
4760,lived,no
4761,lived,no
4762,lived,no
4763,lived,no
4764,lived,no
4765,lived,no
4766,lived,no
4767,lived,no
4768,lived,no
4769,lived,no
4770,lived,no
4771,lived,no
4772,lived,no
4773,lived,no
4774,lived,no
4775,lived,no
4776,lived,no
4777,lived,no
4778,lived,no
4779,lived,no
4780,lived,no
4781,lived,no
4782,lived,no
4783,lived,no
4784,lived,no
4785,lived,no
4786,lived,no
4787,lived,no
4788,lived,no
4789,lived,no
4790,lived,no
4791,lived,no
4792,lived,no
4793,lived,no
4794,lived,no
4795,lived,no
4796,lived,no
4797,lived,no
4798,lived,no
4799,lived,no
4800,lived,no
4801,lived,no
4802,lived,no
4803,lived,no
4804,lived,no
4805,lived,no
4806,lived,no
4807,lived,no
4808,lived,no
4809,lived,no
4810,lived,no
4811,lived,no
4812,lived,no
4813,lived,no
4814,lived,no
4815,lived,no
4816,lived,no
4817,lived,no
4818,lived,no
4819,lived,no
4820,lived,no
4821,lived,no
4822,lived,no
4823,lived,no
4824,lived,no
4825,lived,no
4826,lived,no
4827,lived,no
4828,lived,no
4829,lived,no
4830,lived,no
4831,lived,no
4832,lived,no
4833,lived,no
4834,lived,no
4835,lived,no
4836,lived,no
4837,lived,no
4838,lived,no
4839,lived,no
4840,lived,no
4841,lived,no
4842,lived,no
4843,lived,no
4844,lived,no
4845,lived,no
4846,lived,no
4847,lived,no
4848,lived,no
4849,lived,no
4850,lived,no
4851,lived,no
4852,lived,no
4853,lived,no
4854,lived,no
4855,lived,no
4856,lived,no
4857,lived,no
4858,lived,no
4859,lived,no
4860,lived,no
4861,lived,no
4862,lived,no
4863,lived,no
4864,lived,no
4865,lived,no
4866,lived,no
4867,lived,no
4868,lived,no
4869,lived,no
4870,lived,no
4871,lived,no
4872,lived,no
4873,lived,no
4874,lived,no
4875,lived,no
4876,lived,no
4877,lived,no
4878,lived,no
4879,lived,no
4880,lived,no
4881,lived,no
4882,lived,no
4883,lived,no
4884,lived,no
4885,lived,no
4886,lived,no
4887,lived,no
4888,lived,no
4889,lived,no
4890,lived,no
4891,lived,no
4892,lived,no
4893,lived,no
4894,lived,no
4895,lived,no
4896,lived,no
4897,lived,no
4898,lived,no
4899,lived,no
4900,lived,no
4901,lived,no
4902,lived,no
4903,lived,no
4904,lived,no
4905,lived,no
4906,lived,no
4907,lived,no
4908,lived,no
4909,lived,no
4910,lived,no
4911,lived,no
4912,lived,no
4913,lived,no
4914,lived,no
4915,lived,no
4916,lived,no
4917,lived,no
4918,lived,no
4919,lived,no
4920,lived,no
4921,lived,no
4922,lived,no
4923,lived,no
4924,lived,no
4925,lived,no
4926,lived,no
4927,lived,no
4928,lived,no
4929,lived,no
4930,lived,no
4931,lived,no
4932,lived,no
4933,lived,no
4934,lived,no
4935,lived,no
4936,lived,no
4937,lived,no
4938,lived,no
4939,lived,no
4940,lived,no
4941,lived,no
4942,lived,no
4943,lived,no
4944,lived,no
4945,lived,no
4946,lived,no
4947,lived,no
4948,lived,no
4949,lived,no
4950,lived,no
4951,lived,no
4952,lived,no
4953,lived,no
4954,lived,no
4955,lived,no
4956,lived,no
4957,lived,no
4958,lived,no
4959,lived,no
4960,lived,no
4961,lived,no
4962,lived,no
4963,lived,no
4964,lived,no
4965,lived,no
4966,lived,no
4967,lived,no
4968,lived,no
4969,lived,no
4970,lived,no
4971,lived,no
4972,lived,no
4973,lived,no
4974,lived,no
4975,lived,no
4976,lived,no
4977,lived,no
4978,lived,no
4979,lived,no
4980,lived,no
4981,lived,no
4982,lived,no
4983,lived,no
4984,lived,no
4985,lived,no
4986,lived,no
4987,lived,no
4988,lived,no
4989,lived,no
4990,lived,no
4991,lived,no
4992,lived,no
4993,lived,no
4994,lived,no
4995,lived,no
4996,lived,no
4997,lived,no
4998,lived,no
4999,lived,no
5000,lived,no
5001,lived,no
5002,lived,no
5003,lived,no
5004,lived,no
5005,lived,no
5006,lived,no
5007,lived,no
5008,lived,no
5009,lived,no
5010,lived,no
5011,lived,no
5012,lived,no
5013,lived,no
5014,lived,no
5015,lived,no
5016,lived,no
5017,lived,no
5018,lived,no
5019,lived,no
5020,lived,no
5021,lived,no
5022,lived,no
5023,lived,no
5024,lived,no
5025,lived,no
5026,lived,no
5027,lived,no
5028,lived,no
5029,lived,no
5030,lived,no
5031,lived,no
5032,lived,no
5033,lived,no
5034,lived,no
5035,lived,no
5036,lived,no
5037,lived,no
5038,lived,no
5039,lived,no
5040,lived,no
5041,lived,no
5042,lived,no
5043,lived,no
5044,lived,no
5045,lived,no
5046,lived,no
5047,lived,no
5048,lived,no
5049,lived,no
5050,lived,no
5051,lived,no
5052,lived,no
5053,lived,no
5054,lived,no
5055,lived,no
5056,lived,no
5057,lived,no
5058,lived,no
5059,lived,no
5060,lived,no
5061,lived,no
5062,lived,no
5063,lived,no
5064,lived,no
5065,lived,no
5066,lived,no
5067,lived,no
5068,lived,no
5069,lived,no
5070,lived,no
5071,lived,no
5072,lived,no
5073,lived,no
5074,lived,no
5075,lived,no
5076,lived,no
5077,lived,no
5078,lived,no
5079,lived,no
5080,lived,no
5081,lived,no
5082,lived,no
5083,lived,no
5084,lived,no
5085,lived,no
5086,lived,no
5087,lived,no
5088,lived,no
5089,lived,no
5090,lived,no
5091,lived,no
5092,lived,no
5093,lived,no
5094,lived,no
5095,lived,no
5096,lived,no
5097,lived,no
5098,lived,no
5099,lived,no
5100,lived,no
5101,lived,no
5102,lived,no
5103,lived,no
5104,lived,no
5105,lived,no
5106,lived,no
5107,lived,no
5108,lived,no
5109,lived,no
5110,lived,no
5111,lived,no
5112,lived,no
5113,lived,no
5114,lived,no
5115,lived,no
5116,lived,no
5117,lived,no
5118,lived,no
5119,lived,no
5120,lived,no
5121,lived,no
5122,lived,no
5123,lived,no
5124,lived,no
5125,lived,no
5126,lived,no
5127,lived,no
5128,lived,no
5129,lived,no
5130,lived,no
5131,lived,no
5132,lived,no
5133,lived,no
5134,lived,no
5135,lived,no
5136,lived,no
5137,lived,no
5138,lived,no
5139,lived,no
5140,lived,no
5141,lived,no
5142,lived,no
5143,lived,no
5144,lived,no
5145,lived,no
5146,lived,no
5147,lived,no
5148,lived,no
5149,lived,no
5150,lived,no
5151,lived,no
5152,lived,no
5153,lived,no
5154,lived,no
5155,lived,no
5156,lived,no
5157,lived,no
5158,lived,no
5159,lived,no
5160,lived,no
5161,lived,no
5162,lived,no
5163,lived,no
5164,lived,no
5165,lived,no
5166,lived,no
5167,lived,no
5168,lived,no
5169,lived,no
5170,lived,no
5171,lived,no
5172,lived,no
5173,lived,no
5174,lived,no
5175,lived,no
5176,lived,no
5177,lived,no
5178,lived,no
5179,lived,no
5180,lived,no
5181,lived,no
5182,lived,no
5183,lived,no
5184,lived,no
5185,lived,no
5186,lived,no
5187,lived,no
5188,lived,no
5189,lived,no
5190,lived,no
5191,lived,no
5192,lived,no
5193,lived,no
5194,lived,no
5195,lived,no
5196,lived,no
5197,lived,no
5198,lived,no
5199,lived,no
5200,lived,no
5201,lived,no
5202,lived,no
5203,lived,no
5204,lived,no
5205,lived,no
5206,lived,no
5207,lived,no
5208,lived,no
5209,lived,no
5210,lived,no
5211,lived,no
5212,lived,no
5213,lived,no
5214,lived,no
5215,lived,no
5216,lived,no
5217,lived,no
5218,lived,no
5219,lived,no
5220,lived,no
5221,lived,no
5222,lived,no
5223,lived,no
5224,lived,no
5225,lived,no
5226,lived,no
5227,lived,no
5228,lived,no
5229,lived,no
5230,lived,no
5231,lived,no
5232,lived,no
5233,lived,no
5234,lived,no
5235,lived,no
5236,lived,no
5237,lived,no
5238,lived,no
5239,lived,no
5240,lived,no
5241,lived,no
5242,lived,no
5243,lived,no
5244,lived,no
5245,lived,no
5246,lived,no
5247,lived,no
5248,lived,no
5249,lived,no
5250,lived,no
5251,lived,no
5252,lived,no
5253,lived,no
5254,lived,no
5255,lived,no
5256,lived,no
5257,lived,no
5258,lived,no
5259,lived,no
5260,lived,no
5261,lived,no
5262,lived,no
5263,lived,no
5264,lived,no
5265,lived,no
5266,lived,no
5267,lived,no
5268,lived,no
5269,lived,no
5270,lived,no
5271,lived,no
5272,lived,no
5273,lived,no
5274,lived,no
5275,lived,no
5276,lived,no
5277,lived,no
5278,lived,no
5279,lived,no
5280,lived,no
5281,lived,no
5282,lived,no
5283,lived,no
5284,lived,no
5285,lived,no
5286,lived,no
5287,lived,no
5288,lived,no
5289,lived,no
5290,lived,no
5291,lived,no
5292,lived,no
5293,lived,no
5294,lived,no
5295,lived,no
5296,lived,no
5297,lived,no
5298,lived,no
5299,lived,no
5300,lived,no
5301,lived,no
5302,lived,no
5303,lived,no
5304,lived,no
5305,lived,no
5306,lived,no
5307,lived,no
5308,lived,no
5309,lived,no
5310,lived,no
5311,lived,no
5312,lived,no
5313,lived,no
5314,lived,no
5315,lived,no
5316,lived,no
5317,lived,no
5318,lived,no
5319,lived,no
5320,lived,no
5321,lived,no
5322,lived,no
5323,lived,no
5324,lived,no
5325,lived,no
5326,lived,no
5327,lived,no
5328,lived,no
5329,lived,no
5330,lived,no
5331,lived,no
5332,lived,no
5333,lived,no
5334,lived,no
5335,lived,no
5336,lived,no
5337,lived,no
5338,lived,no
5339,lived,no
5340,lived,no
5341,lived,no
5342,lived,no
5343,lived,no
5344,lived,no
5345,lived,no
5346,lived,no
5347,lived,no
5348,lived,no
5349,lived,no
5350,lived,no
5351,lived,no
5352,lived,no
5353,lived,no
5354,lived,no
5355,lived,no
5356,lived,no
5357,lived,no
5358,lived,no
5359,lived,no
5360,lived,no
5361,lived,no
5362,lived,no
5363,lived,no
5364,lived,no
5365,lived,no
5366,lived,no
5367,lived,no
5368,lived,no
5369,lived,no
5370,lived,no
5371,lived,no
5372,lived,no
5373,lived,no
5374,lived,no
5375,died,yes
5376,died,yes
5377,died,yes
5378,died,yes
5379,died,yes
5380,died,yes
5381,died,no
5382,died,no
5383,died,no
5384,died,no
5385,died,no
5386,died,no
5387,died,no
5388,died,no
5389,died,no
5390,died,no
5391,died,no
5392,died,no
5393,died,no
5394,died,no
5395,died,no
5396,died,no
5397,died,no
5398,died,no
5399,died,no
5400,died,no
5401,died,no
5402,died,no
5403,died,no
5404,died,no
5405,died,no
5406,died,no
5407,died,no
5408,died,no
5409,died,no
5410,died,no
5411,died,no
5412,died,no
5413,died,no
5414,died,no
5415,died,no
5416,died,no
5417,died,no
5418,died,no
5419,died,no
5420,died,no
5421,died,no
5422,died,no
5423,died,no
5424,died,no
5425,died,no
5426,died,no
5427,died,no
5428,died,no
5429,died,no
5430,died,no
5431,died,no
5432,died,no
5433,died,no
5434,died,no
5435,died,no
5436,died,no
5437,died,no
5438,died,no
5439,died,no
5440,died,no
5441,died,no
5442,died,no
5443,died,no
5444,died,no
5445,died,no
5446,died,no
5447,died,no
5448,died,no
5449,died,no
5450,died,no
5451,died,no
5452,died,no
5453,died,no
5454,died,no
5455,died,no
5456,died,no
5457,died,no
5458,died,no
5459,died,no
5460,died,no
5461,died,no
5462,died,no
5463,died,no
5464,died,no
5465,died,no
5466,died,no
5467,died,no
5468,died,no
5469,died,no
5470,died,no
5471,died,no
5472,died,no
5473,died,no
5474,died,no
5475,died,no
5476,died,no
5477,died,no
5478,died,no
5479,died,no
5480,died,no
5481,died,no
5482,died,no
5483,died,no
5484,died,no
5485,died,no
5486,died,no
5487,died,no
5488,died,no
5489,died,no
5490,died,no
5491,died,no
5492,died,no
5493,died,no
5494,died,no
5495,died,no
5496,died,no
5497,died,no
5498,died,no
5499,died,no
5500,died,no
5501,died,no
5502,died,no
5503,died,no
5504,died,no
5505,died,no
5506,died,no
5507,died,no
5508,died,no
5509,died,no
5510,died,no
5511,died,no
5512,died,no
5513,died,no
5514,died,no
5515,died,no
5516,died,no
5517,died,no
5518,died,no
5519,died,no
5520,died,no
5521,died,no
5522,died,no
5523,died,no
5524,died,no
5525,died,no
5526,died,no
5527,died,no
5528,died,no
5529,died,no
5530,died,no
5531,died,no
5532,died,no
5533,died,no
5534,died,no
5535,died,no
5536,died,no
5537,died,no
5538,died,no
5539,died,no
5540,died,no
5541,died,no
5542,died,no
5543,died,no
5544,died,no
5545,died,no
5546,died,no
5547,died,no
5548,died,no
5549,died,no
5550,died,no
5551,died,no
5552,died,no
5553,died,no
5554,died,no
5555,died,no
5556,died,no
5557,died,no
5558,died,no
5559,died,no
5560,died,no
5561,died,no
5562,died,no
5563,died,no
5564,died,no
5565,died,no
5566,died,no
5567,died,no
5568,died,no
5569,died,no
5570,died,no
5571,died,no
5572,died,no
5573,died,no
5574,died,no
5575,died,no
5576,died,no
5577,died,no
5578,died,no
5579,died,no
5580,died,no
5581,died,no
5582,died,no
5583,died,no
5584,died,no
5585,died,no
5586,died,no
5587,died,no
5588,died,no
5589,died,no
5590,died,no
5591,died,no
5592,died,no
5593,died,no
5594,died,no
5595,died,no
5596,died,no
5597,died,no
5598,died,no
5599,died,no
5600,died,no
5601,died,no
5602,died,no
5603,died,no
5604,died,no
5605,died,no
5606,died,no
5607,died,no
5608,died,no
5609,died,no
5610,died,no
5611,died,no
5612,died,no
5613,died,no
5614,died,no
5615,died,no
5616,died,no
5617,died,no
5618,died,no
5619,died,no
5620,died,no
5621,died,no
5622,died,no
5623,died,no
5624,died,no
5625,died,no
5626,died,no
5627,died,no
5628,died,no
5629,died,no
5630,died,no
5631,died,no
5632,died,no
5633,died,no
5634,died,no
5635,died,no
5636,died,no
5637,died,no
5638,died,no
5639,died,no
5640,died,no
5641,died,no
5642,died,no
5643,died,no
5644,died,no
5645,died,no
5646,died,no
5647,died,no
5648,died,no
5649,died,no
5650,died,no
5651,died,no
5652,died,no
5653,died,no
5654,died,no
5655,died,no
5656,died,no
5657,died,no
5658,died,no
5659,died,no
5660,died,no
5661,died,no
5662,died,no
5663,died,no
5664,died,no
5665,died,no
5666,died,no
5667,died,no
5668,died,no
5669,died,no
5670,died,no
5671,died,no
5672,died,no
5673,died,no
5674,died,no
5675,died,no
5676,died,no
5677,died,no
5678,died,no
5679,died,no
5680,died,no
5681,died,no
5682,died,no
5683,died,no
5684,died,no
5685,died,no
5686,died,no
5687,died,no
5688,died,no
5689,died,no
5690,died,no
5691,died,no
5692,died,no
5693,died,no
5694,died,no
5695,died,no
5696,died,no
5697,died,no
5698,died,no
5699,died,no
5700,died,no
5701,died,no
5702,died,no
5703,died,no
5704,died,no
5705,died,no
5706,died,no
5707,died,no
5708,died,no
5709,died,no
5710,died,no
5711,died,no
5712,died,no
5713,died,no
5714,died,no
5715,died,no
5716,died,no
5717,died,no
5718,died,no
5719,died,no
5720,died,no
5721,died,no
5722,died,no
5723,died,no
5724,died,no
5725,died,no
5726,died,no
5727,died,no
5728,died,no
5729,died,no
5730,died,no
5731,died,no
5732,died,no
5733,died,no
5734,died,no
5735,died,no
5736,died,no
5737,died,no
5738,died,no
5739,died,no
5740,died,no
5741,died,no
5742,died,no
5743,died,no
5744,died,no
5745,died,no
5746,died,no
5747,died,no
5748,died,no
5749,died,no
5750,died,no
5751,died,no
5752,died,no
5753,died,no
5754,died,no
5755,died,no
5756,died,no
5757,died,no
5758,died,no
5759,died,no
5760,died,no
5761,died,no
5762,died,no
5763,died,no
5764,died,no
5765,died,no
5766,died,no
5767,died,no
5768,died,no
5769,died,no
5770,died,no
5771,died,no
5772,died,no
5773,died,no
5774,died,no
5775,died,no
5776,died,no
5777,died,no
5778,died,no
5779,died,no
5780,died,no
5781,died,no
5782,died,no
5783,died,no
5784,died,no
5785,died,no
5786,died,no
5787,died,no
5788,died,no
5789,died,no
5790,died,no
5791,died,no
5792,died,no
5793,died,no
5794,died,no
5795,died,no
5796,died,no
5797,died,no
5798,died,no
5799,died,no
5800,died,no
5801,died,no
5802,died,no
5803,died,no
5804,died,no
5805,died,no
5806,died,no
5807,died,no
5808,died,no
5809,died,no
5810,died,no
5811,died,no
5812,died,no
5813,died,no
5814,died,no
5815,died,no
5816,died,no
5817,died,no
5818,died,no
5819,died,no
5820,died,no
5821,died,no
5822,died,no
5823,died,no
5824,died,no
5825,died,no
5826,died,no
5827,died,no
5828,died,no
5829,died,no
5830,died,no
5831,died,no
5832,died,no
5833,died,no
5834,died,no
5835,died,no
5836,died,no
5837,died,no
5838,died,no
5839,died,no
5840,died,no
5841,died,no
5842,died,no
5843,died,no
5844,died,no
5845,died,no
5846,died,no
5847,died,no
5848,died,no
5849,died,no
5850,died,no
5851,died,no
5852,died,no
5853,died,no
5854,died,no
5855,died,no
5856,died,no
5857,died,no
5858,died,no
5859,died,no
5860,died,no
5861,died,no
5862,died,no
5863,died,no
5864,died,no
5865,died,no
5866,died,no
5867,died,no
5868,died,no
5869,died,no
5870,died,no
5871,died,no
5872,died,no
5873,died,no
5874,died,no
5875,died,no
5876,died,no
5877,died,no
5878,died,no
5879,died,no
5880,died,no
5881,died,no
5882,died,no
5883,died,no
5884,died,no
5885,died,no
5886,died,no
5887,died,no
5888,died,no
5889,died,no
5890,died,no
5891,died,no
5892,died,no
5893,died,no
5894,died,no
5895,died,no
5896,died,no
5897,died,no
5898,died,no
5899,died,no
5900,died,no
5901,died,no
5902,died,no
5903,died,no
5904,died,no
5905,died,no
5906,died,no
5907,died,no
5908,died,no
5909,died,no
5910,died,no
5911,died,no
5912,died,no
5913,died,no
5914,died,no
5915,died,no
5916,died,no
5917,died,no
5918,died,no
5919,died,no
5920,died,no
5921,died,no
5922,died,no
5923,died,no
5924,died,no
5925,died,no
5926,died,no
5927,died,no
5928,died,no
5929,died,no
5930,died,no
5931,died,no
5932,died,no
5933,died,no
5934,died,no
5935,died,no
5936,died,no
5937,died,no
5938,died,no
5939,died,no
5940,died,no
5941,died,no
5942,died,no
5943,died,no
5944,died,no
5945,died,no
5946,died,no
5947,died,no
5948,died,no
5949,died,no
5950,died,no
5951,died,no
5952,died,no
5953,died,no
5954,died,no
5955,died,no
5956,died,no
5957,died,no
5958,died,no
5959,died,no
5960,died,no
5961,died,no
5962,died,no
5963,died,no
5964,died,no
5965,died,no
5966,died,no
5967,died,no
5968,died,no
5969,died,no
5970,died,no
5971,died,no
5972,died,no
5973,died,no
5974,died,no
5975,died,no
5976,died,no
5977,died,no
5978,died,no
5979,died,no
5980,died,no
5981,died,no
5982,died,no
5983,died,no
5984,died,no
5985,died,no
5986,died,no
5987,died,no
5988,died,no
5989,died,no
5990,died,no
5991,died,no
5992,died,no
5993,died,no
5994,died,no
5995,died,no
5996,died,no
5997,died,no
5998,died,no
5999,died,no
6000,died,no
6001,died,no
6002,died,no
6003,died,no
6004,died,no
6005,died,no
6006,died,no
6007,died,no
6008,died,no
6009,died,no
6010,died,no
6011,died,no
6012,died,no
6013,died,no
6014,died,no
6015,died,no
6016,died,no
6017,died,no
6018,died,no
6019,died,no
6020,died,no
6021,died,no
6022,died,no
6023,died,no
6024,died,no
6025,died,no
6026,died,no
6027,died,no
6028,died,no
6029,died,no
6030,died,no
6031,died,no
6032,died,no
6033,died,no
6034,died,no
6035,died,no
6036,died,no
6037,died,no
6038,died,no
6039,died,no
6040,died,no
6041,died,no
6042,died,no
6043,died,no
6044,died,no
6045,died,no
6046,died,no
6047,died,no
6048,died,no
6049,died,no
6050,died,no
6051,died,no
6052,died,no
6053,died,no
6054,died,no
6055,died,no
6056,died,no
6057,died,no
6058,died,no
6059,died,no
6060,died,no
6061,died,no
6062,died,no
6063,died,no
6064,died,no
6065,died,no
6066,died,no
6067,died,no
6068,died,no
6069,died,no
6070,died,no
6071,died,no
6072,died,no
6073,died,no
6074,died,no
6075,died,no
6076,died,no
6077,died,no
6078,died,no
6079,died,no
6080,died,no
6081,died,no
6082,died,no
6083,died,no
6084,died,no
6085,died,no
6086,died,no
6087,died,no
6088,died,no
6089,died,no
6090,died,no
6091,died,no
6092,died,no
6093,died,no
6094,died,no
6095,died,no
6096,died,no
6097,died,no
6098,died,no
6099,died,no
6100,died,no
6101,died,no
6102,died,no
6103,died,no
6104,died,no
6105,died,no
6106,died,no
6107,died,no
6108,died,no
6109,died,no
6110,died,no
6111,died,no
6112,died,no
6113,died,no
6114,died,no
6115,died,no
6116,died,no
6117,died,no
6118,died,no
6119,died,no
6120,died,no
6121,died,no
6122,died,no
6123,died,no
6124,died,no
6125,died,no
6126,died,no
6127,died,no
6128,died,no
6129,died,no
6130,died,no
6131,died,no
6132,died,no
6133,died,no
6134,died,no
6135,died,no
6136,died,no
6137,died,no
6138,died,no
6139,died,no
6140,died,no
6141,died,no
6142,died,no
6143,died,no
6144,died,no
6145,died,no
6146,died,no
6147,died,no
6148,died,no
6149,died,no
6150,died,no
6151,died,no
6152,died,no
6153,died,no
6154,died,no
6155,died,no
6156,died,no
6157,died,no
6158,died,no
6159,died,no
6160,died,no
6161,died,no
6162,died,no
6163,died,no
6164,died,no
6165,died,no
6166,died,no
6167,died,no
6168,died,no
6169,died,no
6170,died,no
6171,died,no
6172,died,no
6173,died,no
6174,died,no
6175,died,no
6176,died,no
6177,died,no
6178,died,no
6179,died,no
6180,died,no
6181,died,no
6182,died,no
6183,died,no
6184,died,no
6185,died,no
6186,died,no
6187,died,no
6188,died,no
6189,died,no
6190,died,no
6191,died,no
6192,died,no
6193,died,no
6194,died,no
6195,died,no
6196,died,no
6197,died,no
6198,died,no
6199,died,no
6200,died,no
6201,died,no
6202,died,no
6203,died,no
6204,died,no
6205,died,no
6206,died,no
6207,died,no
6208,died,no
6209,died,no
6210,died,no
6211,died,no
6212,died,no
6213,died,no
6214,died,no
6215,died,no
6216,died,no
6217,died,no
6218,died,no
6219,died,no
6220,died,no
6221,died,no
6222,died,no
6223,died,no
6224,died,no
