rownames,item,calories,fat,carb,fiber,protein,type
1,8-Grain Roll,350,8,67,5,10,bakery
2,Apple Bran Muffin,350,9,64,7,6,bakery
3,Apple Fritter,420,20,59,0,5,bakery
4,Banana Nut Loaf,490,19,75,4,7,bakery
5,Birthday Cake Mini Doughnut,130,6,17,0,0,bakery
6,Blueberry Oat Bar,370,14,47,5,6,bakery
7,Blueberry Scone,460,22,61,2,7,bakery
8,Bountiful Blueberry Muffin,370,14,55,0,6,bakery
9,Butter Croissant ,310,18,32,0,5,bakery
10,Cheese Danish,420,25,39,0,7,bakery
11,Chocolate Chunk Cookie,380,17,51,2,4,bakery
12,Chocolate Cinnamon Bread,320,12,53,3,6,bakery
13,Chocolate Croissant,300,17,34,2,5,bakery
14,Chocolate Old-Fashioned Doughnut,420,21,57,2,5,bakery
15,Chonga Bagel,310,5,52,3,12,bakery
16,Cinnamon Chip Scone,480,18,70,3,7,bakery
17,Cranberry Orange Scone,490,18,73,2,8,bakery
18,Double Chocolate Brownie,410,24,46,3,6,bakery
19,Double Fudge Mini Doughnut,130,7,16,0,0,bakery
20,Everything with Cheese Bagel,280,2,56,2,10,bakery
21,Ginger Molasses Cookie,360,12,58,0,3,bakery
22,Iced Lemon Pound Cake,490,23,67,0,5,bakery
23,Mallorca Sweet Bread,420,25,42,0,7,bakery
24,Maple Oat Pecan Scone ,440,18,59,3,8,bakery
25,Marble Pound Cake,350,13,54,0,6,bakery
26,Marshmallow Dream Bar,210,4,43,0,0,bakery
27,Morning Bun,350,16,45,2,6,bakery
28,Multigrain Bagel,300,3,60,6,15,bakery
29,Old-Fashioned Glazed Doughnut,420,21,57,0,4,bakery
30,Outrageous Oatmeal Cookie,370,14,56,3,5,bakery
31,Petite Vanilla Bean Scone,140,5,21,0,0,bakery
32,Plain Bagel,280,1,59,2,9,bakery
33,Pumpkin Bread,390,14,61,2,6,bakery
34,Pumpkin Scone ,480,17,78,2,6,bakery
35,Raspberry Scone,480,25,59,3,8,bakery
36,Raspberry Swirl Pound Cake,430,16,69,0,4,bakery
37,Reduced-Fat Banana Chocolate Chip Coffee Cake,400,8,80,4,5,bakery
38,Reduced-Fat Cinnamon Swirl Coffee Cake,340,9,62,2,4,bakery
39,Reduced-Fat Very Berry Coffee Cake ,350,10,59,4,7,bakery
40,Starbucks Classic Coffee Cake,440,19,63,0,6,bakery
41,Zucchini Walnut Muffin ,490,28,52,2,7,bakery
42,Cheese & Fruit,480,28,39,6,18,bistro box
43,Chicken & Hummus,270,8,29,6,16,bistro box
44,Chicken Lettuce Wraps,360,19,32,4,17,bistro box
45,Chipotle Chicken Wraps,380,15,35,6,26,bistro box
46,Protein,380,19,37,5,13,bistro box
47,Salumi & Cheese,420,26,22,3,25,bistro box
48,Sesame Noodles,350,11,50,6,15,bistro box
49,Tuna Salad,380,21,25,5,23,bistro box
50,Apple Pie,180,7,27,0,2,petite
51,Birthday Cake Pop,170,9,22,0,0,petite
52,Brown Sugar Walnut Tart,190,12,24,0,2,petite
53,Cherry Pie,170,7,24,0,2,petite
54,Chocolate Creme Whoopie Pie,190,11,23,0,0,petite
55,Chocolate Hazelnut Tart,180,10,23,0,2,petite
56,Raspberry Truffle Cake Pop,160,8,24,0,2,petite
57,Red Velvet Whoopie Pie,190,11,21,0,0,petite
58,Tiramisu Cake Pop,170,9,22,0,0,petite
59,Bacon & Gouda Artisan Breakfast Sandwich,350,18,30,0,17,hot breakfast
60,Chicken Sausage Breakfast Wrap,300,10,33,5,14,hot breakfast
61,Ham & Cheddar Artisan Breakfast Sandwich,350,16,31,0,20,hot breakfast
62,Sausage & Cheddar Classic Breakfast Sandwich,500,28,41,0,19,hot breakfast
63,Spinach & Feta Breakfast Wrap,290,10,33,6,19,hot breakfast
64,Starbucks Perfect Oatmeal,140,2.5,25,4,5,hot breakfast
65,Turkey Bacon & White Cheddar Classic Breakfast Sandwich,320,7,43,3,18,hot breakfast
66,Veggie & Monterey Jack Artisan Breakfast Sandwich,350,18,30,0,17,hot breakfast
67,Deluxe Fruit Blend,80,0,20,2,0,salad
68,Chicken Santa Fe Panini,400,11,47,2,26,sandwich
69,Egg Salad Sandwich ,460,27,37,5,22,sandwich
70,Ham & Swiss Panini,360,9,43,2,28,sandwich
71,Roasted Tomato & Mozzarella Panini,390,18,44,3,15,sandwich
72,Roasted Vegetable Panini,350,12,48,4,13,sandwich
73,Tarragon Chicken Salad Sandwich,420,13,46,6,32,sandwich
74,Turkey & Swiss Sandwich,390,13,36,2,34,sandwich
75,Greek Yogurt Honey Parfait,300,12,44,0,8,parfait
76,Peach Raspberry Yogurt Parfait,300,4,57,3,10,parfait
77,Strawberry & Blueberry Yogurt Parfait,300,3.5,60,3,7,parfait
