rownames,group,outcome
1,control,died
2,control,died
3,control,died
4,control,died
5,control,died
6,control,died
7,control,died
8,control,died
9,control,died
10,control,died
11,control,died
12,control,died
13,control,died
14,control,died
15,control,died
16,control,died
17,control,died
18,control,died
19,control,died
20,control,died
21,control,died
22,control,died
23,control,died
24,control,died
25,control,died
26,control,died
27,control,died
28,control,died
29,control,died
30,control,died
31,control,died
32,control,died
33,control,died
34,control,died
35,control,died
36,control,died
37,control,died
38,control,died
39,control,died
40,control,died
41,control,died
42,control,died
43,control,died
44,control,died
45,control,died
46,control,died
47,control,died
48,control,died
49,control,died
50,control,died
51,control,died
52,control,died
53,control,died
54,control,died
55,control,died
56,control,died
57,control,died
58,control,died
59,control,died
60,control,died
61,control,lived
62,control,lived
63,control,lived
64,control,lived
65,control,lived
66,control,lived
67,control,lived
68,control,lived
69,control,lived
70,control,lived
71,control,lived
72,control,lived
73,control,lived
74,control,lived
75,control,lived
76,control,lived
77,control,lived
78,control,lived
79,control,lived
80,control,lived
81,control,lived
82,control,lived
83,control,lived
84,control,lived
85,control,lived
86,control,lived
87,control,lived
88,control,lived
89,control,lived
90,control,lived
91,control,lived
92,control,lived
93,control,lived
94,control,lived
95,control,lived
96,control,lived
97,control,lived
98,control,lived
99,control,lived
100,control,lived
101,control,lived
102,control,lived
103,control,lived
104,control,lived
105,control,lived
106,control,lived
107,control,lived
108,control,lived
109,control,lived
110,control,lived
111,control,lived
112,control,lived
113,control,lived
114,control,lived
115,control,lived
116,control,lived
117,control,lived
118,control,lived
119,control,lived
120,control,lived
121,control,lived
122,control,lived
123,control,lived
124,control,lived
125,control,lived
126,control,lived
127,control,lived
128,control,lived
129,control,lived
130,control,lived
131,control,lived
132,control,lived
133,control,lived
134,control,lived
135,control,lived
136,control,lived
137,control,lived
138,control,lived
139,control,lived
140,control,lived
141,control,lived
142,control,lived
143,control,lived
144,control,lived
145,control,lived
146,control,lived
147,control,lived
148,control,lived
149,control,lived
150,control,lived
151,control,lived
152,control,lived
153,control,lived
154,control,lived
155,control,lived
156,control,lived
157,control,lived
158,control,lived
159,control,lived
160,control,lived
161,control,lived
162,control,lived
163,control,lived
164,control,lived
165,control,lived
166,control,lived
167,control,lived
168,control,lived
169,control,lived
170,control,lived
171,control,lived
172,control,lived
173,control,lived
174,control,lived
175,control,lived
176,control,lived
177,control,lived
178,control,lived
179,control,lived
180,control,lived
181,control,lived
182,control,lived
183,control,lived
184,control,lived
185,control,lived
186,control,lived
187,control,lived
188,control,lived
189,control,lived
190,control,lived
191,control,lived
192,control,lived
193,control,lived
194,control,lived
195,control,lived
196,control,lived
197,control,lived
198,control,lived
199,control,lived
200,control,lived
201,control,lived
202,control,lived
203,control,lived
204,control,lived
205,control,lived
206,control,lived
207,control,lived
208,control,lived
209,control,lived
210,control,lived
211,control,lived
212,control,lived
213,control,lived
214,control,lived
215,control,lived
216,control,lived
217,control,lived
218,control,lived
219,control,lived
220,control,lived
221,control,lived
222,control,lived
223,control,lived
224,control,lived
225,control,lived
226,control,lived
227,control,lived
228,control,lived
229,control,lived
230,control,lived
231,control,lived
232,control,lived
233,control,lived
234,control,lived
235,control,lived
236,control,lived
237,control,lived
238,control,lived
239,control,lived
240,control,lived
241,control,lived
242,control,lived
243,control,lived
244,control,lived
245,control,lived
246,control,lived
247,control,lived
248,control,lived
249,control,lived
250,control,lived
251,control,lived
252,control,lived
253,control,lived
254,control,lived
255,control,lived
256,control,lived
257,control,lived
258,control,lived
259,control,lived
260,control,lived
261,control,lived
262,control,lived
263,control,lived
264,control,lived
265,control,lived
266,control,lived
267,control,lived
268,control,lived
269,control,lived
270,control,lived
271,control,lived
272,control,lived
273,control,lived
274,control,lived
275,control,lived
276,control,lived
277,control,lived
278,control,lived
279,control,lived
280,control,lived
281,control,lived
282,control,lived
283,control,lived
284,control,lived
285,control,lived
286,control,lived
287,control,lived
288,control,lived
289,control,lived
290,control,lived
291,control,lived
292,control,lived
293,control,lived
294,control,lived
295,control,lived
296,control,lived
297,control,lived
298,control,lived
299,control,lived
300,control,lived
301,control,lived
302,control,lived
303,control,lived
304,control,lived
305,control,lived
306,control,lived
307,control,lived
308,control,lived
309,control,lived
310,control,lived
311,control,lived
312,control,lived
313,control,lived
314,control,lived
315,control,lived
316,control,lived
317,control,lived
318,control,lived
319,control,lived
320,control,lived
321,control,lived
322,control,lived
323,control,lived
324,control,lived
325,control,lived
326,control,lived
327,control,lived
328,control,lived
329,control,lived
330,control,lived
331,control,lived
332,control,lived
333,control,lived
334,control,lived
335,control,lived
336,control,lived
337,control,lived
338,control,lived
339,control,lived
340,control,lived
341,control,lived
342,control,lived
343,control,lived
344,control,lived
345,control,lived
346,control,lived
347,control,lived
348,control,lived
349,control,lived
350,control,lived
351,control,lived
352,control,lived
353,control,lived
354,control,lived
355,control,lived
356,control,lived
357,control,lived
358,control,lived
359,control,lived
360,control,lived
361,control,lived
362,control,lived
363,control,lived
364,control,lived
365,control,lived
366,control,lived
367,control,lived
368,control,lived
369,control,lived
370,control,lived
371,control,lived
372,control,lived
373,control,lived
374,control,lived
375,control,lived
376,control,lived
377,control,lived
378,control,lived
379,control,lived
380,control,lived
381,control,lived
382,control,lived
383,control,lived
384,control,lived
385,control,lived
386,control,lived
387,control,lived
388,control,lived
389,control,lived
390,control,lived
391,control,lived
392,control,lived
393,control,lived
394,control,lived
395,control,lived
396,control,lived
397,control,lived
398,control,lived
399,control,lived
400,control,lived
401,control,lived
402,control,lived
403,control,lived
404,control,lived
405,control,lived
406,control,lived
407,control,lived
408,control,lived
409,control,lived
410,control,lived
411,control,lived
412,control,lived
413,control,lived
414,control,lived
415,control,lived
416,control,lived
417,control,lived
418,control,lived
419,control,lived
420,control,lived
421,control,lived
422,control,lived
423,control,lived
424,control,lived
425,control,lived
426,control,lived
427,control,lived
428,control,lived
429,control,lived
430,control,lived
431,control,lived
432,control,lived
433,control,lived
434,control,lived
435,control,lived
436,control,lived
437,control,lived
438,control,lived
439,control,lived
440,control,lived
441,control,lived
442,control,lived
443,control,lived
444,control,lived
445,control,lived
446,control,lived
447,control,lived
448,control,lived
449,control,lived
450,control,lived
451,control,lived
452,control,lived
453,control,lived
454,control,lived
455,control,lived
456,control,lived
457,control,lived
458,control,lived
459,control,lived
460,control,lived
461,control,lived
462,control,lived
463,control,lived
464,control,lived
465,control,lived
466,control,lived
467,control,lived
468,control,lived
469,control,lived
470,control,lived
471,control,lived
472,control,lived
473,control,lived
474,control,lived
475,control,lived
476,control,lived
477,control,lived
478,control,lived
479,control,lived
480,control,lived
481,control,lived
482,control,lived
483,control,lived
484,control,lived
485,control,lived
486,control,lived
487,control,lived
488,control,lived
489,control,lived
490,control,lived
491,control,lived
492,control,lived
493,control,lived
494,control,lived
495,control,lived
496,control,lived
497,control,lived
498,control,lived
499,control,lived
500,control,lived
501,control,lived
502,control,lived
503,control,lived
504,control,lived
505,control,lived
506,control,lived
507,control,lived
508,control,lived
509,control,lived
510,control,lived
511,control,lived
512,control,lived
513,control,lived
514,control,lived
515,control,lived
516,control,lived
517,control,lived
518,control,lived
519,control,lived
520,control,lived
521,control,lived
522,control,lived
523,control,lived
524,control,lived
525,control,lived
526,control,lived
527,control,lived
528,control,lived
529,control,lived
530,control,lived
531,control,lived
532,control,lived
533,control,lived
534,control,lived
535,control,lived
536,control,lived
537,control,lived
538,control,lived
539,control,lived
540,control,lived
541,control,lived
542,control,lived
543,control,lived
544,control,lived
545,control,lived
546,control,lived
547,control,lived
548,control,lived
549,control,lived
550,control,lived
551,control,lived
552,control,lived
553,control,lived
554,control,lived
555,control,lived
556,control,lived
557,control,lived
558,control,lived
559,control,lived
560,control,lived
561,control,lived
562,control,lived
563,control,lived
564,control,lived
565,control,lived
566,control,lived
567,control,lived
568,control,lived
569,control,lived
570,control,lived
571,control,lived
572,control,lived
573,control,lived
574,control,lived
575,control,lived
576,control,lived
577,control,lived
578,control,lived
579,control,lived
580,control,lived
581,control,lived
582,control,lived
583,control,lived
584,control,lived
585,control,lived
586,control,lived
587,control,lived
588,control,lived
589,control,lived
590,control,lived
591,control,lived
592,control,lived
593,control,lived
594,control,lived
595,control,lived
596,control,lived
597,control,lived
598,control,lived
599,control,lived
600,control,lived
601,control,lived
602,control,lived
603,control,lived
604,control,lived
605,control,lived
606,control,lived
607,control,lived
608,control,lived
609,control,lived
610,control,lived
611,control,lived
612,control,lived
613,control,lived
614,control,lived
615,control,lived
616,control,lived
617,control,lived
618,control,lived
619,control,lived
620,control,lived
621,control,lived
622,control,lived
623,control,lived
624,control,lived
625,control,lived
626,control,lived
627,control,lived
628,control,lived
629,control,lived
630,control,lived
631,control,lived
632,control,lived
633,control,lived
634,control,lived
635,control,lived
636,control,lived
637,control,lived
638,control,lived
639,control,lived
640,control,lived
641,control,lived
642,control,lived
643,control,lived
644,control,lived
645,control,lived
646,control,lived
647,control,lived
648,control,lived
649,control,lived
650,control,lived
651,control,lived
652,control,lived
653,control,lived
654,control,lived
655,control,lived
656,control,lived
657,control,lived
658,control,lived
659,control,lived
660,control,lived
661,control,lived
662,control,lived
663,control,lived
664,control,lived
665,control,lived
666,control,lived
667,control,lived
668,control,lived
669,control,lived
670,control,lived
671,control,lived
672,control,lived
673,control,lived
674,control,lived
675,control,lived
676,control,lived
677,control,lived
678,control,lived
679,control,lived
680,control,lived
681,control,lived
682,control,lived
683,control,lived
684,control,lived
685,control,lived
686,control,lived
687,control,lived
688,control,lived
689,control,lived
690,control,lived
691,control,lived
692,control,lived
693,control,lived
694,control,lived
695,control,lived
696,control,lived
697,control,lived
698,control,lived
699,control,lived
700,control,lived
701,control,lived
702,control,lived
703,control,lived
704,control,lived
705,control,lived
706,control,lived
707,control,lived
708,control,lived
709,control,lived
710,control,lived
711,control,lived
712,control,lived
713,control,lived
714,control,lived
715,control,lived
716,control,lived
717,control,lived
718,control,lived
719,control,lived
720,control,lived
721,control,lived
722,control,lived
723,control,lived
724,control,lived
725,control,lived
726,control,lived
727,control,lived
728,control,lived
729,control,lived
730,control,lived
731,control,lived
732,control,lived
733,control,lived
734,control,lived
735,control,lived
736,control,lived
737,control,lived
738,control,lived
739,control,lived
740,control,lived
741,control,lived
742,control,lived
743,treatment,died
744,treatment,died
745,treatment,died
746,treatment,died
747,treatment,died
748,treatment,died
749,treatment,died
750,treatment,died
751,treatment,died
752,treatment,died
753,treatment,died
754,treatment,died
755,treatment,died
756,treatment,died
757,treatment,died
758,treatment,died
759,treatment,died
760,treatment,died
761,treatment,died
762,treatment,died
763,treatment,died
764,treatment,died
765,treatment,died
766,treatment,died
767,treatment,died
768,treatment,died
769,treatment,died
770,treatment,died
771,treatment,died
772,treatment,died
773,treatment,died
774,treatment,died
775,treatment,died
776,treatment,died
777,treatment,died
778,treatment,died
779,treatment,died
780,treatment,died
781,treatment,died
782,treatment,died
783,treatment,died
784,treatment,lived
785,treatment,lived
786,treatment,lived
787,treatment,lived
788,treatment,lived
789,treatment,lived
790,treatment,lived
791,treatment,lived
792,treatment,lived
793,treatment,lived
794,treatment,lived
795,treatment,lived
796,treatment,lived
797,treatment,lived
798,treatment,lived
799,treatment,lived
800,treatment,lived
801,treatment,lived
802,treatment,lived
803,treatment,lived
804,treatment,lived
805,treatment,lived
806,treatment,lived
807,treatment,lived
808,treatment,lived
809,treatment,lived
810,treatment,lived
811,treatment,lived
812,treatment,lived
813,treatment,lived
814,treatment,lived
815,treatment,lived
816,treatment,lived
817,treatment,lived
818,treatment,lived
819,treatment,lived
820,treatment,lived
821,treatment,lived
822,treatment,lived
823,treatment,lived
824,treatment,lived
825,treatment,lived
826,treatment,lived
827,treatment,lived
828,treatment,lived
829,treatment,lived
830,treatment,lived
831,treatment,lived
832,treatment,lived
833,treatment,lived
834,treatment,lived
835,treatment,lived
836,treatment,lived
837,treatment,lived
838,treatment,lived
839,treatment,lived
840,treatment,lived
841,treatment,lived
842,treatment,lived
843,treatment,lived
844,treatment,lived
845,treatment,lived
846,treatment,lived
847,treatment,lived
848,treatment,lived
849,treatment,lived
850,treatment,lived
851,treatment,lived
852,treatment,lived
853,treatment,lived
854,treatment,lived
855,treatment,lived
856,treatment,lived
857,treatment,lived
858,treatment,lived
859,treatment,lived
860,treatment,lived
861,treatment,lived
862,treatment,lived
863,treatment,lived
864,treatment,lived
865,treatment,lived
866,treatment,lived
867,treatment,lived
868,treatment,lived
869,treatment,lived
870,treatment,lived
871,treatment,lived
872,treatment,lived
873,treatment,lived
874,treatment,lived
875,treatment,lived
876,treatment,lived
877,treatment,lived
878,treatment,lived
879,treatment,lived
880,treatment,lived
881,treatment,lived
882,treatment,lived
883,treatment,lived
884,treatment,lived
885,treatment,lived
886,treatment,lived
887,treatment,lived
888,treatment,lived
889,treatment,lived
890,treatment,lived
891,treatment,lived
892,treatment,lived
893,treatment,lived
894,treatment,lived
895,treatment,lived
896,treatment,lived
897,treatment,lived
898,treatment,lived
899,treatment,lived
900,treatment,lived
901,treatment,lived
902,treatment,lived
903,treatment,lived
904,treatment,lived
905,treatment,lived
906,treatment,lived
907,treatment,lived
908,treatment,lived
909,treatment,lived
910,treatment,lived
911,treatment,lived
912,treatment,lived
913,treatment,lived
914,treatment,lived
915,treatment,lived
916,treatment,lived
917,treatment,lived
918,treatment,lived
919,treatment,lived
920,treatment,lived
921,treatment,lived
922,treatment,lived
923,treatment,lived
924,treatment,lived
925,treatment,lived
926,treatment,lived
927,treatment,lived
928,treatment,lived
929,treatment,lived
930,treatment,lived
931,treatment,lived
932,treatment,lived
933,treatment,lived
934,treatment,lived
935,treatment,lived
936,treatment,lived
937,treatment,lived
938,treatment,lived
939,treatment,lived
940,treatment,lived
941,treatment,lived
942,treatment,lived
943,treatment,lived
944,treatment,lived
945,treatment,lived
946,treatment,lived
947,treatment,lived
948,treatment,lived
949,treatment,lived
950,treatment,lived
951,treatment,lived
952,treatment,lived
953,treatment,lived
954,treatment,lived
955,treatment,lived
956,treatment,lived
957,treatment,lived
958,treatment,lived
959,treatment,lived
960,treatment,lived
961,treatment,lived
962,treatment,lived
963,treatment,lived
964,treatment,lived
965,treatment,lived
966,treatment,lived
967,treatment,lived
968,treatment,lived
969,treatment,lived
970,treatment,lived
971,treatment,lived
972,treatment,lived
973,treatment,lived
974,treatment,lived
975,treatment,lived
976,treatment,lived
977,treatment,lived
978,treatment,lived
979,treatment,lived
980,treatment,lived
981,treatment,lived
982,treatment,lived
983,treatment,lived
984,treatment,lived
985,treatment,lived
986,treatment,lived
987,treatment,lived
988,treatment,lived
989,treatment,lived
990,treatment,lived
991,treatment,lived
992,treatment,lived
993,treatment,lived
994,treatment,lived
995,treatment,lived
996,treatment,lived
997,treatment,lived
998,treatment,lived
999,treatment,lived
1000,treatment,lived
1001,treatment,lived
1002,treatment,lived
1003,treatment,lived
1004,treatment,lived
1005,treatment,lived
1006,treatment,lived
1007,treatment,lived
1008,treatment,lived
1009,treatment,lived
1010,treatment,lived
1011,treatment,lived
1012,treatment,lived
1013,treatment,lived
1014,treatment,lived
1015,treatment,lived
1016,treatment,lived
1017,treatment,lived
1018,treatment,lived
1019,treatment,lived
1020,treatment,lived
1021,treatment,lived
1022,treatment,lived
1023,treatment,lived
1024,treatment,lived
1025,treatment,lived
1026,treatment,lived
1027,treatment,lived
1028,treatment,lived
1029,treatment,lived
1030,treatment,lived
1031,treatment,lived
1032,treatment,lived
1033,treatment,lived
1034,treatment,lived
1035,treatment,lived
1036,treatment,lived
1037,treatment,lived
1038,treatment,lived
1039,treatment,lived
1040,treatment,lived
1041,treatment,lived
1042,treatment,lived
1043,treatment,lived
1044,treatment,lived
1045,treatment,lived
1046,treatment,lived
1047,treatment,lived
1048,treatment,lived
1049,treatment,lived
1050,treatment,lived
1051,treatment,lived
1052,treatment,lived
1053,treatment,lived
1054,treatment,lived
1055,treatment,lived
1056,treatment,lived
1057,treatment,lived
1058,treatment,lived
1059,treatment,lived
1060,treatment,lived
1061,treatment,lived
1062,treatment,lived
1063,treatment,lived
1064,treatment,lived
1065,treatment,lived
1066,treatment,lived
1067,treatment,lived
1068,treatment,lived
1069,treatment,lived
1070,treatment,lived
1071,treatment,lived
1072,treatment,lived
1073,treatment,lived
1074,treatment,lived
1075,treatment,lived
1076,treatment,lived
1077,treatment,lived
1078,treatment,lived
1079,treatment,lived
1080,treatment,lived
1081,treatment,lived
1082,treatment,lived
1083,treatment,lived
1084,treatment,lived
1085,treatment,lived
1086,treatment,lived
1087,treatment,lived
1088,treatment,lived
1089,treatment,lived
1090,treatment,lived
1091,treatment,lived
1092,treatment,lived
1093,treatment,lived
1094,treatment,lived
1095,treatment,lived
1096,treatment,lived
1097,treatment,lived
1098,treatment,lived
1099,treatment,lived
1100,treatment,lived
1101,treatment,lived
1102,treatment,lived
1103,treatment,lived
1104,treatment,lived
1105,treatment,lived
1106,treatment,lived
1107,treatment,lived
1108,treatment,lived
1109,treatment,lived
1110,treatment,lived
1111,treatment,lived
1112,treatment,lived
1113,treatment,lived
1114,treatment,lived
1115,treatment,lived
1116,treatment,lived
1117,treatment,lived
1118,treatment,lived
1119,treatment,lived
1120,treatment,lived
1121,treatment,lived
1122,treatment,lived
1123,treatment,lived
1124,treatment,lived
1125,treatment,lived
1126,treatment,lived
1127,treatment,lived
1128,treatment,lived
1129,treatment,lived
1130,treatment,lived
1131,treatment,lived
1132,treatment,lived
1133,treatment,lived
1134,treatment,lived
1135,treatment,lived
1136,treatment,lived
1137,treatment,lived
1138,treatment,lived
1139,treatment,lived
1140,treatment,lived
1141,treatment,lived
1142,treatment,lived
1143,treatment,lived
1144,treatment,lived
1145,treatment,lived
1146,treatment,lived
1147,treatment,lived
1148,treatment,lived
1149,treatment,lived
1150,treatment,lived
1151,treatment,lived
1152,treatment,lived
1153,treatment,lived
1154,treatment,lived
1155,treatment,lived
1156,treatment,lived
1157,treatment,lived
1158,treatment,lived
1159,treatment,lived
1160,treatment,lived
1161,treatment,lived
1162,treatment,lived
1163,treatment,lived
1164,treatment,lived
1165,treatment,lived
1166,treatment,lived
1167,treatment,lived
1168,treatment,lived
1169,treatment,lived
1170,treatment,lived
1171,treatment,lived
1172,treatment,lived
1173,treatment,lived
1174,treatment,lived
1175,treatment,lived
1176,treatment,lived
1177,treatment,lived
1178,treatment,lived
1179,treatment,lived
1180,treatment,lived
1181,treatment,lived
1182,treatment,lived
1183,treatment,lived
1184,treatment,lived
1185,treatment,lived
1186,treatment,lived
1187,treatment,lived
1188,treatment,lived
1189,treatment,lived
1190,treatment,lived
1191,treatment,lived
1192,treatment,lived
1193,treatment,lived
1194,treatment,lived
1195,treatment,lived
1196,treatment,lived
1197,treatment,lived
1198,treatment,lived
1199,treatment,lived
1200,treatment,lived
1201,treatment,lived
1202,treatment,lived
1203,treatment,lived
1204,treatment,lived
1205,treatment,lived
1206,treatment,lived
1207,treatment,lived
1208,treatment,lived
1209,treatment,lived
1210,treatment,lived
1211,treatment,lived
1212,treatment,lived
1213,treatment,lived
1214,treatment,lived
1215,treatment,lived
1216,treatment,lived
1217,treatment,lived
1218,treatment,lived
1219,treatment,lived
1220,treatment,lived
1221,treatment,lived
1222,treatment,lived
1223,treatment,lived
1224,treatment,lived
1225,treatment,lived
1226,treatment,lived
1227,treatment,lived
1228,treatment,lived
1229,treatment,lived
1230,treatment,lived
1231,treatment,lived
1232,treatment,lived
1233,treatment,lived
1234,treatment,lived
1235,treatment,lived
1236,treatment,lived
1237,treatment,lived
1238,treatment,lived
1239,treatment,lived
1240,treatment,lived
1241,treatment,lived
1242,treatment,lived
1243,treatment,lived
1244,treatment,lived
1245,treatment,lived
1246,treatment,lived
1247,treatment,lived
1248,treatment,lived
1249,treatment,lived
1250,treatment,lived
1251,treatment,lived
1252,treatment,lived
1253,treatment,lived
1254,treatment,lived
1255,treatment,lived
1256,treatment,lived
1257,treatment,lived
1258,treatment,lived
1259,treatment,lived
1260,treatment,lived
1261,treatment,lived
1262,treatment,lived
1263,treatment,lived
1264,treatment,lived
1265,treatment,lived
1266,treatment,lived
1267,treatment,lived
1268,treatment,lived
1269,treatment,lived
1270,treatment,lived
1271,treatment,lived
1272,treatment,lived
1273,treatment,lived
1274,treatment,lived
1275,treatment,lived
1276,treatment,lived
1277,treatment,lived
1278,treatment,lived
1279,treatment,lived
1280,treatment,lived
1281,treatment,lived
1282,treatment,lived
1283,treatment,lived
1284,treatment,lived
1285,treatment,lived
1286,treatment,lived
1287,treatment,lived
1288,treatment,lived
1289,treatment,lived
1290,treatment,lived
1291,treatment,lived
1292,treatment,lived
1293,treatment,lived
1294,treatment,lived
1295,treatment,lived
1296,treatment,lived
1297,treatment,lived
1298,treatment,lived
1299,treatment,lived
1300,treatment,lived
1301,treatment,lived
1302,treatment,lived
1303,treatment,lived
1304,treatment,lived
1305,treatment,lived
1306,treatment,lived
1307,treatment,lived
1308,treatment,lived
1309,treatment,lived
1310,treatment,lived
1311,treatment,lived
1312,treatment,lived
1313,treatment,lived
1314,treatment,lived
1315,treatment,lived
1316,treatment,lived
1317,treatment,lived
1318,treatment,lived
1319,treatment,lived
1320,treatment,lived
1321,treatment,lived
1322,treatment,lived
1323,treatment,lived
1324,treatment,lived
1325,treatment,lived
1326,treatment,lived
1327,treatment,lived
1328,treatment,lived
1329,treatment,lived
1330,treatment,lived
1331,treatment,lived
1332,treatment,lived
1333,treatment,lived
1334,treatment,lived
1335,treatment,lived
1336,treatment,lived
1337,treatment,lived
1338,treatment,lived
1339,treatment,lived
1340,treatment,lived
1341,treatment,lived
1342,treatment,lived
1343,treatment,lived
1344,treatment,lived
1345,treatment,lived
1346,treatment,lived
1347,treatment,lived
1348,treatment,lived
1349,treatment,lived
1350,treatment,lived
1351,treatment,lived
1352,treatment,lived
1353,treatment,lived
1354,treatment,lived
1355,treatment,lived
1356,treatment,lived
1357,treatment,lived
1358,treatment,lived
1359,treatment,lived
1360,treatment,lived
1361,treatment,lived
1362,treatment,lived
1363,treatment,lived
1364,treatment,lived
1365,treatment,lived
1366,treatment,lived
1367,treatment,lived
1368,treatment,lived
1369,treatment,lived
1370,treatment,lived
1371,treatment,lived
1372,treatment,lived
1373,treatment,lived
1374,treatment,lived
1375,treatment,lived
1376,treatment,lived
1377,treatment,lived
1378,treatment,lived
1379,treatment,lived
1380,treatment,lived
1381,treatment,lived
1382,treatment,lived
1383,treatment,lived
1384,treatment,lived
1385,treatment,lived
1386,treatment,lived
1387,treatment,lived
1388,treatment,lived
1389,treatment,lived
1390,treatment,lived
1391,treatment,lived
1392,treatment,lived
1393,treatment,lived
1394,treatment,lived
1395,treatment,lived
1396,treatment,lived
1397,treatment,lived
1398,treatment,lived
1399,treatment,lived
1400,treatment,lived
1401,treatment,lived
1402,treatment,lived
1403,treatment,lived
1404,treatment,lived
1405,treatment,lived
1406,treatment,lived
1407,treatment,lived
1408,treatment,lived
1409,treatment,lived
1410,treatment,lived
1411,treatment,lived
1412,treatment,lived
1413,treatment,lived
1414,treatment,lived
1415,treatment,lived
1416,treatment,lived
1417,treatment,lived
1418,treatment,lived
1419,treatment,lived
1420,treatment,lived
1421,treatment,lived
1422,treatment,lived
1423,treatment,lived
1424,treatment,lived
1425,treatment,lived
1426,treatment,lived
1427,treatment,lived
1428,treatment,lived
1429,treatment,lived
1430,treatment,lived
1431,treatment,lived
1432,treatment,lived
1433,treatment,lived
1434,treatment,lived
1435,treatment,lived
1436,treatment,lived
1437,treatment,lived
1438,treatment,lived
1439,treatment,lived
1440,treatment,lived
1441,treatment,lived
1442,treatment,lived
1443,treatment,lived
1444,treatment,lived
1445,treatment,lived
1446,treatment,lived
1447,treatment,lived
1448,treatment,lived
1449,treatment,lived
1450,treatment,lived
1451,treatment,lived
1452,treatment,lived
1453,treatment,lived
1454,treatment,lived
1455,treatment,lived
1456,treatment,lived
1457,treatment,lived
1458,treatment,lived
1459,treatment,lived
1460,treatment,lived
1461,treatment,lived
1462,treatment,lived
1463,treatment,lived
1464,treatment,lived
1465,treatment,lived
1466,treatment,lived
1467,treatment,lived
1468,treatment,lived
1469,treatment,lived
1470,treatment,lived
1471,treatment,lived
1472,treatment,lived
1473,treatment,lived
1474,treatment,lived
1475,treatment,lived
