rownames,answer
1,approve
2,approve
3,approve
4,approve
5,approve
6,approve
7,approve
8,approve
9,approve
10,approve
11,approve
12,approve
13,approve
14,approve
15,approve
16,approve
17,approve
18,approve
19,approve
20,approve
21,approve
22,approve
23,approve
24,approve
25,approve
26,approve
27,approve
28,approve
29,approve
30,approve
31,approve
32,approve
33,approve
34,approve
35,approve
36,approve
37,approve
38,approve
39,approve
40,approve
41,approve
42,approve
43,approve
44,approve
45,approve
46,approve
47,approve
48,approve
49,approve
50,approve
51,approve
52,approve
53,approve
54,approve
55,approve
56,approve
57,approve
58,approve
59,approve
60,approve
61,approve
62,approve
63,approve
64,approve
65,approve
66,approve
67,approve
68,approve
69,approve
70,approve
71,approve
72,approve
73,approve
74,approve
75,approve
76,approve
77,approve
78,approve
79,approve
80,approve
81,approve
82,approve
83,approve
84,approve
85,approve
86,approve
87,approve
88,approve
89,approve
90,approve
91,approve
92,approve
93,approve
94,approve
95,approve
96,approve
97,approve
98,approve
99,approve
100,approve
101,approve
102,approve
103,approve
104,approve
105,approve
106,approve
107,approve
108,approve
109,approve
110,approve
111,approve
112,approve
113,approve
114,approve
115,approve
116,approve
117,approve
118,approve
119,approve
120,approve
121,approve
122,approve
123,approve
124,approve
125,approve
126,approve
127,approve
128,approve
129,approve
130,approve
131,approve
132,approve
133,approve
134,approve
135,approve
136,approve
137,approve
138,approve
139,approve
140,approve
141,approve
142,approve
143,approve
144,approve
145,approve
146,approve
147,approve
148,approve
149,approve
150,approve
151,approve
152,approve
153,approve
154,approve
155,approve
156,approve
157,approve
158,approve
159,approve
160,approve
161,approve
162,approve
163,approve
164,approve
165,approve
166,approve
167,approve
168,approve
169,approve
170,approve
171,approve
172,approve
173,approve
174,approve
175,approve
176,approve
177,approve
178,approve
179,approve
180,approve
181,approve
182,approve
183,approve
184,approve
185,approve
186,approve
187,approve
188,approve
189,approve
190,approve
191,approve
192,approve
193,approve
194,approve
195,approve
196,approve
197,approve
198,approve
199,approve
200,approve
201,approve
202,approve
203,approve
204,approve
205,approve
206,approve
207,approve
208,approve
209,approve
210,approve
211,approve
212,approve
213,approve
214,approve
215,approve
216,approve
217,approve
218,approve
219,approve
220,approve
221,approve
222,approve
223,approve
224,approve
225,approve
226,approve
227,approve
228,approve
229,approve
230,approve
231,approve
232,approve
233,approve
234,approve
235,approve
236,approve
237,approve
238,approve
239,approve
240,approve
241,approve
242,approve
243,approve
244,approve
245,approve
246,approve
247,approve
248,approve
249,approve
250,approve
251,approve
252,approve
253,approve
254,approve
255,approve
256,approve
257,approve
258,approve
259,approve
260,approve
261,approve
262,approve
263,approve
264,approve
265,approve
266,approve
267,approve
268,approve
269,approve
270,approve
271,approve
272,approve
273,approve
274,approve
275,approve
276,approve
277,approve
278,approve
279,approve
280,approve
281,approve
282,approve
283,approve
284,approve
285,approve
286,approve
287,approve
288,approve
289,approve
290,approve
291,approve
292,approve
293,approve
294,approve
295,approve
296,approve
297,approve
298,approve
299,approve
300,approve
301,approve
302,approve
303,approve
304,approve
305,approve
306,approve
307,approve
308,approve
309,approve
310,approve
311,approve
312,approve
313,approve
314,approve
315,approve
316,approve
317,approve
318,approve
319,approve
320,approve
321,approve
322,approve
323,approve
324,approve
325,approve
326,approve
327,approve
328,approve
329,approve
330,approve
331,approve
332,approve
333,approve
334,approve
335,approve
336,approve
337,approve
338,approve
339,approve
340,approve
341,approve
342,approve
343,approve
344,approve
345,approve
346,approve
347,approve
348,approve
349,approve
350,approve
351,approve
352,approve
353,approve
354,approve
355,approve
356,approve
357,approve
358,approve
359,approve
360,approve
361,approve
362,approve
363,approve
364,approve
365,approve
366,approve
367,approve
368,approve
369,approve
370,approve
371,approve
372,approve
373,approve
374,approve
375,approve
376,approve
377,approve
378,approve
379,approve
380,approve
381,approve
382,approve
383,approve
384,approve
385,approve
386,approve
387,approve
388,approve
389,approve
390,approve
391,approve
392,approve
393,approve
394,approve
395,approve
396,approve
397,approve
398,approve
399,approve
400,approve
401,approve
402,approve
403,approve
404,approve
405,approve
406,approve
407,approve
408,approve
409,approve
410,approve
411,approve
412,approve
413,approve
414,approve
415,approve
416,approve
417,approve
418,approve
419,approve
420,approve
421,approve
422,approve
423,approve
424,approve
425,approve
426,approve
427,approve
428,approve
429,approve
430,not
431,not
432,not
433,not
434,not
435,not
436,not
437,not
438,not
439,not
440,not
441,not
442,not
443,not
444,not
445,not
446,not
447,not
448,not
449,not
450,not
451,not
452,not
453,not
454,not
455,not
456,not
457,not
458,not
459,not
460,not
461,not
462,not
463,not
464,not
465,not
466,not
467,not
468,not
469,not
470,not
471,not
472,not
473,not
474,not
475,not
476,not
477,not
478,not
479,not
480,not
481,not
482,not
483,not
484,not
485,not
486,not
487,not
488,not
489,not
490,not
491,not
492,not
493,not
494,not
495,not
496,not
497,not
498,not
499,not
500,not
501,not
502,not
503,not
504,not
505,not
506,not
507,not
508,not
509,not
510,not
511,not
512,not
513,not
514,not
515,not
516,not
517,not
518,not
519,not
520,not
521,not
522,not
523,not
524,not
525,not
526,not
527,not
528,not
529,not
530,not
531,not
532,not
533,not
534,not
535,not
536,not
537,not
538,not
539,not
540,not
541,not
542,not
543,not
544,not
545,not
546,not
547,not
548,not
549,not
550,not
551,not
552,not
553,not
554,not
555,not
556,not
557,not
558,not
559,not
560,not
561,not
562,not
563,not
564,not
565,not
566,not
567,not
568,not
569,not
570,not
571,not
572,not
573,not
574,not
575,not
576,not
577,not
578,not
579,not
580,not
581,not
582,not
583,not
584,not
585,not
586,not
587,not
588,not
589,not
590,not
591,not
592,not
593,not
594,not
595,not
596,not
597,not
598,not
599,not
600,not
601,not
602,not
603,not
604,not
605,not
606,not
607,not
608,not
609,not
610,not
611,not
612,not
613,not
614,not
615,not
616,not
617,not
618,not
619,not
620,not
621,not
622,not
623,not
624,not
625,not
626,not
627,not
628,not
629,not
630,not
631,not
632,not
633,not
634,not
635,not
636,not
637,not
638,not
639,not
640,not
641,not
642,not
643,not
644,not
645,not
646,not
647,not
648,not
649,not
650,not
651,not
652,not
653,not
654,not
655,not
656,not
657,not
658,not
659,not
660,not
661,not
662,not
663,not
664,not
665,not
666,not
667,not
668,not
669,not
670,not
671,not
672,not
673,not
674,not
675,not
676,not
677,not
678,not
679,not
680,not
681,not
682,not
683,not
684,not
685,not
686,not
687,not
688,not
689,not
690,not
691,not
692,not
693,not
694,not
695,not
696,not
697,not
698,not
699,not
700,not
701,not
702,not
703,not
704,not
705,not
706,not
707,not
708,not
709,not
710,not
711,not
712,not
713,not
714,not
715,not
716,not
717,not
718,not
719,not
720,not
721,not
722,not
723,not
724,not
725,not
726,not
727,not
728,not
729,not
730,not
731,not
732,not
733,not
734,not
735,not
736,not
737,not
738,not
739,not
740,not
741,not
742,not
743,not
744,not
745,not
746,not
747,not
748,not
749,not
750,not
751,not
752,not
753,not
754,not
755,not
756,not
757,not
758,not
759,not
760,not
761,not
762,not
763,not
764,not
765,not
766,not
767,not
768,not
769,not
770,not
771,not
772,not
773,not
774,not
775,not
776,not
777,not
778,not
779,not
780,not
781,not
782,not
783,not
784,not
785,not
786,not
787,not
788,not
789,not
790,not
791,not
792,not
793,not
794,not
795,not
796,not
797,not
798,not
799,not
800,not
801,not
802,not
803,not
804,not
805,not
806,not
807,not
808,not
809,not
810,not
811,not
812,not
813,not
814,not
815,not
816,not
817,not
818,not
819,not
820,not
821,not
822,not
823,not
824,not
825,not
826,not
827,not
828,not
829,not
830,not
831,not
832,not
833,not
834,not
835,not
836,not
837,not
838,not
839,not
840,not
841,not
842,not
843,not
844,not
845,not
846,not
847,not
848,not
849,not
850,not
851,not
852,not
853,not
854,not
855,not
856,not
857,not
858,not
859,not
860,not
861,not
862,not
863,not
864,not
865,not
866,not
867,not
868,not
869,not
870,not
871,not
872,not
873,not
874,not
875,not
876,not
877,not
878,not
879,not
880,not
881,not
882,not
883,not
884,not
885,not
886,not
887,not
888,not
889,not
890,not
891,not
892,not
893,not
894,not
895,not
896,not
897,not
898,not
899,not
900,not
901,not
902,not
903,not
904,not
905,not
906,not
907,not
908,not
909,not
910,not
911,not
912,not
913,not
914,not
915,not
916,not
917,not
918,not
919,not
920,not
921,not
922,not
923,not
924,not
925,not
926,not
927,not
928,not
929,not
930,not
931,not
932,not
933,not
934,not
935,not
936,not
937,not
938,not
939,not
940,not
941,not
942,not
943,not
944,not
945,not
946,not
947,not
948,not
949,not
950,not
951,not
952,not
953,not
954,not
955,not
956,not
957,not
958,not
959,not
960,not
961,not
962,not
963,not
964,not
965,not
966,not
967,not
968,not
969,not
970,not
971,not
972,not
973,not
974,not
975,not
976,not
