rownames,outcome
1,complications
2,complications
3,complications
4,okay
5,okay
6,okay
7,okay
8,okay
9,okay
10,okay
11,okay
12,okay
13,okay
14,okay
15,okay
16,okay
17,okay
18,okay
19,okay
20,okay
21,okay
22,okay
23,okay
24,okay
25,okay
26,okay
27,okay
28,okay
29,okay
30,okay
31,okay
32,okay
33,okay
34,okay
35,okay
36,okay
37,okay
38,okay
39,okay
40,okay
41,okay
42,okay
43,okay
44,okay
45,okay
46,okay
47,okay
48,okay
49,okay
50,okay
51,okay
52,okay
53,okay
54,okay
55,okay
56,okay
57,okay
58,okay
59,okay
60,okay
61,okay
62,okay
